Date,Cloud Provider,Service Name,Region,Department,Cost (USD),Usage Quantity
2025-01-01,AWS,CloudFront,eu-west-1,QA,10.37,36.43
2025-01-01,AWS,EBS,us-west-2,Engineering,9.54,18.36
2025-01-01,AWS,EBS,eu-west-1,Engineering,14.37,30.84
2025-01-01,AWS,EBS,ap-south-1,Finance,9.33,32.39
2025-01-01,AWS,EC2,us-east-1,DevOps,33.71,103.47
2025-01-01,AWS,EC2,us-west-2,Marketing,31.35,83.72
2025-01-01,AWS,EC2,eu-west-1,Finance,32.5,80.59
2025-01-01,AWS,Lambda,us-west-2,DevOps,3.64,6.42
2025-01-01,AWS,Lambda,eu-west-1,QA,3.58,10.25
2025-01-01,AWS,Lambda,ap-south-1,Marketing,5.07,7.44
2025-01-01,AWS,RDS,us-east-1,Engineering,27.57,78.02
2025-01-01,AWS,RDS,us-west-2,Finance,29.24,104.63
2025-01-01,AWS,RDS,eu-west-1,QA,41.04,123.05
2025-01-01,AWS,RDS,ap-south-1,Engineering,38.03,57.71
2025-01-01,AWS,S3,us-east-1,DevOps,8.14,18.62
2025-01-01,AWS,S3,us-west-2,Marketing,7.37,24.01
2025-01-01,AWS,S3,eu-west-1,Engineering,4.7,18.74
2025-01-01,AWS,S3,ap-south-1,QA,8.56,21.0
2025-01-01,Azure,Blob Storage,East US,DevOps,10.35,35.82
2025-01-01,Azure,Blob Storage,West Europe,Engineering,9.48,24.63
2025-01-01,Azure,Blob Storage,Southeast Asia,Engineering,11.17,37.55
2025-01-01,Azure,CDN,East US,Data Science,10.0,20.92
2025-01-01,Azure,CDN,Southeast Asia,Engineering,9.75,23.26
2025-01-01,Azure,Functions,Central India,QA,7.38,18.45
2025-01-01,Azure,Functions,Southeast Asia,QA,8.19,20.8
2025-01-01,Azure,SQL Database,East US,QA,28.92,88.86
2025-01-01,Azure,SQL Database,Central India,DevOps,46.27,166.89
2025-01-01,Azure,Virtual Machines,East US,DevOps,44.39,69.15
2025-01-01,Azure,Virtual Machines,West Europe,QA,49.85,169.24
2025-01-01,Azure,Virtual Machines,Central India,Data Science,42.46,138.54
2025-01-01,Azure,Virtual Machines,Southeast Asia,Marketing,40.55,81.12
2025-01-01,GCP,BigQuery,us-central1,QA,25.56,77.76
2025-01-01,GCP,BigQuery,europe-west1,DevOps,16.89,24.36
2025-01-01,GCP,Cloud CDN,us-central1,Finance,12.21,30.71
2025-01-01,GCP,Cloud Functions,us-central1,DevOps,6.08,15.63
2025-01-01,GCP,Cloud Functions,asia-south1,Finance,3.76,8.86
2025-01-01,GCP,Cloud Storage,us-central1,DevOps,8.27,29.46
2025-01-01,GCP,Cloud Storage,europe-west1,DevOps,6.33,21.85
2025-01-01,GCP,Cloud Storage,asia-south1,DevOps,11.11,21.35
2025-01-01,GCP,Compute Engine,us-central1,Finance,36.32,72.98
2025-01-01,GCP,Compute Engine,europe-west1,Finance,44.31,88.49
2025-01-01,GCP,Compute Engine,asia-south1,Marketing,62.65,160.71
2025-01-02,AWS,CloudFront,eu-west-1,QA,11.03,35.41
2025-01-02,AWS,EBS,us-west-2,Engineering,10.39,19.86
2025-01-02,AWS,EBS,eu-west-1,Engineering,14.83,29.73
2025-01-02,AWS,EBS,ap-south-1,Finance,8.02,32.82
2025-01-02,AWS,EC2,us-east-1,DevOps,44.06,135.94
2025-01-02,AWS,EC2,us-west-2,Marketing,35.54,93.35
2025-01-02,AWS,EC2,eu-west-1,Finance,34.35,94.24
2025-01-02,AWS,Lambda,us-west-2,DevOps,3.81,6.73
2025-01-02,AWS,Lambda,eu-west-1,QA,3.76,10.06
2025-01-02,AWS,Lambda,ap-south-1,Marketing,4.39,7.01
2025-01-02,AWS,RDS,us-east-1,Engineering,32.19,106.69
2025-01-02,AWS,RDS,us-west-2,Finance,31.17,117.84
2025-01-02,AWS,RDS,eu-west-1,QA,36.53,111.59
2025-01-02,AWS,RDS,ap-south-1,Engineering,39.19,65.31
2025-01-02,AWS,S3,us-east-1,DevOps,7.48,14.68
2025-01-02,AWS,S3,us-west-2,Marketing,6.71,24.05
2025-01-02,AWS,S3,eu-west-1,Engineering,5.82,22.07
2025-01-02,AWS,S3,ap-south-1,QA,10.36,23.92
2025-01-02,Azure,Blob Storage,East US,DevOps,11.04,42.78
2025-01-02,Azure,Blob Storage,West Europe,Engineering,7.94,21.82
2025-01-02,Azure,Blob Storage,Southeast Asia,Engineering,12.57,41.93
2025-01-02,Azure,CDN,East US,Data Science,10.66,24.72
2025-01-02,Azure,CDN,Southeast Asia,Engineering,9.47,23.32
2025-01-02,Azure,Functions,Central India,QA,7.14,18.12
2025-01-02,Azure,Functions,Southeast Asia,QA,7.11,16.77
2025-01-02,Azure,SQL Database,East US,QA,32.78,97.23
2025-01-02,Azure,SQL Database,Central India,DevOps,38.41,129.7
2025-01-02,Azure,Virtual Machines,East US,DevOps,41.95,68.3
2025-01-02,Azure,Virtual Machines,West Europe,QA,47.83,145.56
2025-01-02,Azure,Virtual Machines,Central India,Data Science,39.6,116.31
2025-01-02,Azure,Virtual Machines,Southeast Asia,Marketing,47.16,84.5
2025-01-02,GCP,BigQuery,us-central1,QA,24.5,79.03
2025-01-02,GCP,BigQuery,europe-west1,DevOps,16.03,22.54
2025-01-02,GCP,Cloud CDN,us-central1,Finance,11.79,31.17
2025-01-02,GCP,Cloud Functions,us-central1,DevOps,6.6,15.14
2025-01-02,GCP,Cloud Functions,asia-south1,Finance,4.36,10.78
2025-01-02,GCP,Cloud Storage,us-central1,DevOps,7.9,28.29
2025-01-02,GCP,Cloud Storage,europe-west1,DevOps,6.32,23.82
2025-01-02,GCP,Cloud Storage,asia-south1,DevOps,11.03,21.44
2025-01-02,GCP,Compute Engine,us-central1,Finance,37.59,86.52
2025-01-02,GCP,Compute Engine,europe-west1,Finance,56.62,115.69
2025-01-02,GCP,Compute Engine,asia-south1,Marketing,59.72,147.23
2025-01-03,AWS,CloudFront,eu-west-1,QA,7.58,26.93
2025-01-03,AWS,EBS,us-west-2,Engineering,10.36,18.2
2025-01-03,AWS,EBS,eu-west-1,Engineering,25.81,30.75
2025-01-03,AWS,EBS,ap-south-1,Finance,8.56,32.71
2025-01-03,AWS,EC2,us-east-1,DevOps,37.67,117.45
2025-01-03,AWS,EC2,us-west-2,Marketing,30.34,86.1
2025-01-03,AWS,EC2,eu-west-1,Finance,27.21,64.92
2025-01-03,AWS,Lambda,us-west-2,DevOps,3.79,7.01
2025-01-03,AWS,Lambda,eu-west-1,QA,3.82,10.58
2025-01-03,AWS,Lambda,ap-south-1,Marketing,5.66,8.31
2025-01-03,AWS,RDS,us-east-1,Engineering,31.15,101.04
2025-01-03,AWS,RDS,us-west-2,Finance,28.07,96.44
2025-01-03,AWS,RDS,eu-west-1,QA,39.46,136.69
2025-01-03,AWS,RDS,ap-south-1,Engineering,40.99,64.53
2025-01-03,AWS,S3,us-east-1,DevOps,7.03,13.87
2025-01-03,AWS,S3,us-west-2,Marketing,7.16,22.62
2025-01-03,AWS,S3,eu-west-1,Engineering,6.02,25.03
2025-01-03,AWS,S3,ap-south-1,QA,9.61,21.14
2025-01-03,Azure,Blob Storage,East US,DevOps,10.77,38.45
2025-01-03,Azure,Blob Storage,West Europe,Engineering,8.07,20.45
2025-01-03,Azure,Blob Storage,Southeast Asia,Engineering,14.18,50.63
2025-01-03,Azure,CDN,East US,Data Science,10.7,24.43
2025-01-03,Azure,CDN,Southeast Asia,Engineering,9.45,22.61
2025-01-03,Azure,Functions,Central India,QA,7.54,18.8
2025-01-03,Azure,Functions,Southeast Asia,QA,7.36,17.72
2025-01-03,Azure,SQL Database,East US,QA,31.48,96.33
2025-01-03,Azure,SQL Database,Central India,DevOps,44.47,156.14
2025-01-03,Azure,Virtual Machines,East US,DevOps,41.72,68.38
2025-01-03,Azure,Virtual Machines,West Europe,QA,44.77,152.8
2025-01-03,Azure,Virtual Machines,Central India,Data Science,32.85,108.29
2025-01-03,Azure,Virtual Machines,Southeast Asia,Marketing,48.89,83.44
2025-01-03,GCP,BigQuery,us-central1,QA,27.22,80.52
2025-01-03,GCP,BigQuery,europe-west1,DevOps,15.74,23.72
2025-01-03,GCP,Cloud CDN,us-central1,Finance,15.86,41.78
2025-01-03,GCP,Cloud Functions,us-central1,DevOps,6.71,17.18
2025-01-03,GCP,Cloud Functions,asia-south1,Finance,4.51,11.6
2025-01-03,GCP,Cloud Storage,us-central1,DevOps,8.76,32.33
2025-01-03,GCP,Cloud Storage,europe-west1,DevOps,5.46,20.64
2025-01-03,GCP,Cloud Storage,asia-south1,DevOps,10.39,20.3
2025-01-03,GCP,Compute Engine,us-central1,Finance,36.57,73.43
2025-01-03,GCP,Compute Engine,europe-west1,Finance,56.21,114.32
2025-01-03,GCP,Compute Engine,asia-south1,Marketing,55.33,140.84
2025-01-04,AWS,CloudFront,eu-west-1,QA,10.32,36.86
2025-01-04,AWS,EBS,us-west-2,Engineering,11.11,20.62
2025-01-04,AWS,EBS,eu-west-1,Engineering,12.94,26.31
2025-01-04,AWS,EBS,ap-south-1,Finance,8.02,31.31
2025-01-04,AWS,EC2,us-east-1,DevOps,35.45,108.9
2025-01-04,AWS,EC2,us-west-2,Marketing,38.71,101.28
2025-01-04,AWS,EC2,eu-west-1,Finance,34.71,87.92
2025-01-04,AWS,Lambda,us-west-2,DevOps,3.29,5.97
2025-01-04,AWS,Lambda,eu-west-1,QA,3.68,10.01
2025-01-04,AWS,Lambda,ap-south-1,Marketing,4.79,7.92
2025-01-04,AWS,RDS,us-east-1,Engineering,29.87,90.16
2025-01-04,AWS,RDS,us-west-2,Finance,29.37,118.93
2025-01-04,AWS,RDS,eu-west-1,QA,41.3,126.96
2025-01-04,AWS,RDS,ap-south-1,Engineering,67.42,59.48
2025-01-04,AWS,S3,us-east-1,DevOps,7.56,17.67
2025-01-04,AWS,S3,us-west-2,Marketing,7.86,25.77
2025-01-04,AWS,S3,eu-west-1,Engineering,4.88,18.36
2025-01-04,AWS,S3,ap-south-1,QA,11.31,26.27
2025-01-04,Azure,Blob Storage,East US,DevOps,10.99,40.59
2025-01-04,Azure,Blob Storage,West Europe,Engineering,9.16,24.42
2025-01-04,Azure,Blob Storage,Southeast Asia,Engineering,12.25,42.84
2025-01-04,Azure,CDN,East US,Data Science,10.23,22.74
2025-01-04,Azure,CDN,Southeast Asia,Engineering,8.98,22.09
2025-01-04,Azure,Functions,Central India,QA,8.23,20.09
2025-01-04,Azure,Functions,Southeast Asia,QA,7.66,20.38
2025-01-04,Azure,SQL Database,East US,QA,35.83,114.75
2025-01-04,Azure,SQL Database,Central India,DevOps,38.78,146.14
2025-01-04,Azure,Virtual Machines,East US,DevOps,41.08,58.46
2025-01-04,Azure,Virtual Machines,West Europe,QA,55.66,184.03
2025-01-04,Azure,Virtual Machines,Central India,Data Science,37.89,108.54
2025-01-04,Azure,Virtual Machines,Southeast Asia,Marketing,43.88,76.09
2025-01-04,GCP,BigQuery,us-central1,QA,26.3,90.36
2025-01-04,GCP,BigQuery,europe-west1,DevOps,17.72,24.86
2025-01-04,GCP,Cloud CDN,us-central1,Finance,15.34,38.5
2025-01-04,GCP,Cloud Functions,us-central1,DevOps,6.33,14.31
2025-01-04,GCP,Cloud Functions,asia-south1,Finance,3.93,10.34
2025-01-04,GCP,Cloud Storage,us-central1,DevOps,9.09,30.45
2025-01-04,GCP,Cloud Storage,europe-west1,DevOps,5.47,22.02
2025-01-04,GCP,Cloud Storage,asia-south1,DevOps,12.21,24.1
2025-01-04,GCP,Compute Engine,us-central1,Finance,40.57,93.97
2025-01-04,GCP,Compute Engine,europe-west1,Finance,54.98,121.12
2025-01-04,GCP,Compute Engine,asia-south1,Marketing,62.55,153.42
2025-01-05,AWS,CloudFront,eu-west-1,QA,9.79,35.8
2025-01-05,AWS,EBS,us-west-2,Engineering,10.11,17.7
2025-01-05,AWS,EBS,eu-west-1,Engineering,13.71,29.84
2025-01-05,AWS,EBS,ap-south-1,Finance,7.61,27.87
2025-01-05,AWS,EC2,us-east-1,DevOps,35.9,108.94
2025-01-05,AWS,EC2,us-west-2,Marketing,40.08,115.25
2025-01-05,AWS,EC2,eu-west-1,Finance,35.3,97.99
2025-01-05,AWS,Lambda,us-west-2,DevOps,3.67,6.69
2025-01-05,AWS,Lambda,eu-west-1,QA,5.93,10.76
2025-01-05,AWS,Lambda,ap-south-1,Marketing,4.7,6.73
2025-01-05,AWS,RDS,us-east-1,Engineering,29.7,89.35
2025-01-05,AWS,RDS,us-west-2,Finance,35.11,121.67
2025-01-05,AWS,RDS,eu-west-1,QA,40.16,123.43
2025-01-05,AWS,RDS,ap-south-1,Engineering,40.85,66.56
2025-01-05,AWS,S3,us-east-1,DevOps,7.29,16.08
2025-01-05,AWS,S3,us-west-2,Marketing,7.18,24.86
2025-01-05,AWS,S3,eu-west-1,Engineering,6.87,23.73
2025-01-05,AWS,S3,ap-south-1,QA,10.35,22.62
2025-01-05,Azure,Blob Storage,East US,DevOps,11.39,43.68
2025-01-05,Azure,Blob Storage,West Europe,Engineering,9.64,25.54
2025-01-05,Azure,Blob Storage,Southeast Asia,Engineering,12.53,45.55
2025-01-05,Azure,CDN,East US,Data Science,10.35,23.24
2025-01-05,Azure,CDN,Southeast Asia,Engineering,9.65,26.12
2025-01-05,Azure,Functions,Central India,QA,6.59,15.4
2025-01-05,Azure,Functions,Southeast Asia,QA,6.47,16.02
2025-01-05,Azure,SQL Database,East US,QA,33.92,102.61
2025-01-05,Azure,SQL Database,Central India,DevOps,46.91,159.16
2025-01-05,Azure,Virtual Machines,East US,DevOps,41.48,69.45
2025-01-05,Azure,Virtual Machines,West Europe,QA,48.58,175.38
2025-01-05,Azure,Virtual Machines,Central India,Data Science,36.99,119.33
2025-01-05,Azure,Virtual Machines,Southeast Asia,Marketing,41.91,80.26
2025-01-05,GCP,BigQuery,us-central1,QA,29.27,84.0
2025-01-05,GCP,BigQuery,europe-west1,DevOps,14.3,22.98
2025-01-05,GCP,Cloud CDN,us-central1,Finance,12.01,35.32
2025-01-05,GCP,Cloud Functions,us-central1,DevOps,6.63,17.09
2025-01-05,GCP,Cloud Functions,asia-south1,Finance,3.32,8.12
2025-01-05,GCP,Cloud Storage,us-central1,DevOps,9.67,32.62
2025-01-05,GCP,Cloud Storage,europe-west1,DevOps,6.44,26.28
2025-01-05,GCP,Cloud Storage,asia-south1,DevOps,11.92,24.74
2025-01-05,GCP,Compute Engine,us-central1,Finance,39.42,78.75
2025-01-05,GCP,Compute Engine,europe-west1,Finance,61.88,120.53
2025-01-05,GCP,Compute Engine,asia-south1,Marketing,71.68,171.26
2025-01-06,AWS,CloudFront,eu-west-1,QA,12.57,46.22
2025-01-06,AWS,EBS,us-west-2,Engineering,10.23,19.4
2025-01-06,AWS,EBS,eu-west-1,Engineering,16.22,31.82
2025-01-06,AWS,EBS,ap-south-1,Finance,8.1,33.76
2025-01-06,AWS,EC2,us-east-1,DevOps,37.69,104.57
2025-01-06,AWS,EC2,us-west-2,Marketing,32.14,90.07
2025-01-06,AWS,EC2,eu-west-1,Finance,38.05,104.5
2025-01-06,AWS,Lambda,us-west-2,DevOps,3.5,6.23
2025-01-06,AWS,Lambda,eu-west-1,QA,4.31,11.01
2025-01-06,AWS,Lambda,ap-south-1,Marketing,5.78,8.68
2025-01-06,AWS,RDS,us-east-1,Engineering,29.37,97.67
2025-01-06,AWS,RDS,us-west-2,Finance,35.15,124.03
2025-01-06,AWS,RDS,eu-west-1,QA,38.04,122.92
2025-01-06,AWS,RDS,ap-south-1,Engineering,39.07,62.53
2025-01-06,AWS,S3,us-east-1,DevOps,7.5,17.1
2025-01-06,AWS,S3,us-west-2,Marketing,6.01,20.54
2025-01-06,AWS,S3,eu-west-1,Engineering,5.55,20.04
2025-01-06,AWS,S3,ap-south-1,QA,10.75,25.86
2025-01-06,Azure,Blob Storage,East US,DevOps,12.97,42.69
2025-01-06,Azure,Blob Storage,West Europe,Engineering,8.79,24.03
2025-01-06,Azure,Blob Storage,Southeast Asia,Engineering,13.26,51.86
2025-01-06,Azure,CDN,East US,Data Science,11.61,23.35
2025-01-06,Azure,CDN,Southeast Asia,Engineering,8.12,21.43
2025-01-06,Azure,Functions,Central India,QA,7.1,17.78
2025-01-06,Azure,Functions,Southeast Asia,QA,7.62,17.28
2025-01-06,Azure,SQL Database,East US,QA,29.87,92.14
2025-01-06,Azure,SQL Database,Central India,DevOps,42.6,140.54
2025-01-06,Azure,Virtual Machines,East US,DevOps,47.36,74.68
2025-01-06,Azure,Virtual Machines,West Europe,QA,56.35,179.26
2025-01-06,Azure,Virtual Machines,Central India,Data Science,38.26,109.02
2025-01-06,Azure,Virtual Machines,Southeast Asia,Marketing,38.82,74.31
2025-01-06,GCP,BigQuery,us-central1,QA,25.39,79.69
2025-01-06,GCP,BigQuery,europe-west1,DevOps,15.36,24.9
2025-01-06,GCP,Cloud CDN,us-central1,Finance,14.09,41.63
2025-01-06,GCP,Cloud Functions,us-central1,DevOps,7.48,17.84
2025-01-06,GCP,Cloud Functions,asia-south1,Finance,4.15,10.56
2025-01-06,GCP,Cloud Storage,us-central1,DevOps,7.23,27.72
2025-01-06,GCP,Cloud Storage,europe-west1,DevOps,5.62,23.04
2025-01-06,GCP,Cloud Storage,asia-south1,DevOps,10.77,22.71
2025-01-06,GCP,Compute Engine,us-central1,Finance,37.09,76.83
2025-01-06,GCP,Compute Engine,europe-west1,Finance,62.24,115.26
2025-01-06,GCP,Compute Engine,asia-south1,Marketing,53.03,125.22
2025-01-07,AWS,CloudFront,eu-west-1,QA,12.47,45.94
2025-01-07,AWS,EBS,us-west-2,Engineering,9.12,18.62
2025-01-07,AWS,EBS,eu-west-1,Engineering,13.68,26.67
2025-01-07,AWS,EBS,ap-south-1,Finance,9.31,33.96
2025-01-07,AWS,EC2,us-east-1,DevOps,37.79,108.45
2025-01-07,AWS,EC2,us-west-2,Marketing,36.3,89.5
2025-01-07,AWS,EC2,eu-west-1,Finance,38.08,95.89
2025-01-07,AWS,Lambda,us-west-2,DevOps,3.41,5.86
2025-01-07,AWS,Lambda,eu-west-1,QA,4.36,11.81
2025-01-07,AWS,Lambda,ap-south-1,Marketing,5.4,8.85
2025-01-07,AWS,RDS,us-east-1,Engineering,32.61,108.13
2025-01-07,AWS,RDS,us-west-2,Finance,34.1,128.82
2025-01-07,AWS,RDS,eu-west-1,QA,35.16,122.01
2025-01-07,AWS,RDS,ap-south-1,Engineering,36.97,50.58
2025-01-07,AWS,S3,us-east-1,DevOps,7.78,16.01
2025-01-07,AWS,S3,us-west-2,Marketing,7.58,26.78
2025-01-07,AWS,S3,eu-west-1,Engineering,5.98,22.35
2025-01-07,AWS,S3,ap-south-1,QA,10.73,23.08
2025-01-07,Azure,Blob Storage,East US,DevOps,12.15,46.87
2025-01-07,Azure,Blob Storage,West Europe,Engineering,9.83,23.37
2025-01-07,Azure,Blob Storage,Southeast Asia,Engineering,13.6,51.36
2025-01-07,Azure,CDN,East US,Data Science,11.15,26.13
2025-01-07,Azure,CDN,Southeast Asia,Engineering,9.09,22.86
2025-01-07,Azure,Functions,Central India,QA,7.71,20.29
2025-01-07,Azure,Functions,Southeast Asia,QA,7.85,18.01
2025-01-07,Azure,SQL Database,East US,QA,34.12,117.97
2025-01-07,Azure,SQL Database,Central India,DevOps,40.31,140.47
2025-01-07,Azure,Virtual Machines,East US,DevOps,44.84,71.1
2025-01-07,Azure,Virtual Machines,West Europe,QA,55.89,194.02
2025-01-07,Azure,Virtual Machines,Central India,Data Science,40.84,117.92
2025-01-07,Azure,Virtual Machines,Southeast Asia,Marketing,45.38,80.97
2025-01-07,GCP,BigQuery,us-central1,QA,22.72,68.19
2025-01-07,GCP,BigQuery,europe-west1,DevOps,15.56,25.04
2025-01-07,GCP,Cloud CDN,us-central1,Finance,15.27,45.51
2025-01-07,GCP,Cloud Functions,us-central1,DevOps,7.62,18.7
2025-01-07,GCP,Cloud Functions,asia-south1,Finance,3.73,9.99
2025-01-07,GCP,Cloud Storage,us-central1,DevOps,8.6,29.73
2025-01-07,GCP,Cloud Storage,europe-west1,DevOps,6.04,23.06
2025-01-07,GCP,Cloud Storage,asia-south1,DevOps,10.34,18.87
2025-01-07,GCP,Compute Engine,us-central1,Finance,34.98,66.93
2025-01-07,GCP,Compute Engine,europe-west1,Finance,61.46,135.3
2025-01-07,GCP,Compute Engine,asia-south1,Marketing,72.64,164.07
2025-01-08,AWS,CloudFront,eu-west-1,QA,11.95,43.15
2025-01-08,AWS,EBS,us-west-2,Engineering,11.49,20.92
2025-01-08,AWS,EBS,eu-west-1,Engineering,16.55,31.83
2025-01-08,AWS,EBS,ap-south-1,Finance,9.57,37.15
2025-01-08,AWS,EC2,us-east-1,DevOps,40.15,117.07
2025-01-08,AWS,EC2,us-west-2,Marketing,34.11,97.0
2025-01-08,AWS,EC2,eu-west-1,Finance,35.29,95.43
2025-01-08,AWS,Lambda,us-west-2,DevOps,4.11,6.39
2025-01-08,AWS,Lambda,eu-west-1,QA,4.04,9.97
2025-01-08,AWS,Lambda,ap-south-1,Marketing,5.66,8.49
2025-01-08,AWS,RDS,us-east-1,Engineering,30.08,91.63
2025-01-08,AWS,RDS,us-west-2,Finance,28.82,113.29
2025-01-08,AWS,RDS,eu-west-1,QA,33.05,114.91
2025-01-08,AWS,RDS,ap-south-1,Engineering,44.83,72.22
2025-01-08,AWS,S3,us-east-1,DevOps,7.36,16.25
2025-01-08,AWS,S3,us-west-2,Marketing,7.69,27.83
2025-01-08,AWS,S3,eu-west-1,Engineering,6.04,21.32
2025-01-08,AWS,S3,ap-south-1,QA,11.79,28.08
2025-01-08,Azure,Blob Storage,East US,DevOps,12.98,43.65
2025-01-08,Azure,Blob Storage,West Europe,Engineering,9.72,26.09
2025-01-08,Azure,Blob Storage,Southeast Asia,Engineering,14.1,52.52
2025-01-08,Azure,CDN,East US,Data Science,12.14,28.0
2025-01-08,Azure,CDN,Southeast Asia,Engineering,11.0,27.24
2025-01-08,Azure,Functions,Central India,QA,7.85,17.21
2025-01-08,Azure,Functions,Southeast Asia,QA,7.24,18.01
2025-01-08,Azure,SQL Database,East US,QA,31.43,108.78
2025-01-08,Azure,SQL Database,Central India,DevOps,42.55,141.71
2025-01-08,Azure,Virtual Machines,East US,DevOps,43.7,75.38
2025-01-08,Azure,Virtual Machines,West Europe,QA,58.58,203.56
2025-01-08,Azure,Virtual Machines,Central India,Data Science,40.46,116.62
2025-01-08,Azure,Virtual Machines,Southeast Asia,Marketing,43.34,84.92
2025-01-08,GCP,BigQuery,us-central1,QA,26.67,85.33
2025-01-08,GCP,BigQuery,europe-west1,DevOps,17.16,28.32
2025-01-08,GCP,Cloud CDN,us-central1,Finance,13.63,39.34
2025-01-08,GCP,Cloud Functions,us-central1,DevOps,7.38,17.01
2025-01-08,GCP,Cloud Functions,asia-south1,Finance,3.95,9.94
2025-01-08,GCP,Cloud Storage,us-central1,DevOps,8.59,32.29
2025-01-08,GCP,Cloud Storage,europe-west1,DevOps,5.7,22.24
2025-01-08,GCP,Cloud Storage,asia-south1,DevOps,12.23,24.96
2025-01-08,GCP,Compute Engine,us-central1,Finance,39.45,90.4
2025-01-08,GCP,Compute Engine,europe-west1,Finance,64.87,124.36
2025-01-08,GCP,Compute Engine,asia-south1,Marketing,69.03,156.13
2025-01-09,AWS,CloudFront,eu-west-1,QA,11.88,39.16
2025-01-09,AWS,EBS,us-west-2,Engineering,10.36,20.83
2025-01-09,AWS,EBS,eu-west-1,Engineering,14.03,27.0
2025-01-09,AWS,EBS,ap-south-1,Finance,7.13,29.87
2025-01-09,AWS,EC2,us-east-1,DevOps,40.7,109.25
2025-01-09,AWS,EC2,us-west-2,Marketing,37.6,90.89
2025-01-09,AWS,EC2,eu-west-1,Finance,39.54,108.13
2025-01-09,AWS,Lambda,us-west-2,DevOps,3.77,6.5
2025-01-09,AWS,Lambda,eu-west-1,QA,3.56,9.87
2025-01-09,AWS,Lambda,ap-south-1,Marketing,5.06,8.35
2025-01-09,AWS,RDS,us-east-1,Engineering,28.62,86.23
2025-01-09,AWS,RDS,us-west-2,Finance,32.73,125.12
2025-01-09,AWS,RDS,eu-west-1,QA,39.33,126.69
2025-01-09,AWS,RDS,ap-south-1,Engineering,44.79,65.16
2025-01-09,AWS,S3,us-east-1,DevOps,7.02,15.25
2025-01-09,AWS,S3,us-west-2,Marketing,7.9,25.64
2025-01-09,AWS,S3,eu-west-1,Engineering,7.04,29.07
2025-01-09,AWS,S3,ap-south-1,QA,12.69,32.38
2025-01-09,Azure,Blob Storage,East US,DevOps,11.92,41.97
2025-01-09,Azure,Blob Storage,West Europe,Engineering,10.12,27.58
2025-01-09,Azure,Blob Storage,Southeast Asia,Engineering,13.23,46.71
2025-01-09,Azure,CDN,East US,Data Science,10.37,23.1
2025-01-09,Azure,CDN,Southeast Asia,Engineering,10.37,29.64
2025-01-09,Azure,Functions,Central India,QA,8.4,18.93
2025-01-09,Azure,Functions,Southeast Asia,QA,9.09,20.88
2025-01-09,Azure,SQL Database,East US,QA,35.62,124.38
2025-01-09,Azure,SQL Database,Central India,DevOps,41.25,136.37
2025-01-09,Azure,Virtual Machines,East US,DevOps,41.53,62.75
2025-01-09,Azure,Virtual Machines,West Europe,QA,56.54,177.32
2025-01-09,Azure,Virtual Machines,Central India,Data Science,44.4,126.45
2025-01-09,Azure,Virtual Machines,Southeast Asia,Marketing,44.78,88.51
2025-01-09,GCP,BigQuery,us-central1,QA,26.01,80.39
2025-01-09,GCP,BigQuery,europe-west1,DevOps,13.67,22.29
2025-01-09,GCP,Cloud CDN,us-central1,Finance,13.34,38.26
2025-01-09,GCP,Cloud Functions,us-central1,DevOps,7.01,17.76
2025-01-09,GCP,Cloud Functions,asia-south1,Finance,4.11,11.44
2025-01-09,GCP,Cloud Storage,us-central1,DevOps,8.45,28.14
2025-01-09,GCP,Cloud Storage,europe-west1,DevOps,5.21,18.04
2025-01-09,GCP,Cloud Storage,asia-south1,DevOps,11.07,21.59
2025-01-09,GCP,Compute Engine,us-central1,Finance,37.75,73.7
2025-01-09,GCP,Compute Engine,europe-west1,Finance,55.46,109.96
2025-01-09,GCP,Compute Engine,asia-south1,Marketing,67.0,149.17
2025-01-10,AWS,CloudFront,eu-west-1,QA,12.39,42.47
2025-01-10,AWS,EBS,us-west-2,Engineering,10.59,18.95
2025-01-10,AWS,EBS,eu-west-1,Engineering,12.22,23.1
2025-01-10,AWS,EBS,ap-south-1,Finance,9.32,38.25
2025-01-10,AWS,EC2,us-east-1,DevOps,40.65,119.74
2025-01-10,AWS,EC2,us-west-2,Marketing,40.44,112.6
2025-01-10,AWS,EC2,eu-west-1,Finance,41.34,114.44
2025-01-10,AWS,Lambda,us-west-2,DevOps,4.35,6.66
2025-01-10,AWS,Lambda,eu-west-1,QA,4.19,11.72
2025-01-10,AWS,Lambda,ap-south-1,Marketing,5.19,8.99
2025-01-10,AWS,RDS,us-east-1,Engineering,32.81,104.22
2025-01-10,AWS,RDS,us-west-2,Finance,30.63,108.26
2025-01-10,AWS,RDS,eu-west-1,QA,33.46,95.51
2025-01-10,AWS,RDS,ap-south-1,Engineering,41.2,58.05
2025-01-10,AWS,S3,us-east-1,DevOps,7.36,16.01
2025-01-10,AWS,S3,us-west-2,Marketing,8.75,26.58
2025-01-10,AWS,S3,eu-west-1,Engineering,6.08,24.25
2025-01-10,AWS,S3,ap-south-1,QA,9.99,25.26
2025-01-10,Azure,Blob Storage,East US,DevOps,13.23,47.66
2025-01-10,Azure,Blob Storage,West Europe,Engineering,8.96,22.1
2025-01-10,Azure,Blob Storage,Southeast Asia,Engineering,12.38,42.57
2025-01-10,Azure,CDN,East US,Data Science,9.93,23.55
2025-01-10,Azure,CDN,Southeast Asia,Engineering,9.66,26.46
2025-01-10,Azure,Functions,Central India,QA,8.31,18.68
2025-01-10,Azure,Functions,Southeast Asia,QA,7.97,18.75
2025-01-10,Azure,SQL Database,East US,QA,31.43,110.22
2025-01-10,Azure,SQL Database,Central India,DevOps,45.94,168.38
2025-01-10,Azure,Virtual Machines,East US,DevOps,49.51,82.26
2025-01-10,Azure,Virtual Machines,West Europe,QA,52.83,189.63
2025-01-10,Azure,Virtual Machines,Central India,Data Science,44.05,132.85
2025-01-10,Azure,Virtual Machines,Southeast Asia,Marketing,49.21,99.99
2025-01-10,GCP,BigQuery,us-central1,QA,27.47,82.82
2025-01-10,GCP,BigQuery,europe-west1,DevOps,15.94,22.94
2025-01-10,GCP,Cloud CDN,us-central1,Finance,15.65,42.91
2025-01-10,GCP,Cloud Functions,us-central1,DevOps,6.71,16.04
2025-01-10,GCP,Cloud Functions,asia-south1,Finance,4.54,10.51
2025-01-10,GCP,Cloud Storage,us-central1,DevOps,8.01,30.88
2025-01-10,GCP,Cloud Storage,europe-west1,DevOps,6.16,23.18
2025-01-10,GCP,Cloud Storage,asia-south1,DevOps,11.16,21.49
2025-01-10,GCP,Compute Engine,us-central1,Finance,38.32,78.94
2025-01-10,GCP,Compute Engine,europe-west1,Finance,58.68,119.97
2025-01-10,GCP,Compute Engine,asia-south1,Marketing,65.36,150.53
2025-01-11,AWS,CloudFront,eu-west-1,QA,11.0,40.58
2025-01-11,AWS,EBS,us-west-2,Engineering,11.83,23.38
2025-01-11,AWS,EBS,eu-west-1,Engineering,14.42,31.29
2025-01-11,AWS,EBS,ap-south-1,Finance,8.81,33.84
2025-01-11,AWS,EC2,us-east-1,DevOps,45.33,131.08
2025-01-11,AWS,EC2,us-west-2,Marketing,41.8,106.83
2025-01-11,AWS,EC2,eu-west-1,Finance,35.9,93.04
2025-01-11,AWS,Lambda,us-west-2,DevOps,3.45,6.25
2025-01-11,AWS,Lambda,eu-west-1,QA,4.56,11.05
2025-01-11,AWS,Lambda,ap-south-1,Marketing,4.96,8.28
2025-01-11,AWS,RDS,us-east-1,Engineering,34.72,98.24
2025-01-11,AWS,RDS,us-west-2,Finance,37.45,125.88
2025-01-11,AWS,RDS,eu-west-1,QA,39.43,135.06
2025-01-11,AWS,RDS,ap-south-1,Engineering,44.97,64.4
2025-01-11,AWS,S3,us-east-1,DevOps,8.48,18.74
2025-01-11,AWS,S3,us-west-2,Marketing,8.04,23.98
2025-01-11,AWS,S3,eu-west-1,Engineering,6.95,25.1
2025-01-11,AWS,S3,ap-south-1,QA,10.23,26.07
2025-01-11,Azure,Blob Storage,East US,DevOps,12.3,48.1
2025-01-11,Azure,Blob Storage,West Europe,Engineering,11.4,27.67
2025-01-11,Azure,Blob Storage,Southeast Asia,Engineering,13.93,50.4
2025-01-11,Azure,CDN,East US,Data Science,11.91,24.33
2025-01-11,Azure,CDN,Southeast Asia,Engineering,8.97,24.82
2025-01-11,Azure,Functions,Central India,QA,7.89,20.81
2025-01-11,Azure,Functions,Southeast Asia,QA,7.4,19.49
2025-01-11,Azure,SQL Database,East US,QA,30.16,97.44
2025-01-11,Azure,SQL Database,Central India,DevOps,48.21,180.43
2025-01-11,Azure,Virtual Machines,East US,DevOps,51.41,82.39
2025-01-11,Azure,Virtual Machines,West Europe,QA,54.23,179.79
2025-01-11,Azure,Virtual Machines,Central India,Data Science,36.49,125.42
2025-01-11,Azure,Virtual Machines,Southeast Asia,Marketing,40.65,77.48
2025-01-11,GCP,BigQuery,us-central1,QA,27.94,83.22
2025-01-11,GCP,BigQuery,europe-west1,DevOps,15.94,23.11
2025-01-11,GCP,Cloud CDN,us-central1,Finance,15.98,47.13
2025-01-11,GCP,Cloud Functions,us-central1,DevOps,7.46,17.99
2025-01-11,GCP,Cloud Functions,asia-south1,Finance,4.41,10.72
2025-01-11,GCP,Cloud Storage,us-central1,DevOps,9.0,35.79
2025-01-11,GCP,Cloud Storage,europe-west1,DevOps,6.66,27.08
2025-01-11,GCP,Cloud Storage,asia-south1,DevOps,12.07,21.81
2025-01-11,GCP,Compute Engine,us-central1,Finance,35.59,80.64
2025-01-11,GCP,Compute Engine,europe-west1,Finance,61.74,137.39
2025-01-11,GCP,Compute Engine,asia-south1,Marketing,109.71,155.58
2025-01-12,AWS,CloudFront,eu-west-1,QA,13.25,50.5
2025-01-12,AWS,EBS,us-west-2,Engineering,10.6,21.91
2025-01-12,AWS,EBS,eu-west-1,Engineering,15.81,33.61
2025-01-12,AWS,EBS,ap-south-1,Finance,9.35,39.13
2025-01-12,AWS,EC2,us-east-1,DevOps,45.92,142.62
2025-01-12,AWS,EC2,us-west-2,Marketing,42.54,119.78
2025-01-12,AWS,EC2,eu-west-1,Finance,37.3,90.14
2025-01-12,AWS,Lambda,us-west-2,DevOps,3.98,6.66
2025-01-12,AWS,Lambda,eu-west-1,QA,4.53,12.52
2025-01-12,AWS,Lambda,ap-south-1,Marketing,4.94,7.54
2025-01-12,AWS,RDS,us-east-1,Engineering,26.23,75.45
2025-01-12,AWS,RDS,us-west-2,Finance,32.88,129.08
2025-01-12,AWS,RDS,eu-west-1,QA,44.86,144.24
2025-01-12,AWS,RDS,ap-south-1,Engineering,43.37,65.3
2025-01-12,AWS,S3,us-east-1,DevOps,7.86,17.02
2025-01-12,AWS,S3,us-west-2,Marketing,8.21,28.27
2025-01-12,AWS,S3,eu-west-1,Engineering,6.41,24.73
2025-01-12,AWS,S3,ap-south-1,QA,11.44,29.37
2025-01-12,Azure,Blob Storage,East US,DevOps,11.4,37.35
2025-01-12,Azure,Blob Storage,West Europe,Engineering,9.01,24.75
2025-01-12,Azure,Blob Storage,Southeast Asia,Engineering,12.39,47.92
2025-01-12,Azure,CDN,East US,Data Science,11.08,25.17
2025-01-12,Azure,CDN,Southeast Asia,Engineering,11.49,27.04
2025-01-12,Azure,Functions,Central India,QA,8.07,20.27
2025-01-12,Azure,Functions,Southeast Asia,QA,7.56,18.97
2025-01-12,Azure,SQL Database,East US,QA,31.04,109.42
2025-01-12,Azure,SQL Database,Central India,DevOps,50.03,173.75
2025-01-12,Azure,Virtual Machines,East US,DevOps,43.81,71.96
2025-01-12,Azure,Virtual Machines,West Europe,QA,54.68,188.11
2025-01-12,Azure,Virtual Machines,Central India,Data Science,40.38,122.46
2025-01-12,Azure,Virtual Machines,Southeast Asia,Marketing,40.56,80.27
2025-01-12,GCP,BigQuery,us-central1,QA,25.57,75.08
2025-01-12,GCP,BigQuery,europe-west1,DevOps,17.11,25.92
2025-01-12,GCP,Cloud CDN,us-central1,Finance,12.65,34.9
2025-01-12,GCP,Cloud Functions,us-central1,DevOps,7.26,18.48
2025-01-12,GCP,Cloud Functions,asia-south1,Finance,4.81,11.4
2025-01-12,GCP,Cloud Storage,us-central1,DevOps,9.75,34.43
2025-01-12,GCP,Cloud Storage,europe-west1,DevOps,6.12,22.87
2025-01-12,GCP,Cloud Storage,asia-south1,DevOps,12.32,22.02
2025-01-12,GCP,Compute Engine,us-central1,Finance,40.0,89.76
2025-01-12,GCP,Compute Engine,europe-west1,Finance,58.76,120.26
2025-01-12,GCP,Compute Engine,asia-south1,Marketing,76.89,177.16
2025-01-13,AWS,CloudFront,eu-west-1,QA,12.21,39.09
2025-01-13,AWS,EBS,us-west-2,Engineering,11.83,21.79
2025-01-13,AWS,EBS,eu-west-1,Engineering,16.88,32.19
2025-01-13,AWS,EBS,ap-south-1,Finance,8.38,33.24
2025-01-13,AWS,EC2,us-east-1,DevOps,33.15,106.37
2025-01-13,AWS,EC2,us-west-2,Marketing,43.44,122.1
2025-01-13,AWS,EC2,eu-west-1,Finance,31.21,76.25
2025-01-13,AWS,Lambda,us-west-2,DevOps,3.9,6.81
2025-01-13,AWS,Lambda,eu-west-1,QA,4.35,11.43
2025-01-13,AWS,Lambda,ap-south-1,Marketing,5.44,9.26
2025-01-13,AWS,RDS,us-east-1,Engineering,37.09,107.69
2025-01-13,AWS,RDS,us-west-2,Finance,31.72,129.95
2025-01-13,AWS,RDS,eu-west-1,QA,36.84,113.68
2025-01-13,AWS,RDS,ap-south-1,Engineering,48.17,71.89
2025-01-13,AWS,S3,us-east-1,DevOps,7.31,15.37
2025-01-13,AWS,S3,us-west-2,Marketing,8.79,31.11
2025-01-13,AWS,S3,eu-west-1,Engineering,5.77,22.83
2025-01-13,AWS,S3,ap-south-1,QA,10.49,22.89
2025-01-13,Azure,Blob Storage,East US,DevOps,13.28,48.7
2025-01-13,Azure,Blob Storage,West Europe,Engineering,9.48,24.49
2025-01-13,Azure,Blob Storage,Southeast Asia,Engineering,13.89,53.63
2025-01-13,Azure,CDN,East US,Data Science,10.46,25.01
2025-01-13,Azure,CDN,Southeast Asia,Engineering,9.46,22.43
2025-01-13,Azure,Functions,Central India,QA,8.14,21.6
2025-01-13,Azure,Functions,Southeast Asia,QA,7.48,18.77
2025-01-13,Azure,SQL Database,East US,QA,31.39,103.58
2025-01-13,Azure,SQL Database,Central India,DevOps,44.58,163.41
2025-01-13,Azure,Virtual Machines,East US,DevOps,47.6,73.92
2025-01-13,Azure,Virtual Machines,West Europe,QA,53.8,166.03
2025-01-13,Azure,Virtual Machines,Central India,Data Science,34.59,113.84
2025-01-13,Azure,Virtual Machines,Southeast Asia,Marketing,43.24,85.15
2025-01-13,GCP,BigQuery,us-central1,QA,24.71,81.88
2025-01-13,GCP,BigQuery,europe-west1,DevOps,15.59,22.93
2025-01-13,GCP,Cloud CDN,us-central1,Finance,14.77,36.84
2025-01-13,GCP,Cloud Functions,us-central1,DevOps,7.66,17.71
2025-01-13,GCP,Cloud Functions,asia-south1,Finance,4.04,10.42
2025-01-13,GCP,Cloud Storage,us-central1,DevOps,8.37,30.35
2025-01-13,GCP,Cloud Storage,europe-west1,DevOps,5.46,18.81
2025-01-13,GCP,Cloud Storage,asia-south1,DevOps,12.86,27.59
2025-01-13,GCP,Compute Engine,us-central1,Finance,38.17,86.45
2025-01-13,GCP,Compute Engine,europe-west1,Finance,65.93,132.57
2025-01-13,GCP,Compute Engine,asia-south1,Marketing,71.04,178.61
2025-01-14,AWS,CloudFront,eu-west-1,QA,13.1,46.1
2025-01-14,AWS,EBS,us-west-2,Engineering,10.44,21.53
2025-01-14,AWS,EBS,eu-west-1,Engineering,13.22,25.14
2025-01-14,AWS,EBS,ap-south-1,Finance,7.58,27.22
2025-01-14,AWS,EC2,us-east-1,DevOps,43.48,128.77
2025-01-14,AWS,EC2,us-west-2,Marketing,38.89,108.04
2025-01-14,AWS,EC2,eu-west-1,Finance,32.36,79.72
2025-01-14,AWS,Lambda,us-west-2,DevOps,3.61,5.52
2025-01-14,AWS,Lambda,eu-west-1,QA,4.61,11.39
2025-01-14,AWS,Lambda,ap-south-1,Marketing,5.15,7.39
2025-01-14,AWS,RDS,us-east-1,Engineering,28.79,84.66
2025-01-14,AWS,RDS,us-west-2,Finance,35.07,139.07
2025-01-14,AWS,RDS,eu-west-1,QA,36.63,123.78
2025-01-14,AWS,RDS,ap-south-1,Engineering,39.87,57.86
2025-01-14,AWS,S3,us-east-1,DevOps,8.14,16.59
2025-01-14,AWS,S3,us-west-2,Marketing,8.16,25.37
2025-01-14,AWS,S3,eu-west-1,Engineering,6.36,26.23
2025-01-14,AWS,S3,ap-south-1,QA,12.15,26.63
2025-01-14,Azure,Blob Storage,East US,DevOps,13.79,51.39
2025-01-14,Azure,Blob Storage,West Europe,Engineering,10.45,25.71
2025-01-14,Azure,Blob Storage,Southeast Asia,Engineering,13.71,48.7
2025-01-14,Azure,CDN,East US,Data Science,11.69,24.61
2025-01-14,Azure,CDN,Southeast Asia,Engineering,9.25,25.07
2025-01-14,Azure,Functions,Central India,QA,7.04,17.42
2025-01-14,Azure,Functions,Southeast Asia,QA,7.56,19.4
2025-01-14,Azure,SQL Database,East US,QA,31.33,102.25
2025-01-14,Azure,SQL Database,Central India,DevOps,51.99,169.17
2025-01-14,Azure,Virtual Machines,East US,DevOps,44.81,67.63
2025-01-14,Azure,Virtual Machines,West Europe,QA,48.18,152.28
2025-01-14,Azure,Virtual Machines,Central India,Data Science,37.95,109.97
2025-01-14,Azure,Virtual Machines,Southeast Asia,Marketing,47.26,84.28
2025-01-14,GCP,BigQuery,us-central1,QA,26.74,79.18
2025-01-14,GCP,BigQuery,europe-west1,DevOps,17.83,29.36
2025-01-14,GCP,Cloud CDN,us-central1,Finance,14.6,40.87
2025-01-14,GCP,Cloud Functions,us-central1,DevOps,7.39,19.55
2025-01-14,GCP,Cloud Functions,asia-south1,Finance,4.74,11.34
2025-01-14,GCP,Cloud Storage,us-central1,DevOps,9.42,33.74
2025-01-14,GCP,Cloud Storage,europe-west1,DevOps,6.29,22.28
2025-01-14,GCP,Cloud Storage,asia-south1,DevOps,13.51,27.2
2025-01-14,GCP,Compute Engine,us-central1,Finance,38.74,88.94
2025-01-14,GCP,Compute Engine,europe-west1,Finance,60.13,124.23
2025-01-14,GCP,Compute Engine,asia-south1,Marketing,144.21,174.3
2025-01-15,AWS,CloudFront,eu-west-1,QA,13.14,44.2
2025-01-15,AWS,EBS,us-west-2,Engineering,11.61,22.19
2025-01-15,AWS,EBS,eu-west-1,Engineering,16.08,29.3
2025-01-15,AWS,EBS,ap-south-1,Finance,9.3,34.8
2025-01-15,AWS,EC2,us-east-1,DevOps,40.92,115.59
2025-01-15,AWS,EC2,us-west-2,Marketing,36.2,100.28
2025-01-15,AWS,EC2,eu-west-1,Finance,34.38,89.98
2025-01-15,AWS,Lambda,us-west-2,DevOps,4.16,7.03
2025-01-15,AWS,Lambda,eu-west-1,QA,4.19,11.0
2025-01-15,AWS,Lambda,ap-south-1,Marketing,6.28,10.35
2025-01-15,AWS,RDS,us-east-1,Engineering,29.14,91.69
2025-01-15,AWS,RDS,us-west-2,Finance,33.42,123.81
2025-01-15,AWS,RDS,eu-west-1,QA,43.15,134.09
2025-01-15,AWS,RDS,ap-south-1,Engineering,44.38,62.83
2025-01-15,AWS,S3,us-east-1,DevOps,8.23,18.5
2025-01-15,AWS,S3,us-west-2,Marketing,9.6,29.46
2025-01-15,AWS,S3,eu-west-1,Engineering,6.28,25.59
2025-01-15,AWS,S3,ap-south-1,QA,12.37,29.64
2025-01-15,Azure,Blob Storage,East US,DevOps,13.04,45.51
2025-01-15,Azure,Blob Storage,West Europe,Engineering,10.19,27.19
2025-01-15,Azure,Blob Storage,Southeast Asia,Engineering,13.78,46.97
2025-01-15,Azure,CDN,East US,Data Science,10.68,21.11
2025-01-15,Azure,CDN,Southeast Asia,Engineering,10.22,24.93
2025-01-15,Azure,Functions,Central India,QA,7.93,19.14
2025-01-15,Azure,Functions,Southeast Asia,QA,8.32,22.16
2025-01-15,Azure,SQL Database,East US,QA,32.24,110.49
2025-01-15,Azure,SQL Database,Central India,DevOps,46.97,164.6
2025-01-15,Azure,Virtual Machines,East US,DevOps,48.2,76.82
2025-01-15,Azure,Virtual Machines,West Europe,QA,46.14,155.9
2025-01-15,Azure,Virtual Machines,Central India,Data Science,34.54,107.05
2025-01-15,Azure,Virtual Machines,Southeast Asia,Marketing,46.58,83.98
2025-01-15,GCP,BigQuery,us-central1,QA,22.03,72.86
2025-01-15,GCP,BigQuery,europe-west1,DevOps,16.87,24.59
2025-01-15,GCP,Cloud CDN,us-central1,Finance,12.75,34.34
2025-01-15,GCP,Cloud Functions,us-central1,DevOps,7.46,19.31
2025-01-15,GCP,Cloud Functions,asia-south1,Finance,4.65,12.46
2025-01-15,GCP,Cloud Storage,us-central1,DevOps,9.73,38.04
2025-01-15,GCP,Cloud Storage,europe-west1,DevOps,5.89,21.9
2025-01-15,GCP,Cloud Storage,asia-south1,DevOps,12.07,23.42
2025-01-15,GCP,Compute Engine,us-central1,Finance,28.63,65.69
2025-01-15,GCP,Compute Engine,europe-west1,Finance,69.75,155.09
2025-01-15,GCP,Compute Engine,asia-south1,Marketing,85.65,207.65
2025-01-16,AWS,CloudFront,eu-west-1,QA,12.88,42.54
2025-01-16,AWS,EBS,us-west-2,Engineering,11.13,20.47
2025-01-16,AWS,EBS,eu-west-1,Engineering,16.24,34.57
2025-01-16,AWS,EBS,ap-south-1,Finance,8.27,30.5
2025-01-16,AWS,EC2,us-east-1,DevOps,41.48,110.38
2025-01-16,AWS,EC2,us-west-2,Marketing,39.75,100.0
2025-01-16,AWS,EC2,eu-west-1,Finance,35.78,83.31
2025-01-16,AWS,Lambda,us-west-2,DevOps,3.68,5.94
2025-01-16,AWS,Lambda,eu-west-1,QA,4.41,11.05
2025-01-16,AWS,Lambda,ap-south-1,Marketing,5.72,8.16
2025-01-16,AWS,RDS,us-east-1,Engineering,69.94,98.53
2025-01-16,AWS,RDS,us-west-2,Finance,39.67,160.08
2025-01-16,AWS,RDS,eu-west-1,QA,32.02,92.06
2025-01-16,AWS,RDS,ap-south-1,Engineering,44.36,70.74
2025-01-16,AWS,S3,us-east-1,DevOps,8.31,16.76
2025-01-16,AWS,S3,us-west-2,Marketing,7.41,22.27
2025-01-16,AWS,S3,eu-west-1,Engineering,5.82,22.12
2025-01-16,AWS,S3,ap-south-1,QA,10.95,27.97
2025-01-16,Azure,Blob Storage,East US,DevOps,13.31,46.19
2025-01-16,Azure,Blob Storage,West Europe,Engineering,10.85,26.27
2025-01-16,Azure,Blob Storage,Southeast Asia,Engineering,13.72,46.57
2025-01-16,Azure,CDN,East US,Data Science,12.01,27.52
2025-01-16,Azure,CDN,Southeast Asia,Engineering,9.69,24.83
2025-01-16,Azure,Functions,Central India,QA,8.24,21.21
2025-01-16,Azure,Functions,Southeast Asia,QA,8.43,19.79
2025-01-16,Azure,SQL Database,East US,QA,36.32,112.41
2025-01-16,Azure,SQL Database,Central India,DevOps,52.11,185.83
2025-01-16,Azure,Virtual Machines,East US,DevOps,51.47,79.24
2025-01-16,Azure,Virtual Machines,West Europe,QA,59.53,190.58
2025-01-16,Azure,Virtual Machines,Central India,Data Science,36.5,106.99
2025-01-16,Azure,Virtual Machines,Southeast Asia,Marketing,41.63,77.69
2025-01-16,GCP,BigQuery,us-central1,QA,27.55,86.12
2025-01-16,GCP,BigQuery,europe-west1,DevOps,15.41,24.32
2025-01-16,GCP,Cloud CDN,us-central1,Finance,13.02,35.99
2025-01-16,GCP,Cloud Functions,us-central1,DevOps,7.79,19.54
2025-01-16,GCP,Cloud Functions,asia-south1,Finance,4.65,12.87
2025-01-16,GCP,Cloud Storage,us-central1,DevOps,10.72,35.03
2025-01-16,GCP,Cloud Storage,europe-west1,DevOps,4.99,17.81
2025-01-16,GCP,Cloud Storage,asia-south1,DevOps,13.22,27.23
2025-01-16,GCP,Compute Engine,us-central1,Finance,40.64,90.83
2025-01-16,GCP,Compute Engine,europe-west1,Finance,58.87,127.24
2025-01-16,GCP,Compute Engine,asia-south1,Marketing,71.33,159.94
2025-01-17,AWS,CloudFront,eu-west-1,QA,12.73,44.55
2025-01-17,AWS,EBS,us-west-2,Engineering,11.52,23.73
2025-01-17,AWS,EBS,eu-west-1,Engineering,16.83,32.45
2025-01-17,AWS,EBS,ap-south-1,Finance,8.0,29.56
2025-01-17,AWS,EC2,us-east-1,DevOps,37.3,118.5
2025-01-17,AWS,EC2,us-west-2,Marketing,42.41,101.72
2025-01-17,AWS,EC2,eu-west-1,Finance,34.05,89.84
2025-01-17,AWS,Lambda,us-west-2,DevOps,4.28,6.88
2025-01-17,AWS,Lambda,eu-west-1,QA,3.99,10.48
2025-01-17,AWS,Lambda,ap-south-1,Marketing,6.2,9.14
2025-01-17,AWS,RDS,us-east-1,Engineering,31.91,103.2
2025-01-17,AWS,RDS,us-west-2,Finance,33.58,123.14
2025-01-17,AWS,RDS,eu-west-1,QA,42.76,144.31
2025-01-17,AWS,RDS,ap-south-1,Engineering,45.95,76.45
2025-01-17,AWS,S3,us-east-1,DevOps,7.4,16.38
2025-01-17,AWS,S3,us-west-2,Marketing,7.67,26.89
2025-01-17,AWS,S3,eu-west-1,Engineering,6.6,26.36
2025-01-17,AWS,S3,ap-south-1,QA,10.81,28.04
2025-01-17,Azure,Blob Storage,East US,DevOps,13.83,50.02
2025-01-17,Azure,Blob Storage,West Europe,Engineering,9.96,23.48
2025-01-17,Azure,Blob Storage,Southeast Asia,Engineering,15.02,48.89
2025-01-17,Azure,CDN,East US,Data Science,11.89,23.46
2025-01-17,Azure,CDN,Southeast Asia,Engineering,8.55,20.82
2025-01-17,Azure,Functions,Central India,QA,8.42,19.09
2025-01-17,Azure,Functions,Southeast Asia,QA,8.5,20.01
2025-01-17,Azure,SQL Database,East US,QA,39.09,135.76
2025-01-17,Azure,SQL Database,Central India,DevOps,46.97,162.75
2025-01-17,Azure,Virtual Machines,East US,DevOps,55.79,83.21
2025-01-17,Azure,Virtual Machines,West Europe,QA,55.67,184.87
2025-01-17,Azure,Virtual Machines,Central India,Data Science,46.68,137.02
2025-01-17,Azure,Virtual Machines,Southeast Asia,Marketing,47.8,80.98
2025-01-17,GCP,BigQuery,us-central1,QA,26.62,76.33
2025-01-17,GCP,BigQuery,europe-west1,DevOps,17.29,26.42
2025-01-17,GCP,Cloud CDN,us-central1,Finance,13.93,37.88
2025-01-17,GCP,Cloud Functions,us-central1,DevOps,7.96,18.2
2025-01-17,GCP,Cloud Functions,asia-south1,Finance,4.83,11.63
2025-01-17,GCP,Cloud Storage,us-central1,DevOps,10.01,37.39
2025-01-17,GCP,Cloud Storage,europe-west1,DevOps,6.3,23.25
2025-01-17,GCP,Cloud Storage,asia-south1,DevOps,12.53,22.52
2025-01-17,GCP,Compute Engine,us-central1,Finance,37.66,81.16
2025-01-17,GCP,Compute Engine,europe-west1,Finance,74.93,142.19
2025-01-17,GCP,Compute Engine,asia-south1,Marketing,61.88,138.28
2025-01-18,AWS,CloudFront,eu-west-1,QA,12.73,45.42
2025-01-18,AWS,EBS,us-west-2,Engineering,13.26,22.95
2025-01-18,AWS,EBS,eu-west-1,Engineering,12.04,24.18
2025-01-18,AWS,EBS,ap-south-1,Finance,8.1,32.49
2025-01-18,AWS,EC2,us-east-1,DevOps,47.6,151.09
2025-01-18,AWS,EC2,us-west-2,Marketing,36.62,94.0
2025-01-18,AWS,EC2,eu-west-1,Finance,37.43,93.55
2025-01-18,AWS,Lambda,us-west-2,DevOps,4.47,7.35
2025-01-18,AWS,Lambda,eu-west-1,QA,4.35,11.34
2025-01-18,AWS,Lambda,ap-south-1,Marketing,4.45,7.7
2025-01-18,AWS,RDS,us-east-1,Engineering,28.78,82.4
2025-01-18,AWS,RDS,us-west-2,Finance,31.87,119.62
2025-01-18,AWS,RDS,eu-west-1,QA,46.6,149.11
2025-01-18,AWS,RDS,ap-south-1,Engineering,51.22,81.93
2025-01-18,AWS,S3,us-east-1,DevOps,7.63,15.4
2025-01-18,AWS,S3,us-west-2,Marketing,8.74,27.69
2025-01-18,AWS,S3,eu-west-1,Engineering,6.46,24.78
2025-01-18,AWS,S3,ap-south-1,QA,11.33,24.39
2025-01-18,Azure,Blob Storage,East US,DevOps,12.34,41.92
2025-01-18,Azure,Blob Storage,West Europe,Engineering,9.26,23.54
2025-01-18,Azure,Blob Storage,Southeast Asia,Engineering,14.68,56.32
2025-01-18,Azure,CDN,East US,Data Science,11.3,26.57
2025-01-18,Azure,CDN,Southeast Asia,Engineering,9.06,22.03
2025-01-18,Azure,Functions,Central India,QA,7.56,17.96
2025-01-18,Azure,Functions,Southeast Asia,QA,8.71,20.26
2025-01-18,Azure,SQL Database,East US,QA,30.7,99.37
2025-01-18,Azure,SQL Database,Central India,DevOps,46.93,150.41
2025-01-18,Azure,Virtual Machines,East US,DevOps,47.92,80.8
2025-01-18,Azure,Virtual Machines,West Europe,QA,61.19,198.11
2025-01-18,Azure,Virtual Machines,Central India,Data Science,44.75,128.75
2025-01-18,Azure,Virtual Machines,Southeast Asia,Marketing,40.95,73.63
2025-01-18,GCP,BigQuery,us-central1,QA,29.57,86.51
2025-01-18,GCP,BigQuery,europe-west1,DevOps,16.45,27.02
2025-01-18,GCP,Cloud CDN,us-central1,Finance,15.14,41.66
2025-01-18,GCP,Cloud Functions,us-central1,DevOps,8.55,21.92
2025-01-18,GCP,Cloud Functions,asia-south1,Finance,4.76,13.16
2025-01-18,GCP,Cloud Storage,us-central1,DevOps,9.52,35.53
2025-01-18,GCP,Cloud Storage,europe-west1,DevOps,6.64,24.2
2025-01-18,GCP,Cloud Storage,asia-south1,DevOps,13.98,27.97
2025-01-18,GCP,Compute Engine,us-central1,Finance,42.67,91.59
2025-01-18,GCP,Compute Engine,europe-west1,Finance,74.86,161.35
2025-01-18,GCP,Compute Engine,asia-south1,Marketing,73.45,165.44
2025-01-19,AWS,CloudFront,eu-west-1,QA,12.49,39.37
2025-01-19,AWS,EBS,us-west-2,Engineering,10.33,17.87
2025-01-19,AWS,EBS,eu-west-1,Engineering,17.43,37.25
2025-01-19,AWS,EBS,ap-south-1,Finance,9.54,37.0
2025-01-19,AWS,EC2,us-east-1,DevOps,42.7,118.87
2025-01-19,AWS,EC2,us-west-2,Marketing,46.25,113.18
2025-01-19,AWS,EC2,eu-west-1,Finance,36.5,89.92
2025-01-19,AWS,Lambda,us-west-2,DevOps,4.34,6.57
2025-01-19,AWS,Lambda,eu-west-1,QA,4.73,13.22
2025-01-19,AWS,Lambda,ap-south-1,Marketing,6.27,9.6
2025-01-19,AWS,RDS,us-east-1,Engineering,29.22,92.19
2025-01-19,AWS,RDS,us-west-2,Finance,29.88,111.06
2025-01-19,AWS,RDS,eu-west-1,QA,38.96,119.55
2025-01-19,AWS,RDS,ap-south-1,Engineering,45.4,65.98
2025-01-19,AWS,S3,us-east-1,DevOps,7.67,16.76
2025-01-19,AWS,S3,us-west-2,Marketing,9.21,29.73
2025-01-19,AWS,S3,eu-west-1,Engineering,6.77,25.92
2025-01-19,AWS,S3,ap-south-1,QA,11.74,27.0
2025-01-19,Azure,Blob Storage,East US,DevOps,11.95,43.03
2025-01-19,Azure,Blob Storage,West Europe,Engineering,9.06,23.13
2025-01-19,Azure,Blob Storage,Southeast Asia,Engineering,14.85,50.81
2025-01-19,Azure,CDN,East US,Data Science,10.0,19.95
2025-01-19,Azure,CDN,Southeast Asia,Engineering,10.12,24.27
2025-01-19,Azure,Functions,Central India,QA,7.37,17.81
2025-01-19,Azure,Functions,Southeast Asia,QA,8.59,23.52
2025-01-19,Azure,SQL Database,East US,QA,38.02,115.51
2025-01-19,Azure,SQL Database,Central India,DevOps,50.25,182.61
2025-01-19,Azure,Virtual Machines,East US,DevOps,52.78,82.94
2025-01-19,Azure,Virtual Machines,West Europe,QA,55.42,189.23
2025-01-19,Azure,Virtual Machines,Central India,Data Science,44.51,137.34
2025-01-19,Azure,Virtual Machines,Southeast Asia,Marketing,42.46,79.16
2025-01-19,GCP,BigQuery,us-central1,QA,23.38,79.07
2025-01-19,GCP,BigQuery,europe-west1,DevOps,17.34,27.38
2025-01-19,GCP,Cloud CDN,us-central1,Finance,16.78,42.59
2025-01-19,GCP,Cloud Functions,us-central1,DevOps,7.62,17.02
2025-01-19,GCP,Cloud Functions,asia-south1,Finance,3.91,10.26
2025-01-19,GCP,Cloud Storage,us-central1,DevOps,9.87,34.92
2025-01-19,GCP,Cloud Storage,europe-west1,DevOps,7.01,25.48
2025-01-19,GCP,Cloud Storage,asia-south1,DevOps,35.66,24.21
2025-01-19,GCP,Compute Engine,us-central1,Finance,41.42,79.27
2025-01-19,GCP,Compute Engine,europe-west1,Finance,64.29,139.55
2025-01-19,GCP,Compute Engine,asia-south1,Marketing,68.53,161.53
2025-01-20,AWS,CloudFront,eu-west-1,QA,13.1,48.35
2025-01-20,AWS,EBS,us-west-2,Engineering,13.31,25.92
2025-01-20,AWS,EBS,eu-west-1,Engineering,16.0,31.08
2025-01-20,AWS,EBS,ap-south-1,Finance,9.25,32.03
2025-01-20,AWS,EC2,us-east-1,DevOps,44.23,134.6
2025-01-20,AWS,EC2,us-west-2,Marketing,43.99,119.67
2025-01-20,AWS,EC2,eu-west-1,Finance,41.2,113.87
2025-01-20,AWS,Lambda,us-west-2,DevOps,4.4,7.35
2025-01-20,AWS,Lambda,eu-west-1,QA,4.09,11.53
2025-01-20,AWS,Lambda,ap-south-1,Marketing,4.42,7.42
2025-01-20,AWS,RDS,us-east-1,Engineering,30.56,95.86
2025-01-20,AWS,RDS,us-west-2,Finance,36.2,133.76
2025-01-20,AWS,RDS,eu-west-1,QA,38.55,116.16
2025-01-20,AWS,RDS,ap-south-1,Engineering,48.81,70.19
2025-01-20,AWS,S3,us-east-1,DevOps,7.91,17.7
2025-01-20,AWS,S3,us-west-2,Marketing,8.27,27.24
2025-01-20,AWS,S3,eu-west-1,Engineering,6.62,23.13
2025-01-20,AWS,S3,ap-south-1,QA,12.0,26.78
2025-01-20,Azure,Blob Storage,East US,DevOps,13.11,50.02
2025-01-20,Azure,Blob Storage,West Europe,Engineering,11.84,31.79
2025-01-20,Azure,Blob Storage,Southeast Asia,Engineering,13.62,47.52
2025-01-20,Azure,CDN,East US,Data Science,10.76,24.27
2025-01-20,Azure,CDN,Southeast Asia,Engineering,9.4,24.9
2025-01-20,Azure,Functions,Central India,QA,8.09,18.88
2025-01-20,Azure,Functions,Southeast Asia,QA,9.81,25.08
2025-01-20,Azure,SQL Database,East US,QA,33.36,101.19
2025-01-20,Azure,SQL Database,Central India,DevOps,49.43,183.21
2025-01-20,Azure,Virtual Machines,East US,DevOps,53.16,89.78
2025-01-20,Azure,Virtual Machines,West Europe,QA,57.46,190.35
2025-01-20,Azure,Virtual Machines,Central India,Data Science,46.63,133.47
2025-01-20,Azure,Virtual Machines,Southeast Asia,Marketing,45.28,78.21
2025-01-20,GCP,BigQuery,us-central1,QA,27.93,89.4
2025-01-20,GCP,BigQuery,europe-west1,DevOps,15.17,21.94
2025-01-20,GCP,Cloud CDN,us-central1,Finance,11.89,29.56
2025-01-20,GCP,Cloud Functions,us-central1,DevOps,8.22,21.55
2025-01-20,GCP,Cloud Functions,asia-south1,Finance,4.31,10.34
2025-01-20,GCP,Cloud Storage,us-central1,DevOps,10.27,35.12
2025-01-20,GCP,Cloud Storage,europe-west1,DevOps,7.35,25.42
2025-01-20,GCP,Cloud Storage,asia-south1,DevOps,13.47,26.11
2025-01-20,GCP,Compute Engine,us-central1,Finance,36.52,80.88
2025-01-20,GCP,Compute Engine,europe-west1,Finance,71.11,150.0
2025-01-20,GCP,Compute Engine,asia-south1,Marketing,70.2,181.22
2025-01-21,AWS,CloudFront,eu-west-1,QA,12.88,47.89
2025-01-21,AWS,EBS,us-west-2,Engineering,11.12,22.5
2025-01-21,AWS,EBS,eu-west-1,Engineering,16.08,33.79
2025-01-21,AWS,EBS,ap-south-1,Finance,9.77,40.08
2025-01-21,AWS,EC2,us-east-1,DevOps,44.66,119.7
2025-01-21,AWS,EC2,us-west-2,Marketing,40.57,102.94
2025-01-21,AWS,EC2,eu-west-1,Finance,36.69,93.49
2025-01-21,AWS,Lambda,us-west-2,DevOps,4.64,7.78
2025-01-21,AWS,Lambda,eu-west-1,QA,4.02,10.96
2025-01-21,AWS,Lambda,ap-south-1,Marketing,4.93,7.58
2025-01-21,AWS,RDS,us-east-1,Engineering,32.83,95.72
2025-01-21,AWS,RDS,us-west-2,Finance,34.83,137.23
2025-01-21,AWS,RDS,eu-west-1,QA,44.23,142.87
2025-01-21,AWS,RDS,ap-south-1,Engineering,45.74,65.39
2025-01-21,AWS,S3,us-east-1,DevOps,8.53,17.17
2025-01-21,AWS,S3,us-west-2,Marketing,7.75,27.27
2025-01-21,AWS,S3,eu-west-1,Engineering,6.21,21.75
2025-01-21,AWS,S3,ap-south-1,QA,9.64,24.0
2025-01-21,Azure,Blob Storage,East US,DevOps,14.56,56.42
2025-01-21,Azure,Blob Storage,West Europe,Engineering,10.16,25.38
2025-01-21,Azure,Blob Storage,Southeast Asia,Engineering,12.35,47.09
2025-01-21,Azure,CDN,East US,Data Science,13.09,27.94
2025-01-21,Azure,CDN,Southeast Asia,Engineering,9.09,24.76
2025-01-21,Azure,Functions,Central India,QA,9.58,22.71
2025-01-21,Azure,Functions,Southeast Asia,QA,9.01,20.83
2025-01-21,Azure,SQL Database,East US,QA,35.81,109.68
2025-01-21,Azure,SQL Database,Central India,DevOps,46.29,165.02
2025-01-21,Azure,Virtual Machines,East US,DevOps,49.9,78.39
2025-01-21,Azure,Virtual Machines,West Europe,QA,62.05,185.68
2025-01-21,Azure,Virtual Machines,Central India,Data Science,44.91,151.99
2025-01-21,Azure,Virtual Machines,Southeast Asia,Marketing,43.85,76.05
2025-01-21,GCP,BigQuery,us-central1,QA,31.57,92.76
2025-01-21,GCP,BigQuery,europe-west1,DevOps,16.46,23.28
2025-01-21,GCP,Cloud CDN,us-central1,Finance,15.52,41.36
2025-01-21,GCP,Cloud Functions,us-central1,DevOps,9.06,21.51
2025-01-21,GCP,Cloud Functions,asia-south1,Finance,4.9,13.1
2025-01-21,GCP,Cloud Storage,us-central1,DevOps,9.82,33.72
2025-01-21,GCP,Cloud Storage,europe-west1,DevOps,6.81,27.61
2025-01-21,GCP,Cloud Storage,asia-south1,DevOps,12.13,22.57
2025-01-21,GCP,Compute Engine,us-central1,Finance,41.22,82.63
2025-01-21,GCP,Compute Engine,europe-west1,Finance,63.37,132.83
2025-01-21,GCP,Compute Engine,asia-south1,Marketing,79.96,173.73
2025-01-22,AWS,CloudFront,eu-west-1,QA,12.22,46.71
2025-01-22,AWS,EBS,us-west-2,Engineering,12.9,25.86
2025-01-22,AWS,EBS,eu-west-1,Engineering,16.87,32.92
2025-01-22,AWS,EBS,ap-south-1,Finance,9.74,35.61
2025-01-22,AWS,EC2,us-east-1,DevOps,46.31,126.59
2025-01-22,AWS,EC2,us-west-2,Marketing,39.08,112.05
2025-01-22,AWS,EC2,eu-west-1,Finance,31.31,73.91
2025-01-22,AWS,Lambda,us-west-2,DevOps,4.3,7.75
2025-01-22,AWS,Lambda,eu-west-1,QA,4.37,10.55
2025-01-22,AWS,Lambda,ap-south-1,Marketing,4.73,7.97
2025-01-22,AWS,RDS,us-east-1,Engineering,33.2,112.97
2025-01-22,AWS,RDS,us-west-2,Finance,32.46,121.84
2025-01-22,AWS,RDS,eu-west-1,QA,38.42,114.7
2025-01-22,AWS,RDS,ap-south-1,Engineering,50.47,70.91
2025-01-22,AWS,S3,us-east-1,DevOps,8.4,16.34
2025-01-22,AWS,S3,us-west-2,Marketing,9.66,32.77
2025-01-22,AWS,S3,eu-west-1,Engineering,6.98,26.6
2025-01-22,AWS,S3,ap-south-1,QA,10.9,26.53
2025-01-22,Azure,Blob Storage,East US,DevOps,13.16,46.58
2025-01-22,Azure,Blob Storage,West Europe,Engineering,10.31,27.62
2025-01-22,Azure,Blob Storage,Southeast Asia,Engineering,13.83,45.89
2025-01-22,Azure,CDN,East US,Data Science,13.35,27.49
2025-01-22,Azure,CDN,Southeast Asia,Engineering,9.19,21.79
2025-01-22,Azure,Functions,Central India,QA,7.77,17.3
2025-01-22,Azure,Functions,Southeast Asia,QA,7.74,18.4
2025-01-22,Azure,SQL Database,East US,QA,30.35,107.42
2025-01-22,Azure,SQL Database,Central India,DevOps,53.11,172.15
2025-01-22,Azure,Virtual Machines,East US,DevOps,55.47,88.58
2025-01-22,Azure,Virtual Machines,West Europe,QA,65.26,223.23
2025-01-22,Azure,Virtual Machines,Central India,Data Science,42.7,132.16
2025-01-22,Azure,Virtual Machines,Southeast Asia,Marketing,49.33,91.78
2025-01-22,GCP,BigQuery,us-central1,QA,29.67,96.82
2025-01-22,GCP,BigQuery,europe-west1,DevOps,18.27,29.45
2025-01-22,GCP,Cloud CDN,us-central1,Finance,14.27,37.35
2025-01-22,GCP,Cloud Functions,us-central1,DevOps,8.32,18.98
2025-01-22,GCP,Cloud Functions,asia-south1,Finance,4.74,11.12
2025-01-22,GCP,Cloud Storage,us-central1,DevOps,10.38,39.87
2025-01-22,GCP,Cloud Storage,europe-west1,DevOps,6.98,27.32
2025-01-22,GCP,Cloud Storage,asia-south1,DevOps,12.1,25.86
2025-01-22,GCP,Compute Engine,us-central1,Finance,42.46,95.95
2025-01-22,GCP,Compute Engine,europe-west1,Finance,71.12,142.81
2025-01-22,GCP,Compute Engine,asia-south1,Marketing,77.93,183.69
2025-01-23,AWS,CloudFront,eu-west-1,QA,13.39,43.82
2025-01-23,AWS,EBS,us-west-2,Engineering,13.14,22.97
2025-01-23,AWS,EBS,eu-west-1,Engineering,13.12,27.01
2025-01-23,AWS,EBS,ap-south-1,Finance,8.97,37.59
2025-01-23,AWS,EC2,us-east-1,DevOps,42.59,117.66
2025-01-23,AWS,EC2,us-west-2,Marketing,39.39,106.03
2025-01-23,AWS,EC2,eu-west-1,Finance,38.87,106.37
2025-01-23,AWS,Lambda,us-west-2,DevOps,4.04,6.72
2025-01-23,AWS,Lambda,eu-west-1,QA,4.28,12.4
2025-01-23,AWS,Lambda,ap-south-1,Marketing,5.63,9.7
2025-01-23,AWS,RDS,us-east-1,Engineering,35.95,111.48
2025-01-23,AWS,RDS,us-west-2,Finance,40.31,145.0
2025-01-23,AWS,RDS,eu-west-1,QA,45.29,138.54
2025-01-23,AWS,RDS,ap-south-1,Engineering,49.48,75.74
2025-01-23,AWS,S3,us-east-1,DevOps,8.49,16.76
2025-01-23,AWS,S3,us-west-2,Marketing,7.96,26.81
2025-01-23,AWS,S3,eu-west-1,Engineering,6.27,22.66
2025-01-23,AWS,S3,ap-south-1,QA,11.47,25.11
2025-01-23,Azure,Blob Storage,East US,DevOps,13.55,50.24
2025-01-23,Azure,Blob Storage,West Europe,Engineering,12.0,29.11
2025-01-23,Azure,Blob Storage,Southeast Asia,Engineering,14.85,52.91
2025-01-23,Azure,CDN,East US,Data Science,14.2,33.55
2025-01-23,Azure,CDN,Southeast Asia,Engineering,10.29,25.57
2025-01-23,Azure,Functions,Central India,QA,9.12,20.86
2025-01-23,Azure,Functions,Southeast Asia,QA,8.5,22.37
2025-01-23,Azure,SQL Database,East US,QA,36.58,131.88
2025-01-23,Azure,SQL Database,Central India,DevOps,45.05,143.06
2025-01-23,Azure,Virtual Machines,East US,DevOps,49.65,86.16
2025-01-23,Azure,Virtual Machines,West Europe,QA,56.82,185.79
2025-01-23,Azure,Virtual Machines,Central India,Data Science,41.12,137.32
2025-01-23,Azure,Virtual Machines,Southeast Asia,Marketing,47.27,92.68
2025-01-23,GCP,BigQuery,us-central1,QA,30.46,101.7
2025-01-23,GCP,BigQuery,europe-west1,DevOps,18.85,30.72
2025-01-23,GCP,Cloud CDN,us-central1,Finance,16.17,42.3
2025-01-23,GCP,Cloud Functions,us-central1,DevOps,8.74,20.14
2025-01-23,GCP,Cloud Functions,asia-south1,Finance,4.97,13.18
2025-01-23,GCP,Cloud Storage,us-central1,DevOps,9.54,31.58
2025-01-23,GCP,Cloud Storage,europe-west1,DevOps,5.85,22.59
2025-01-23,GCP,Cloud Storage,asia-south1,DevOps,12.63,23.75
2025-01-23,GCP,Compute Engine,us-central1,Finance,48.9,104.79
2025-01-23,GCP,Compute Engine,europe-west1,Finance,65.15,136.15
2025-01-23,GCP,Compute Engine,asia-south1,Marketing,62.77,153.34
2025-01-24,AWS,CloudFront,eu-west-1,QA,13.1,46.66
2025-01-24,AWS,EBS,us-west-2,Engineering,12.57,26.15
2025-01-24,AWS,EBS,eu-west-1,Engineering,16.94,33.08
2025-01-24,AWS,EBS,ap-south-1,Finance,9.27,38.53
2025-01-24,AWS,EC2,us-east-1,DevOps,43.68,122.67
2025-01-24,AWS,EC2,us-west-2,Marketing,42.03,117.14
2025-01-24,AWS,EC2,eu-west-1,Finance,38.59,90.16
2025-01-24,AWS,Lambda,us-west-2,DevOps,4.13,6.75
2025-01-24,AWS,Lambda,eu-west-1,QA,4.6,12.74
2025-01-24,AWS,Lambda,ap-south-1,Marketing,5.53,8.61
2025-01-24,AWS,RDS,us-east-1,Engineering,35.99,124.14
2025-01-24,AWS,RDS,us-west-2,Finance,38.93,138.33
2025-01-24,AWS,RDS,eu-west-1,QA,38.94,126.83
2025-01-24,AWS,RDS,ap-south-1,Engineering,45.58,70.53
2025-01-24,AWS,S3,us-east-1,DevOps,9.16,19.95
2025-01-24,AWS,S3,us-west-2,Marketing,8.75,26.95
2025-01-24,AWS,S3,eu-west-1,Engineering,4.98,17.07
2025-01-24,AWS,S3,ap-south-1,QA,11.14,26.3
2025-01-24,Azure,Blob Storage,East US,DevOps,13.02,42.46
2025-01-24,Azure,Blob Storage,West Europe,Engineering,10.11,25.87
2025-01-24,Azure,Blob Storage,Southeast Asia,Engineering,14.45,47.96
2025-01-24,Azure,CDN,East US,Data Science,12.18,27.97
2025-01-24,Azure,CDN,Southeast Asia,Engineering,10.37,27.83
2025-01-24,Azure,Functions,Central India,QA,9.43,22.19
2025-01-24,Azure,Functions,Southeast Asia,QA,7.75,17.67
2025-01-24,Azure,SQL Database,East US,QA,29.57,94.31
2025-01-24,Azure,SQL Database,Central India,DevOps,51.19,170.65
2025-01-24,Azure,Virtual Machines,East US,DevOps,52.98,91.21
2025-01-24,Azure,Virtual Machines,West Europe,QA,53.85,173.21
2025-01-24,Azure,Virtual Machines,Central India,Data Science,49.18,168.57
2025-01-24,Azure,Virtual Machines,Southeast Asia,Marketing,52.9,105.76
2025-01-24,GCP,BigQuery,us-central1,QA,29.11,88.19
2025-01-24,GCP,BigQuery,europe-west1,DevOps,17.6,28.25
2025-01-24,GCP,Cloud CDN,us-central1,Finance,16.85,50.44
2025-01-24,GCP,Cloud Functions,us-central1,DevOps,7.63,20.59
2025-01-24,GCP,Cloud Functions,asia-south1,Finance,4.68,12.82
2025-01-24,GCP,Cloud Storage,us-central1,DevOps,10.79,39.58
2025-01-24,GCP,Cloud Storage,europe-west1,DevOps,7.39,28.45
2025-01-24,GCP,Cloud Storage,asia-south1,DevOps,10.95,19.83
2025-01-24,GCP,Compute Engine,us-central1,Finance,44.06,102.53
2025-01-24,GCP,Compute Engine,europe-west1,Finance,59.54,126.73
2025-01-24,GCP,Compute Engine,asia-south1,Marketing,63.16,141.29
2025-01-25,AWS,CloudFront,eu-west-1,QA,14.1,48.55
2025-01-25,AWS,EBS,us-west-2,Engineering,11.0,21.85
2025-01-25,AWS,EBS,eu-west-1,Engineering,18.7,36.22
2025-01-25,AWS,EBS,ap-south-1,Finance,8.97,37.21
2025-01-25,AWS,EC2,us-east-1,DevOps,44.28,142.55
2025-01-25,AWS,EC2,us-west-2,Marketing,41.17,99.86
2025-01-25,AWS,EC2,eu-west-1,Finance,36.1,96.94
2025-01-25,AWS,Lambda,us-west-2,DevOps,4.15,7.66
2025-01-25,AWS,Lambda,eu-west-1,QA,4.23,10.24
2025-01-25,AWS,Lambda,ap-south-1,Marketing,5.91,9.42
2025-01-25,AWS,RDS,us-east-1,Engineering,35.58,109.88
2025-01-25,AWS,RDS,us-west-2,Finance,37.01,125.42
2025-01-25,AWS,RDS,eu-west-1,QA,48.82,166.6
2025-01-25,AWS,RDS,ap-south-1,Engineering,45.46,71.72
2025-01-25,AWS,S3,us-east-1,DevOps,8.75,19.96
2025-01-25,AWS,S3,us-west-2,Marketing,9.44,31.18
2025-01-25,AWS,S3,eu-west-1,Engineering,6.72,26.58
2025-01-25,AWS,S3,ap-south-1,QA,9.21,22.61
2025-01-25,Azure,Blob Storage,East US,DevOps,13.29,48.64
2025-01-25,Azure,Blob Storage,West Europe,Engineering,10.58,25.1
2025-01-25,Azure,Blob Storage,Southeast Asia,Engineering,13.97,49.56
2025-01-25,Azure,CDN,East US,Data Science,10.8,22.89
2025-01-25,Azure,CDN,Southeast Asia,Engineering,11.22,28.54
2025-01-25,Azure,Functions,Central India,QA,8.42,21.71
2025-01-25,Azure,Functions,Southeast Asia,QA,8.56,22.53
2025-01-25,Azure,SQL Database,East US,QA,36.22,113.96
2025-01-25,Azure,SQL Database,Central India,DevOps,51.16,161.15
2025-01-25,Azure,Virtual Machines,East US,DevOps,49.03,73.89
2025-01-25,Azure,Virtual Machines,West Europe,QA,64.46,196.73
2025-01-25,Azure,Virtual Machines,Central India,Data Science,47.98,155.41
2025-01-25,Azure,Virtual Machines,Southeast Asia,Marketing,45.55,86.17
2025-01-25,GCP,BigQuery,us-central1,QA,24.64,78.15
2025-01-25,GCP,BigQuery,europe-west1,DevOps,16.73,26.38
2025-01-25,GCP,Cloud CDN,us-central1,Finance,16.95,49.64
2025-01-25,GCP,Cloud Functions,us-central1,DevOps,7.59,19.79
2025-01-25,GCP,Cloud Functions,asia-south1,Finance,4.43,12.33
2025-01-25,GCP,Cloud Storage,us-central1,DevOps,9.47,32.99
2025-01-25,GCP,Cloud Storage,europe-west1,DevOps,7.23,26.67
2025-01-25,GCP,Cloud Storage,asia-south1,DevOps,14.26,28.64
2025-01-25,GCP,Compute Engine,us-central1,Finance,37.82,75.55
2025-01-25,GCP,Compute Engine,europe-west1,Finance,47.79,89.78
2025-01-25,GCP,Compute Engine,asia-south1,Marketing,74.34,191.65
2025-01-26,AWS,CloudFront,eu-west-1,QA,11.02,37.26
2025-01-26,AWS,EBS,us-west-2,Engineering,12.49,25.99
2025-01-26,AWS,EBS,eu-west-1,Engineering,14.03,30.49
2025-01-26,AWS,EBS,ap-south-1,Finance,9.22,37.36
2025-01-26,AWS,EC2,us-east-1,DevOps,46.44,141.36
2025-01-26,AWS,EC2,us-west-2,Marketing,45.27,127.11
2025-01-26,AWS,EC2,eu-west-1,Finance,39.2,106.21
2025-01-26,AWS,Lambda,us-west-2,DevOps,4.0,6.82
2025-01-26,AWS,Lambda,eu-west-1,QA,5.01,14.23
2025-01-26,AWS,Lambda,ap-south-1,Marketing,5.53,8.94
2025-01-26,AWS,RDS,us-east-1,Engineering,32.27,103.47
2025-01-26,AWS,RDS,us-west-2,Finance,41.28,156.72
2025-01-26,AWS,RDS,eu-west-1,QA,45.14,144.06
2025-01-26,AWS,RDS,ap-south-1,Engineering,48.96,76.86
2025-01-26,AWS,S3,us-east-1,DevOps,8.22,15.93
2025-01-26,AWS,S3,us-west-2,Marketing,8.26,28.38
2025-01-26,AWS,S3,eu-west-1,Engineering,6.37,21.89
2025-01-26,AWS,S3,ap-south-1,QA,10.17,25.43
2025-01-26,Azure,Blob Storage,East US,DevOps,12.47,49.48
2025-01-26,Azure,Blob Storage,West Europe,Engineering,9.71,23.91
2025-01-26,Azure,Blob Storage,Southeast Asia,Engineering,14.77,48.24
2025-01-26,Azure,CDN,East US,Data Science,13.14,27.52
2025-01-26,Azure,CDN,Southeast Asia,Engineering,9.52,25.78
2025-01-26,Azure,Functions,Central India,QA,7.96,18.13
2025-01-26,Azure,Functions,Southeast Asia,QA,7.61,20.75
2025-01-26,Azure,SQL Database,East US,QA,36.15,112.02
2025-01-26,Azure,SQL Database,Central India,DevOps,53.37,197.82
2025-01-26,Azure,Virtual Machines,East US,DevOps,53.76,91.16
2025-01-26,Azure,Virtual Machines,West Europe,QA,57.61,180.64
2025-01-26,Azure,Virtual Machines,Central India,Data Science,42.8,144.61
2025-01-26,Azure,Virtual Machines,Southeast Asia,Marketing,46.13,86.02
2025-01-26,GCP,BigQuery,us-central1,QA,28.88,86.81
2025-01-26,GCP,BigQuery,europe-west1,DevOps,16.34,23.72
2025-01-26,GCP,Cloud CDN,us-central1,Finance,15.57,38.69
2025-01-26,GCP,Cloud Functions,us-central1,DevOps,7.98,18.69
2025-01-26,GCP,Cloud Functions,asia-south1,Finance,4.34,10.09
2025-01-26,GCP,Cloud Storage,us-central1,DevOps,9.36,32.32
2025-01-26,GCP,Cloud Storage,europe-west1,DevOps,6.39,25.63
2025-01-26,GCP,Cloud Storage,asia-south1,DevOps,12.33,24.51
2025-01-26,GCP,Compute Engine,us-central1,Finance,48.87,108.26
2025-01-26,GCP,Compute Engine,europe-west1,Finance,65.41,126.47
2025-01-26,GCP,Compute Engine,asia-south1,Marketing,79.42,181.55
2025-01-27,AWS,CloudFront,eu-west-1,QA,12.96,45.89
2025-01-27,AWS,EBS,us-west-2,Engineering,14.76,27.23
2025-01-27,AWS,EBS,eu-west-1,Engineering,15.7,31.78
2025-01-27,AWS,EBS,ap-south-1,Finance,8.68,31.25
2025-01-27,AWS,EC2,us-east-1,DevOps,43.73,125.1
2025-01-27,AWS,EC2,us-west-2,Marketing,41.04,116.53
2025-01-27,AWS,EC2,eu-west-1,Finance,35.66,88.91
2025-01-27,AWS,Lambda,us-west-2,DevOps,4.65,7.77
2025-01-27,AWS,Lambda,eu-west-1,QA,3.96,9.94
2025-01-27,AWS,Lambda,ap-south-1,Marketing,6.12,10.5
2025-01-27,AWS,RDS,us-east-1,Engineering,28.16,81.4
2025-01-27,AWS,RDS,us-west-2,Finance,39.31,138.87
2025-01-27,AWS,RDS,eu-west-1,QA,43.08,143.68
2025-01-27,AWS,RDS,ap-south-1,Engineering,44.77,65.02
2025-01-27,AWS,S3,us-east-1,DevOps,7.54,16.84
2025-01-27,AWS,S3,us-west-2,Marketing,8.15,29.39
2025-01-27,AWS,S3,eu-west-1,Engineering,6.89,26.61
2025-01-27,AWS,S3,ap-south-1,QA,10.76,23.03
2025-01-27,Azure,Blob Storage,East US,DevOps,13.62,47.51
2025-01-27,Azure,Blob Storage,West Europe,Engineering,9.49,25.64
2025-01-27,Azure,Blob Storage,Southeast Asia,Engineering,14.25,51.35
2025-01-27,Azure,CDN,East US,Data Science,11.65,26.69
2025-01-27,Azure,CDN,Southeast Asia,Engineering,10.4,28.46
2025-01-27,Azure,Functions,Central India,QA,8.78,20.71
2025-01-27,Azure,Functions,Southeast Asia,QA,8.44,19.38
2025-01-27,Azure,SQL Database,East US,QA,36.05,126.02
2025-01-27,Azure,SQL Database,Central India,DevOps,53.56,193.45
2025-01-27,Azure,Virtual Machines,East US,DevOps,53.52,82.66
2025-01-27,Azure,Virtual Machines,West Europe,QA,56.85,178.4
2025-01-27,Azure,Virtual Machines,Central India,Data Science,46.34,134.37
2025-01-27,Azure,Virtual Machines,Southeast Asia,Marketing,51.2,93.73
2025-01-27,GCP,BigQuery,us-central1,QA,29.49,84.71
2025-01-27,GCP,BigQuery,europe-west1,DevOps,16.16,24.36
2025-01-27,GCP,Cloud CDN,us-central1,Finance,15.32,38.03
2025-01-27,GCP,Cloud Functions,us-central1,DevOps,8.08,21.81
2025-01-27,GCP,Cloud Functions,asia-south1,Finance,4.04,9.42
2025-01-27,GCP,Cloud Storage,us-central1,DevOps,9.56,34.67
2025-01-27,GCP,Cloud Storage,europe-west1,DevOps,6.95,28.47
2025-01-27,GCP,Cloud Storage,asia-south1,DevOps,12.81,26.36
2025-01-27,GCP,Compute Engine,us-central1,Finance,41.47,88.77
2025-01-27,GCP,Compute Engine,europe-west1,Finance,68.56,130.79
2025-01-27,GCP,Compute Engine,asia-south1,Marketing,60.58,155.13
2025-01-28,AWS,CloudFront,eu-west-1,QA,12.2,45.04
2025-01-28,AWS,EBS,us-west-2,Engineering,12.29,24.38
2025-01-28,AWS,EBS,eu-west-1,Engineering,15.86,30.55
2025-01-28,AWS,EBS,ap-south-1,Finance,9.73,37.34
2025-01-28,AWS,EC2,us-east-1,DevOps,44.22,135.66
2025-01-28,AWS,EC2,us-west-2,Marketing,44.02,114.95
2025-01-28,AWS,EC2,eu-west-1,Finance,40.15,109.84
2025-01-28,AWS,Lambda,us-west-2,DevOps,4.57,7.68
2025-01-28,AWS,Lambda,eu-west-1,QA,4.87,13.22
2025-01-28,AWS,Lambda,ap-south-1,Marketing,5.17,7.76
2025-01-28,AWS,RDS,us-east-1,Engineering,28.15,87.54
2025-01-28,AWS,RDS,us-west-2,Finance,34.97,121.39
2025-01-28,AWS,RDS,eu-west-1,QA,48.9,163.23
2025-01-28,AWS,RDS,ap-south-1,Engineering,48.07,70.37
2025-01-28,AWS,S3,us-east-1,DevOps,7.87,16.25
2025-01-28,AWS,S3,us-west-2,Marketing,8.21,25.44
2025-01-28,AWS,S3,eu-west-1,Engineering,7.77,29.69
2025-01-28,AWS,S3,ap-south-1,QA,11.93,30.46
2025-01-28,Azure,Blob Storage,East US,DevOps,14.0,51.68
2025-01-28,Azure,Blob Storage,West Europe,Engineering,12.24,29.09
2025-01-28,Azure,Blob Storage,Southeast Asia,Engineering,14.66,55.75
2025-01-28,Azure,CDN,East US,Data Science,11.27,26.33
2025-01-28,Azure,CDN,Southeast Asia,Engineering,10.01,23.6
2025-01-28,Azure,Functions,Central India,QA,8.58,19.07
2025-01-28,Azure,Functions,Southeast Asia,QA,8.56,20.19
2025-01-28,Azure,SQL Database,East US,QA,33.48,103.54
2025-01-28,Azure,SQL Database,Central India,DevOps,48.65,171.01
2025-01-28,Azure,Virtual Machines,East US,DevOps,56.81,82.01
2025-01-28,Azure,Virtual Machines,West Europe,QA,57.42,207.3
2025-01-28,Azure,Virtual Machines,Central India,Data Science,33.99,113.33
2025-01-28,Azure,Virtual Machines,Southeast Asia,Marketing,46.41,81.65
2025-01-28,GCP,BigQuery,us-central1,QA,26.14,80.34
2025-01-28,GCP,BigQuery,europe-west1,DevOps,16.19,26.4
2025-01-28,GCP,Cloud CDN,us-central1,Finance,17.47,50.75
2025-01-28,GCP,Cloud Functions,us-central1,DevOps,8.83,20.25
2025-01-28,GCP,Cloud Functions,asia-south1,Finance,4.87,13.5
2025-01-28,GCP,Cloud Storage,us-central1,DevOps,9.18,35.9
2025-01-28,GCP,Cloud Storage,europe-west1,DevOps,6.92,23.49
2025-01-28,GCP,Cloud Storage,asia-south1,DevOps,12.31,25.32
2025-01-28,GCP,Compute Engine,us-central1,Finance,41.54,95.69
2025-01-28,GCP,Compute Engine,europe-west1,Finance,74.41,161.51
2025-01-28,GCP,Compute Engine,asia-south1,Marketing,79.78,191.7
2025-01-29,AWS,CloudFront,eu-west-1,QA,12.44,39.32
2025-01-29,AWS,EBS,us-west-2,Engineering,12.21,24.98
2025-01-29,AWS,EBS,eu-west-1,Engineering,16.28,30.67
2025-01-29,AWS,EBS,ap-south-1,Finance,10.27,37.0
2025-01-29,AWS,EC2,us-east-1,DevOps,41.78,132.52
2025-01-29,AWS,EC2,us-west-2,Marketing,42.31,113.12
2025-01-29,AWS,EC2,eu-west-1,Finance,47.47,122.32
2025-01-29,AWS,Lambda,us-west-2,DevOps,3.81,6.8
2025-01-29,AWS,Lambda,eu-west-1,QA,4.17,11.05
2025-01-29,AWS,Lambda,ap-south-1,Marketing,6.15,9.92
2025-01-29,AWS,RDS,us-east-1,Engineering,35.82,106.54
2025-01-29,AWS,RDS,us-west-2,Finance,34.4,132.41
2025-01-29,AWS,RDS,eu-west-1,QA,46.63,152.71
2025-01-29,AWS,RDS,ap-south-1,Engineering,46.09,72.37
2025-01-29,AWS,S3,us-east-1,DevOps,8.18,17.38
2025-01-29,AWS,S3,us-west-2,Marketing,9.23,27.41
2025-01-29,AWS,S3,eu-west-1,Engineering,7.81,32.35
2025-01-29,AWS,S3,ap-south-1,QA,11.64,27.96
2025-01-29,Azure,Blob Storage,East US,DevOps,11.53,43.96
2025-01-29,Azure,Blob Storage,West Europe,Engineering,12.27,32.84
2025-01-29,Azure,Blob Storage,Southeast Asia,Engineering,12.31,45.76
2025-01-29,Azure,CDN,East US,Data Science,12.26,27.99
2025-01-29,Azure,CDN,Southeast Asia,Engineering,11.06,28.08
2025-01-29,Azure,Functions,Central India,QA,7.88,19.4
2025-01-29,Azure,Functions,Southeast Asia,QA,7.72,17.51
2025-01-29,Azure,SQL Database,East US,QA,37.2,132.5
2025-01-29,Azure,SQL Database,Central India,DevOps,49.56,185.44
2025-01-29,Azure,Virtual Machines,East US,DevOps,59.64,95.6
2025-01-29,Azure,Virtual Machines,West Europe,QA,56.04,183.61
2025-01-29,Azure,Virtual Machines,Central India,Data Science,46.69,139.37
2025-01-29,Azure,Virtual Machines,Southeast Asia,Marketing,52.41,91.28
2025-01-29,GCP,BigQuery,us-central1,QA,28.37,93.43
2025-01-29,GCP,BigQuery,europe-west1,DevOps,16.01,22.35
2025-01-29,GCP,Cloud CDN,us-central1,Finance,15.4,46.52
2025-01-29,GCP,Cloud Functions,us-central1,DevOps,7.68,19.86
2025-01-29,GCP,Cloud Functions,asia-south1,Finance,4.14,11.19
2025-01-29,GCP,Cloud Storage,us-central1,DevOps,10.57,39.21
2025-01-29,GCP,Cloud Storage,europe-west1,DevOps,7.4,25.54
2025-01-29,GCP,Cloud Storage,asia-south1,DevOps,14.39,28.85
2025-01-29,GCP,Compute Engine,us-central1,Finance,49.18,99.4
2025-01-29,GCP,Compute Engine,europe-west1,Finance,67.61,142.34
2025-01-29,GCP,Compute Engine,asia-south1,Marketing,88.7,188.34
2025-01-30,AWS,CloudFront,eu-west-1,QA,13.57,51.89
2025-01-30,AWS,EBS,us-west-2,Engineering,12.13,22.61
2025-01-30,AWS,EBS,eu-west-1,Engineering,16.39,29.45
2025-01-30,AWS,EBS,ap-south-1,Finance,8.86,32.14
2025-01-30,AWS,EC2,us-east-1,DevOps,41.76,133.51
2025-01-30,AWS,EC2,us-west-2,Marketing,43.4,119.65
2025-01-30,AWS,EC2,eu-west-1,Finance,33.61,85.7
2025-01-30,AWS,Lambda,us-west-2,DevOps,4.11,6.69
2025-01-30,AWS,Lambda,eu-west-1,QA,3.81,10.01
2025-01-30,AWS,Lambda,ap-south-1,Marketing,5.59,8.5
2025-01-30,AWS,RDS,us-east-1,Engineering,35.39,118.53
2025-01-30,AWS,RDS,us-west-2,Finance,40.06,155.0
2025-01-30,AWS,RDS,eu-west-1,QA,44.38,133.58
2025-01-30,AWS,RDS,ap-south-1,Engineering,48.91,71.88
2025-01-30,AWS,S3,us-east-1,DevOps,8.92,20.66
2025-01-30,AWS,S3,us-west-2,Marketing,9.34,28.16
2025-01-30,AWS,S3,eu-west-1,Engineering,6.64,25.07
2025-01-30,AWS,S3,ap-south-1,QA,11.48,28.87
2025-01-30,Azure,Blob Storage,East US,DevOps,11.54,42.74
2025-01-30,Azure,Blob Storage,West Europe,Engineering,11.53,27.8
2025-01-30,Azure,Blob Storage,Southeast Asia,Engineering,15.57,56.01
2025-01-30,Azure,CDN,East US,Data Science,13.77,30.98
2025-01-30,Azure,CDN,Southeast Asia,Engineering,10.62,28.88
2025-01-30,Azure,Functions,Central India,QA,8.03,19.97
2025-01-30,Azure,Functions,Southeast Asia,QA,8.68,20.15
2025-01-30,Azure,SQL Database,East US,QA,36.8,124.85
2025-01-30,Azure,SQL Database,Central India,DevOps,49.35,157.93
2025-01-30,Azure,Virtual Machines,East US,DevOps,55.93,96.75
2025-01-30,Azure,Virtual Machines,West Europe,QA,63.27,190.89
2025-01-30,Azure,Virtual Machines,Central India,Data Science,42.14,131.09
2025-01-30,Azure,Virtual Machines,Southeast Asia,Marketing,48.89,96.97
2025-01-30,GCP,BigQuery,us-central1,QA,22.03,68.52
2025-01-30,GCP,BigQuery,europe-west1,DevOps,17.08,25.69
2025-01-30,GCP,Cloud CDN,us-central1,Finance,15.93,43.54
2025-01-30,GCP,Cloud Functions,us-central1,DevOps,8.12,20.68
2025-01-30,GCP,Cloud Functions,asia-south1,Finance,4.69,12.64
2025-01-30,GCP,Cloud Storage,us-central1,DevOps,8.73,33.46
2025-01-30,GCP,Cloud Storage,europe-west1,DevOps,6.55,25.55
2025-01-30,GCP,Cloud Storage,asia-south1,DevOps,13.69,25.23
2025-01-30,GCP,Compute Engine,us-central1,Finance,40.48,78.28
2025-01-30,GCP,Compute Engine,europe-west1,Finance,72.98,146.83
2025-01-30,GCP,Compute Engine,asia-south1,Marketing,81.21,184.18
2025-01-31,AWS,CloudFront,eu-west-1,QA,11.51,42.73
2025-01-31,AWS,EBS,us-west-2,Engineering,12.85,26.81
2025-01-31,AWS,EBS,eu-west-1,Engineering,15.0,30.92
2025-01-31,AWS,EBS,ap-south-1,Finance,10.46,40.77
2025-01-31,AWS,EC2,us-east-1,DevOps,47.99,128.11
2025-01-31,AWS,EC2,us-west-2,Marketing,41.77,102.24
2025-01-31,AWS,EC2,eu-west-1,Finance,37.72,88.09
2025-01-31,AWS,Lambda,us-west-2,DevOps,4.02,6.61
2025-01-31,AWS,Lambda,eu-west-1,QA,4.54,13.06
2025-01-31,AWS,Lambda,ap-south-1,Marketing,6.66,9.9
2025-01-31,AWS,RDS,us-east-1,Engineering,31.53,104.59
2025-01-31,AWS,RDS,us-west-2,Finance,38.85,152.39
2025-01-31,AWS,RDS,eu-west-1,QA,36.71,124.93
2025-01-31,AWS,RDS,ap-south-1,Engineering,46.96,67.06
2025-01-31,AWS,S3,us-east-1,DevOps,8.36,17.23
2025-01-31,AWS,S3,us-west-2,Marketing,8.64,27.76
2025-01-31,AWS,S3,eu-west-1,Engineering,6.29,21.75
2025-01-31,AWS,S3,ap-south-1,QA,12.87,32.37
2025-01-31,Azure,Blob Storage,East US,DevOps,11.29,40.25
2025-01-31,Azure,Blob Storage,West Europe,Engineering,11.51,26.32
2025-01-31,Azure,Blob Storage,Southeast Asia,Engineering,15.42,58.99
2025-01-31,Azure,CDN,East US,Data Science,11.87,24.56
2025-01-31,Azure,CDN,Southeast Asia,Engineering,10.9,27.67
2025-01-31,Azure,Functions,Central India,QA,8.79,22.95
2025-01-31,Azure,Functions,Southeast Asia,QA,8.43,21.72
2025-01-31,Azure,SQL Database,East US,QA,35.11,124.44
2025-01-31,Azure,SQL Database,Central India,DevOps,56.43,204.27
2025-01-31,Azure,Virtual Machines,East US,DevOps,55.0,95.1
2025-01-31,Azure,Virtual Machines,West Europe,QA,53.29,164.22
2025-01-31,Azure,Virtual Machines,Central India,Data Science,53.48,172.2
2025-01-31,Azure,Virtual Machines,Southeast Asia,Marketing,38.06,70.84
2025-01-31,GCP,BigQuery,us-central1,QA,27.95,85.98
2025-01-31,GCP,BigQuery,europe-west1,DevOps,16.4,23.98
2025-01-31,GCP,Cloud CDN,us-central1,Finance,15.29,41.54
2025-01-31,GCP,Cloud Functions,us-central1,DevOps,8.89,23.38
2025-01-31,GCP,Cloud Functions,asia-south1,Finance,4.66,12.47
2025-01-31,GCP,Cloud Storage,us-central1,DevOps,9.65,35.68
2025-01-31,GCP,Cloud Storage,europe-west1,DevOps,6.24,22.27
2025-01-31,GCP,Cloud Storage,asia-south1,DevOps,14.01,29.56
2025-01-31,GCP,Compute Engine,us-central1,Finance,42.14,90.13
2025-01-31,GCP,Compute Engine,europe-west1,Finance,65.22,141.17
2025-01-31,GCP,Compute Engine,asia-south1,Marketing,69.52,148.17
2025-02-01,AWS,CloudFront,eu-west-1,QA,13.15,48.28
2025-02-01,AWS,EBS,us-west-2,Engineering,12.26,22.31
2025-02-01,AWS,EBS,eu-west-1,Engineering,15.91,30.69
2025-02-01,AWS,EBS,ap-south-1,Finance,9.59,33.2
2025-02-01,AWS,EC2,us-east-1,DevOps,50.3,144.21
2025-02-01,AWS,EC2,us-west-2,Marketing,45.02,117.91
2025-02-01,AWS,EC2,eu-west-1,Finance,37.26,91.7
2025-02-01,AWS,Lambda,us-west-2,DevOps,4.52,7.99
2025-02-01,AWS,Lambda,eu-west-1,QA,4.37,11.52
2025-02-01,AWS,Lambda,ap-south-1,Marketing,5.99,8.67
2025-02-01,AWS,RDS,us-east-1,Engineering,29.35,98.1
2025-02-01,AWS,RDS,us-west-2,Finance,38.22,142.81
2025-02-01,AWS,RDS,eu-west-1,QA,40.72,127.49
2025-02-01,AWS,RDS,ap-south-1,Engineering,44.97,66.43
2025-02-01,AWS,S3,us-east-1,DevOps,7.94,16.82
2025-02-01,AWS,S3,us-west-2,Marketing,9.92,34.76
2025-02-01,AWS,S3,eu-west-1,Engineering,7.06,27.02
2025-02-01,AWS,S3,ap-south-1,QA,12.89,28.62
2025-02-01,Azure,Blob Storage,East US,DevOps,14.69,49.55
2025-02-01,Azure,Blob Storage,West Europe,Engineering,27.15,26.31
2025-02-01,Azure,Blob Storage,Southeast Asia,Engineering,17.2,58.4
2025-02-01,Azure,CDN,East US,Data Science,11.99,28.1
2025-02-01,Azure,CDN,Southeast Asia,Engineering,11.66,27.33
2025-02-01,Azure,Functions,Central India,QA,9.12,23.61
2025-02-01,Azure,Functions,Southeast Asia,QA,7.94,18.17
2025-02-01,Azure,SQL Database,East US,QA,37.66,124.97
2025-02-01,Azure,SQL Database,Central India,DevOps,52.11,168.09
2025-02-01,Azure,Virtual Machines,East US,DevOps,50.64,73.99
2025-02-01,Azure,Virtual Machines,West Europe,QA,60.25,183.27
2025-02-01,Azure,Virtual Machines,Central India,Data Science,48.03,162.35
2025-02-01,Azure,Virtual Machines,Southeast Asia,Marketing,51.32,101.77
2025-02-01,GCP,BigQuery,us-central1,QA,27.73,84.61
2025-02-01,GCP,BigQuery,europe-west1,DevOps,17.97,28.02
2025-02-01,GCP,Cloud CDN,us-central1,Finance,16.33,42.94
2025-02-01,GCP,Cloud Functions,us-central1,DevOps,8.34,20.12
2025-02-01,GCP,Cloud Functions,asia-south1,Finance,5.13,13.66
2025-02-01,GCP,Cloud Storage,us-central1,DevOps,10.27,38.67
2025-02-01,GCP,Cloud Storage,europe-west1,DevOps,6.38,26.02
2025-02-01,GCP,Cloud Storage,asia-south1,DevOps,13.62,25.33
2025-02-01,GCP,Compute Engine,us-central1,Finance,37.13,79.07
2025-02-01,GCP,Compute Engine,europe-west1,Finance,65.94,139.81
2025-02-01,GCP,Compute Engine,asia-south1,Marketing,78.07,179.65
2025-02-02,AWS,CloudFront,eu-west-1,QA,13.05,47.99
2025-02-02,AWS,EBS,us-west-2,Engineering,12.64,23.24
2025-02-02,AWS,EBS,eu-west-1,Engineering,18.07,38.07
2025-02-02,AWS,EBS,ap-south-1,Finance,9.69,40.42
2025-02-02,AWS,EC2,us-east-1,DevOps,43.38,117.05
2025-02-02,AWS,EC2,us-west-2,Marketing,45.11,115.69
2025-02-02,AWS,EC2,eu-west-1,Finance,38.06,106.2
2025-02-02,AWS,Lambda,us-west-2,DevOps,4.79,7.36
2025-02-02,AWS,Lambda,eu-west-1,QA,4.07,9.94
2025-02-02,AWS,Lambda,ap-south-1,Marketing,5.47,8.83
2025-02-02,AWS,RDS,us-east-1,Engineering,30.4,99.66
2025-02-02,AWS,RDS,us-west-2,Finance,35.19,141.74
2025-02-02,AWS,RDS,eu-west-1,QA,46.89,135.12
2025-02-02,AWS,RDS,ap-south-1,Engineering,51.84,74.97
2025-02-02,AWS,S3,us-east-1,DevOps,7.89,15.19
2025-02-02,AWS,S3,us-west-2,Marketing,8.64,25.66
2025-02-02,AWS,S3,eu-west-1,Engineering,6.55,26.5
2025-02-02,AWS,S3,ap-south-1,QA,12.27,26.79
2025-02-02,Azure,Blob Storage,East US,DevOps,12.18,43.8
2025-02-02,Azure,Blob Storage,West Europe,Engineering,10.05,26.57
2025-02-02,Azure,Blob Storage,Southeast Asia,Engineering,13.89,53.18
2025-02-02,Azure,CDN,East US,Data Science,10.51,24.15
2025-02-02,Azure,CDN,Southeast Asia,Engineering,10.79,27.13
2025-02-02,Azure,Functions,Central India,QA,8.27,19.26
2025-02-02,Azure,Functions,Southeast Asia,QA,9.35,23.2
2025-02-02,Azure,SQL Database,East US,QA,35.47,120.9
2025-02-02,Azure,SQL Database,Central India,DevOps,146.56,169.91
2025-02-02,Azure,Virtual Machines,East US,DevOps,42.85,71.33
2025-02-02,Azure,Virtual Machines,West Europe,QA,61.02,206.27
2025-02-02,Azure,Virtual Machines,Central India,Data Science,37.05,125.42
2025-02-02,Azure,Virtual Machines,Southeast Asia,Marketing,50.32,98.16
2025-02-02,GCP,BigQuery,us-central1,QA,31.96,99.39
2025-02-02,GCP,BigQuery,europe-west1,DevOps,17.71,27.38
2025-02-02,GCP,Cloud CDN,us-central1,Finance,14.18,40.34
2025-02-02,GCP,Cloud Functions,us-central1,DevOps,8.2,19.86
2025-02-02,GCP,Cloud Functions,asia-south1,Finance,5.58,14.57
2025-02-02,GCP,Cloud Storage,us-central1,DevOps,10.02,35.82
2025-02-02,GCP,Cloud Storage,europe-west1,DevOps,7.12,27.73
2025-02-02,GCP,Cloud Storage,asia-south1,DevOps,13.64,24.53
2025-02-02,GCP,Compute Engine,us-central1,Finance,42.59,86.9
2025-02-02,GCP,Compute Engine,europe-west1,Finance,73.56,161.85
2025-02-02,GCP,Compute Engine,asia-south1,Marketing,75.64,193.71
2025-02-03,AWS,CloudFront,eu-west-1,QA,11.93,40.76
2025-02-03,AWS,EBS,us-west-2,Engineering,12.07,24.98
2025-02-03,AWS,EBS,eu-west-1,Engineering,16.37,31.51
2025-02-03,AWS,EBS,ap-south-1,Finance,8.22,33.97
2025-02-03,AWS,EC2,us-east-1,DevOps,46.06,130.47
2025-02-03,AWS,EC2,us-west-2,Marketing,44.23,107.61
2025-02-03,AWS,EC2,eu-west-1,Finance,42.67,107.23
2025-02-03,AWS,Lambda,us-west-2,DevOps,4.57,8.24
2025-02-03,AWS,Lambda,eu-west-1,QA,3.86,11.24
2025-02-03,AWS,Lambda,ap-south-1,Marketing,5.59,9.48
2025-02-03,AWS,RDS,us-east-1,Engineering,33.62,112.55
2025-02-03,AWS,RDS,us-west-2,Finance,39.6,160.78
2025-02-03,AWS,RDS,eu-west-1,QA,38.63,116.25
2025-02-03,AWS,RDS,ap-south-1,Engineering,48.55,67.51
2025-02-03,AWS,S3,us-east-1,DevOps,8.33,16.28
2025-02-03,AWS,S3,us-west-2,Marketing,9.51,31.04
2025-02-03,AWS,S3,eu-west-1,Engineering,6.96,28.99
2025-02-03,AWS,S3,ap-south-1,QA,12.24,30.28
2025-02-03,Azure,Blob Storage,East US,DevOps,13.52,46.97
2025-02-03,Azure,Blob Storage,West Europe,Engineering,10.93,26.23
2025-02-03,Azure,Blob Storage,Southeast Asia,Engineering,14.15,48.53
2025-02-03,Azure,CDN,East US,Data Science,12.08,26.53
2025-02-03,Azure,CDN,Southeast Asia,Engineering,11.55,32.26
2025-02-03,Azure,Functions,Central India,QA,8.44,19.05
2025-02-03,Azure,Functions,Southeast Asia,QA,8.47,21.36
2025-02-03,Azure,SQL Database,East US,QA,37.25,125.22
2025-02-03,Azure,SQL Database,Central India,DevOps,48.51,156.03
2025-02-03,Azure,Virtual Machines,East US,DevOps,57.8,96.81
2025-02-03,Azure,Virtual Machines,West Europe,QA,93.67,177.45
2025-02-03,Azure,Virtual Machines,Central India,Data Science,41.49,119.2
2025-02-03,Azure,Virtual Machines,Southeast Asia,Marketing,50.44,88.76
2025-02-03,GCP,BigQuery,us-central1,QA,27.34,82.62
2025-02-03,GCP,BigQuery,europe-west1,DevOps,18.72,28.52
2025-02-03,GCP,Cloud CDN,us-central1,Finance,15.56,42.58
2025-02-03,GCP,Cloud Functions,us-central1,DevOps,8.37,21.2
2025-02-03,GCP,Cloud Functions,asia-south1,Finance,4.57,12.4
2025-02-03,GCP,Cloud Storage,us-central1,DevOps,9.98,39.24
2025-02-03,GCP,Cloud Storage,europe-west1,DevOps,5.62,20.63
2025-02-03,GCP,Cloud Storage,asia-south1,DevOps,13.82,25.99
2025-02-03,GCP,Compute Engine,us-central1,Finance,42.21,98.2
2025-02-03,GCP,Compute Engine,europe-west1,Finance,54.5,101.38
2025-02-03,GCP,Compute Engine,asia-south1,Marketing,84.82,211.07
2025-02-04,AWS,CloudFront,eu-west-1,QA,13.18,48.39
2025-02-04,AWS,EBS,us-west-2,Engineering,11.33,23.66
2025-02-04,AWS,EBS,eu-west-1,Engineering,16.31,31.46
2025-02-04,AWS,EBS,ap-south-1,Finance,8.14,30.29
2025-02-04,AWS,EC2,us-east-1,DevOps,40.46,110.66
2025-02-04,AWS,EC2,us-west-2,Marketing,44.74,114.03
2025-02-04,AWS,EC2,eu-west-1,Finance,41.17,106.74
2025-02-04,AWS,Lambda,us-west-2,DevOps,4.16,6.9
2025-02-04,AWS,Lambda,eu-west-1,QA,4.46,12.92
2025-02-04,AWS,Lambda,ap-south-1,Marketing,5.14,7.87
2025-02-04,AWS,RDS,us-east-1,Engineering,33.6,99.14
2025-02-04,AWS,RDS,us-west-2,Finance,35.49,140.67
2025-02-04,AWS,RDS,eu-west-1,QA,40.44,135.05
2025-02-04,AWS,RDS,ap-south-1,Engineering,47.42,76.6
2025-02-04,AWS,S3,us-east-1,DevOps,8.97,18.21
2025-02-04,AWS,S3,us-west-2,Marketing,8.31,26.44
2025-02-04,AWS,S3,eu-west-1,Engineering,6.39,23.88
2025-02-04,AWS,S3,ap-south-1,QA,11.29,24.91
2025-02-04,Azure,Blob Storage,East US,DevOps,32.84,56.56
2025-02-04,Azure,Blob Storage,West Europe,Engineering,10.24,26.61
2025-02-04,Azure,Blob Storage,Southeast Asia,Engineering,14.95,52.21
2025-02-04,Azure,CDN,East US,Data Science,12.61,27.66
2025-02-04,Azure,CDN,Southeast Asia,Engineering,9.5,26.92
2025-02-04,Azure,Functions,Central India,QA,8.94,20.25
2025-02-04,Azure,Functions,Southeast Asia,QA,9.51,25.89
2025-02-04,Azure,SQL Database,East US,QA,35.36,123.79
2025-02-04,Azure,SQL Database,Central India,DevOps,45.01,170.33
2025-02-04,Azure,Virtual Machines,East US,DevOps,60.16,92.51
2025-02-04,Azure,Virtual Machines,West Europe,QA,67.49,224.09
2025-02-04,Azure,Virtual Machines,Central India,Data Science,44.19,134.49
2025-02-04,Azure,Virtual Machines,Southeast Asia,Marketing,39.68,74.52
2025-02-04,GCP,BigQuery,us-central1,QA,28.1,90.09
2025-02-04,GCP,BigQuery,europe-west1,DevOps,17.97,25.87
2025-02-04,GCP,Cloud CDN,us-central1,Finance,16.05,41.25
2025-02-04,GCP,Cloud Functions,us-central1,DevOps,7.48,18.1
2025-02-04,GCP,Cloud Functions,asia-south1,Finance,4.92,11.39
2025-02-04,GCP,Cloud Storage,us-central1,DevOps,9.9,35.88
2025-02-04,GCP,Cloud Storage,europe-west1,DevOps,5.05,18.7
2025-02-04,GCP,Cloud Storage,asia-south1,DevOps,14.49,28.27
2025-02-04,GCP,Compute Engine,us-central1,Finance,41.35,80.13
2025-02-04,GCP,Compute Engine,europe-west1,Finance,67.98,138.4
2025-02-04,GCP,Compute Engine,asia-south1,Marketing,80.93,195.33
2025-02-05,AWS,CloudFront,eu-west-1,QA,12.21,41.73
2025-02-05,AWS,EBS,us-west-2,Engineering,14.64,26.75
2025-02-05,AWS,EBS,eu-west-1,Engineering,14.92,31.18
2025-02-05,AWS,EBS,ap-south-1,Finance,9.62,36.8
2025-02-05,AWS,EC2,us-east-1,DevOps,43.26,130.4
2025-02-05,AWS,EC2,us-west-2,Marketing,39.44,94.33
2025-02-05,AWS,EC2,eu-west-1,Finance,42.13,108.9
2025-02-05,AWS,Lambda,us-west-2,DevOps,4.29,7.33
2025-02-05,AWS,Lambda,eu-west-1,QA,4.81,13.33
2025-02-05,AWS,Lambda,ap-south-1,Marketing,5.75,9.16
2025-02-05,AWS,RDS,us-east-1,Engineering,35.85,111.45
2025-02-05,AWS,RDS,us-west-2,Finance,37.46,143.68
2025-02-05,AWS,RDS,eu-west-1,QA,39.51,114.5
2025-02-05,AWS,RDS,ap-south-1,Engineering,49.2,79.81
2025-02-05,AWS,S3,us-east-1,DevOps,9.43,18.22
2025-02-05,AWS,S3,us-west-2,Marketing,10.2,30.6
2025-02-05,AWS,S3,eu-west-1,Engineering,6.88,25.13
2025-02-05,AWS,S3,ap-south-1,QA,11.41,28.9
2025-02-05,Azure,Blob Storage,East US,DevOps,13.48,48.29
2025-02-05,Azure,Blob Storage,West Europe,Engineering,8.45,22.16
2025-02-05,Azure,Blob Storage,Southeast Asia,Engineering,14.71,48.88
2025-02-05,Azure,CDN,East US,Data Science,11.88,26.36
2025-02-05,Azure,CDN,Southeast Asia,Engineering,9.36,24.63
2025-02-05,Azure,Functions,Central India,QA,8.36,22.25
2025-02-05,Azure,Functions,Southeast Asia,QA,8.86,22.21
2025-02-05,Azure,SQL Database,East US,QA,96.74,127.23
2025-02-05,Azure,SQL Database,Central India,DevOps,45.72,156.81
2025-02-05,Azure,Virtual Machines,East US,DevOps,53.69,87.48
2025-02-05,Azure,Virtual Machines,West Europe,QA,64.19,207.65
2025-02-05,Azure,Virtual Machines,Central India,Data Science,43.8,145.05
2025-02-05,Azure,Virtual Machines,Southeast Asia,Marketing,44.31,82.11
2025-02-05,GCP,BigQuery,us-central1,QA,28.5,81.58
2025-02-05,GCP,BigQuery,europe-west1,DevOps,18.33,25.72
2025-02-05,GCP,Cloud CDN,us-central1,Finance,17.25,47.32
2025-02-05,GCP,Cloud Functions,us-central1,DevOps,7.47,16.75
2025-02-05,GCP,Cloud Functions,asia-south1,Finance,4.72,12.63
2025-02-05,GCP,Cloud Storage,us-central1,DevOps,10.14,37.12
2025-02-05,GCP,Cloud Storage,europe-west1,DevOps,7.11,27.81
2025-02-05,GCP,Cloud Storage,asia-south1,DevOps,12.23,22.54
2025-02-05,GCP,Compute Engine,us-central1,Finance,43.22,92.92
2025-02-05,GCP,Compute Engine,europe-west1,Finance,65.74,139.11
2025-02-05,GCP,Compute Engine,asia-south1,Marketing,68.79,163.38
2025-02-06,AWS,CloudFront,eu-west-1,QA,15.28,57.66
2025-02-06,AWS,EBS,us-west-2,Engineering,12.24,21.67
2025-02-06,AWS,EBS,eu-west-1,Engineering,17.49,34.55
2025-02-06,AWS,EBS,ap-south-1,Finance,10.11,38.28
2025-02-06,AWS,EC2,us-east-1,DevOps,43.1,123.4
2025-02-06,AWS,EC2,us-west-2,Marketing,43.74,103.65
2025-02-06,AWS,EC2,eu-west-1,Finance,39.52,103.36
2025-02-06,AWS,Lambda,us-west-2,DevOps,3.91,6.91
2025-02-06,AWS,Lambda,eu-west-1,QA,4.67,12.4
2025-02-06,AWS,Lambda,ap-south-1,Marketing,5.44,8.83
2025-02-06,AWS,RDS,us-east-1,Engineering,31.85,103.81
2025-02-06,AWS,RDS,us-west-2,Finance,42.12,151.11
2025-02-06,AWS,RDS,eu-west-1,QA,44.35,130.71
2025-02-06,AWS,RDS,ap-south-1,Engineering,41.2,58.93
2025-02-06,AWS,S3,us-east-1,DevOps,8.22,17.99
2025-02-06,AWS,S3,us-west-2,Marketing,9.66,31.51
2025-02-06,AWS,S3,eu-west-1,Engineering,6.3,25.82
2025-02-06,AWS,S3,ap-south-1,QA,10.46,25.88
2025-02-06,Azure,Blob Storage,East US,DevOps,13.66,52.96
2025-02-06,Azure,Blob Storage,West Europe,Engineering,11.6,28.34
2025-02-06,Azure,Blob Storage,Southeast Asia,Engineering,16.6,54.87
2025-02-06,Azure,CDN,East US,Data Science,11.94,27.84
2025-02-06,Azure,CDN,Southeast Asia,Engineering,11.7,29.25
2025-02-06,Azure,Functions,Central India,QA,8.27,20.81
2025-02-06,Azure,Functions,Southeast Asia,QA,8.45,19.75
2025-02-06,Azure,SQL Database,East US,QA,37.29,124.64
2025-02-06,Azure,SQL Database,Central India,DevOps,53.34,168.46
2025-02-06,Azure,Virtual Machines,East US,DevOps,48.15,75.85
2025-02-06,Azure,Virtual Machines,West Europe,QA,57.68,203.23
2025-02-06,Azure,Virtual Machines,Central India,Data Science,43.6,141.92
2025-02-06,Azure,Virtual Machines,Southeast Asia,Marketing,44.52,82.17
2025-02-06,GCP,BigQuery,us-central1,QA,27.3,90.86
2025-02-06,GCP,BigQuery,europe-west1,DevOps,16.03,25.51
2025-02-06,GCP,Cloud CDN,us-central1,Finance,15.71,42.18
2025-02-06,GCP,Cloud Functions,us-central1,DevOps,7.17,18.53
2025-02-06,GCP,Cloud Functions,asia-south1,Finance,4.38,11.37
2025-02-06,GCP,Cloud Storage,us-central1,DevOps,9.2,33.49
2025-02-06,GCP,Cloud Storage,europe-west1,DevOps,6.77,23.69
2025-02-06,GCP,Cloud Storage,asia-south1,DevOps,12.85,24.32
2025-02-06,GCP,Compute Engine,us-central1,Finance,39.84,80.43
2025-02-06,GCP,Compute Engine,europe-west1,Finance,75.28,144.02
2025-02-06,GCP,Compute Engine,asia-south1,Marketing,77.49,178.0
2025-02-07,AWS,CloudFront,eu-west-1,QA,14.22,46.51
2025-02-07,AWS,EBS,us-west-2,Engineering,15.47,31.07
2025-02-07,AWS,EBS,eu-west-1,Engineering,15.5,33.04
2025-02-07,AWS,EBS,ap-south-1,Finance,8.99,36.9
2025-02-07,AWS,EC2,us-east-1,DevOps,50.1,138.8
2025-02-07,AWS,EC2,us-west-2,Marketing,46.86,113.72
2025-02-07,AWS,EC2,eu-west-1,Finance,35.23,82.55
2025-02-07,AWS,Lambda,us-west-2,DevOps,3.93,6.3
2025-02-07,AWS,Lambda,eu-west-1,QA,4.48,10.99
2025-02-07,AWS,Lambda,ap-south-1,Marketing,5.89,9.13
2025-02-07,AWS,RDS,us-east-1,Engineering,32.34,104.28
2025-02-07,AWS,RDS,us-west-2,Finance,35.73,146.3
2025-02-07,AWS,RDS,eu-west-1,QA,46.19,152.16
2025-02-07,AWS,RDS,ap-south-1,Engineering,55.44,76.69
2025-02-07,AWS,S3,us-east-1,DevOps,8.32,17.47
2025-02-07,AWS,S3,us-west-2,Marketing,8.48,26.57
2025-02-07,AWS,S3,eu-west-1,Engineering,7.37,26.2
2025-02-07,AWS,S3,ap-south-1,QA,11.85,29.99
2025-02-07,Azure,Blob Storage,East US,DevOps,12.22,41.56
2025-02-07,Azure,Blob Storage,West Europe,Engineering,11.11,27.85
2025-02-07,Azure,Blob Storage,Southeast Asia,Engineering,14.25,55.59
2025-02-07,Azure,CDN,East US,Data Science,12.15,27.88
2025-02-07,Azure,CDN,Southeast Asia,Engineering,10.8,27.9
2025-02-07,Azure,Functions,Central India,QA,7.95,17.56
2025-02-07,Azure,Functions,Southeast Asia,QA,8.04,19.39
2025-02-07,Azure,SQL Database,East US,QA,34.47,116.16
2025-02-07,Azure,SQL Database,Central India,DevOps,46.38,163.67
2025-02-07,Azure,Virtual Machines,East US,DevOps,58.1,86.74
2025-02-07,Azure,Virtual Machines,West Europe,QA,59.31,189.92
2025-02-07,Azure,Virtual Machines,Central India,Data Science,47.3,133.94
2025-02-07,Azure,Virtual Machines,Southeast Asia,Marketing,43.5,82.21
2025-02-07,GCP,BigQuery,us-central1,QA,30.25,88.66
2025-02-07,GCP,BigQuery,europe-west1,DevOps,17.8,29.43
2025-02-07,GCP,Cloud CDN,us-central1,Finance,12.79,37.96
2025-02-07,GCP,Cloud Functions,us-central1,DevOps,8.35,21.2
2025-02-07,GCP,Cloud Functions,asia-south1,Finance,5.16,14.26
2025-02-07,GCP,Cloud Storage,us-central1,DevOps,9.6,33.52
2025-02-07,GCP,Cloud Storage,europe-west1,DevOps,6.63,26.89
2025-02-07,GCP,Cloud Storage,asia-south1,DevOps,12.32,24.19
2025-02-07,GCP,Compute Engine,us-central1,Finance,47.57,90.81
2025-02-07,GCP,Compute Engine,europe-west1,Finance,64.98,127.47
2025-02-07,GCP,Compute Engine,asia-south1,Marketing,69.04,153.35
2025-02-08,AWS,CloudFront,eu-west-1,QA,13.02,43.63
2025-02-08,AWS,EBS,us-west-2,Engineering,12.72,26.37
2025-02-08,AWS,EBS,eu-west-1,Engineering,13.16,26.51
2025-02-08,AWS,EBS,ap-south-1,Finance,10.76,42.56
2025-02-08,AWS,EC2,us-east-1,DevOps,45.76,127.74
2025-02-08,AWS,EC2,us-west-2,Marketing,44.22,126.5
2025-02-08,AWS,EC2,eu-west-1,Finance,35.84,89.52
2025-02-08,AWS,Lambda,us-west-2,DevOps,4.69,8.49
2025-02-08,AWS,Lambda,eu-west-1,QA,4.62,13.07
2025-02-08,AWS,Lambda,ap-south-1,Marketing,4.96,8.46
2025-02-08,AWS,RDS,us-east-1,Engineering,35.87,117.46
2025-02-08,AWS,RDS,us-west-2,Finance,32.94,117.44
2025-02-08,AWS,RDS,eu-west-1,QA,46.1,157.64
2025-02-08,AWS,RDS,ap-south-1,Engineering,47.52,75.44
2025-02-08,AWS,S3,us-east-1,DevOps,7.52,16.19
2025-02-08,AWS,S3,us-west-2,Marketing,9.53,30.47
2025-02-08,AWS,S3,eu-west-1,Engineering,6.41,24.83
2025-02-08,AWS,S3,ap-south-1,QA,12.84,29.18
2025-02-08,Azure,Blob Storage,East US,DevOps,13.43,47.86
2025-02-08,Azure,Blob Storage,West Europe,Engineering,9.5,23.47
2025-02-08,Azure,Blob Storage,Southeast Asia,Engineering,14.53,48.95
2025-02-08,Azure,CDN,East US,Data Science,10.91,25.58
2025-02-08,Azure,CDN,Southeast Asia,Engineering,11.05,27.21
2025-02-08,Azure,Functions,Central India,QA,7.92,17.87
2025-02-08,Azure,Functions,Southeast Asia,QA,7.89,20.55
2025-02-08,Azure,SQL Database,East US,QA,32.03,114.02
2025-02-08,Azure,SQL Database,Central India,DevOps,61.72,201.37
2025-02-08,Azure,Virtual Machines,East US,DevOps,56.89,94.53
2025-02-08,Azure,Virtual Machines,West Europe,QA,64.03,210.89
2025-02-08,Azure,Virtual Machines,Central India,Data Science,41.88,129.68
2025-02-08,Azure,Virtual Machines,Southeast Asia,Marketing,53.02,108.95
2025-02-08,GCP,BigQuery,us-central1,QA,24.0,77.26
2025-02-08,GCP,BigQuery,europe-west1,DevOps,17.43,24.5
2025-02-08,GCP,Cloud CDN,us-central1,Finance,15.15,43.97
2025-02-08,GCP,Cloud Functions,us-central1,DevOps,8.81,21.42
2025-02-08,GCP,Cloud Functions,asia-south1,Finance,4.86,13.5
2025-02-08,GCP,Cloud Storage,us-central1,DevOps,9.77,33.48
2025-02-08,GCP,Cloud Storage,europe-west1,DevOps,5.92,20.09
2025-02-08,GCP,Cloud Storage,asia-south1,DevOps,14.08,26.6
2025-02-08,GCP,Compute Engine,us-central1,Finance,42.57,99.07
2025-02-08,GCP,Compute Engine,europe-west1,Finance,70.57,141.09
2025-02-08,GCP,Compute Engine,asia-south1,Marketing,79.87,171.78
2025-02-09,AWS,CloudFront,eu-west-1,QA,12.48,44.08
2025-02-09,AWS,EBS,us-west-2,Engineering,12.87,25.06
2025-02-09,AWS,EBS,eu-west-1,Engineering,16.23,30.45
2025-02-09,AWS,EBS,ap-south-1,Finance,10.03,36.55
2025-02-09,AWS,EC2,us-east-1,DevOps,39.57,112.66
2025-02-09,AWS,EC2,us-west-2,Marketing,38.98,103.06
2025-02-09,AWS,EC2,eu-west-1,Finance,41.63,111.71
2025-02-09,AWS,Lambda,us-west-2,DevOps,4.89,9.0
2025-02-09,AWS,Lambda,eu-west-1,QA,4.44,10.85
2025-02-09,AWS,Lambda,ap-south-1,Marketing,5.4,8.28
2025-02-09,AWS,RDS,us-east-1,Engineering,27.25,80.8
2025-02-09,AWS,RDS,us-west-2,Finance,34.46,121.01
2025-02-09,AWS,RDS,eu-west-1,QA,39.77,129.49
2025-02-09,AWS,RDS,ap-south-1,Engineering,39.9,56.97
2025-02-09,AWS,S3,us-east-1,DevOps,9.6,19.14
2025-02-09,AWS,S3,us-west-2,Marketing,9.48,32.49
2025-02-09,AWS,S3,eu-west-1,Engineering,7.07,26.26
2025-02-09,AWS,S3,ap-south-1,QA,13.37,30.49
2025-02-09,Azure,Blob Storage,East US,DevOps,12.01,44.04
2025-02-09,Azure,Blob Storage,West Europe,Engineering,10.29,28.25
2025-02-09,Azure,Blob Storage,Southeast Asia,Engineering,14.03,48.71
2025-02-09,Azure,CDN,East US,Data Science,9.72,21.31
2025-02-09,Azure,CDN,Southeast Asia,Engineering,11.5,27.92
2025-02-09,Azure,Functions,Central India,QA,10.22,24.8
2025-02-09,Azure,Functions,Southeast Asia,QA,8.82,20.5
2025-02-09,Azure,SQL Database,East US,QA,36.24,129.22
2025-02-09,Azure,SQL Database,Central India,DevOps,47.44,148.44
2025-02-09,Azure,Virtual Machines,East US,DevOps,43.69,65.72
2025-02-09,Azure,Virtual Machines,West Europe,QA,60.05,208.28
2025-02-09,Azure,Virtual Machines,Central India,Data Science,43.43,144.8
2025-02-09,Azure,Virtual Machines,Southeast Asia,Marketing,46.37,92.35
2025-02-09,GCP,BigQuery,us-central1,QA,31.07,96.47
2025-02-09,GCP,BigQuery,europe-west1,DevOps,14.35,19.78
2025-02-09,GCP,Cloud CDN,us-central1,Finance,17.73,50.78
2025-02-09,GCP,Cloud Functions,us-central1,DevOps,8.69,20.63
2025-02-09,GCP,Cloud Functions,asia-south1,Finance,4.93,11.93
2025-02-09,GCP,Cloud Storage,us-central1,DevOps,10.32,34.19
2025-02-09,GCP,Cloud Storage,europe-west1,DevOps,5.69,23.5
2025-02-09,GCP,Cloud Storage,asia-south1,DevOps,13.89,24.97
2025-02-09,GCP,Compute Engine,us-central1,Finance,39.81,84.1
2025-02-09,GCP,Compute Engine,europe-west1,Finance,72.67,156.36
2025-02-09,GCP,Compute Engine,asia-south1,Marketing,72.08,159.36
2025-02-10,AWS,CloudFront,eu-west-1,QA,13.42,45.2
2025-02-10,AWS,EBS,us-west-2,Engineering,11.95,23.42
2025-02-10,AWS,EBS,eu-west-1,Engineering,16.54,33.19
2025-02-10,AWS,EBS,ap-south-1,Finance,8.77,33.08
2025-02-10,AWS,EC2,us-east-1,DevOps,36.71,102.34
2025-02-10,AWS,EC2,us-west-2,Marketing,42.23,120.87
2025-02-10,AWS,EC2,eu-west-1,Finance,39.75,95.98
2025-02-10,AWS,Lambda,us-west-2,DevOps,11.16,6.92
2025-02-10,AWS,Lambda,eu-west-1,QA,3.93,9.59
2025-02-10,AWS,Lambda,ap-south-1,Marketing,5.02,7.31
2025-02-10,AWS,RDS,us-east-1,Engineering,33.57,96.89
2025-02-10,AWS,RDS,us-west-2,Finance,40.54,149.64
2025-02-10,AWS,RDS,eu-west-1,QA,43.89,131.43
2025-02-10,AWS,RDS,ap-south-1,Engineering,51.75,76.74
2025-02-10,AWS,S3,us-east-1,DevOps,7.36,15.06
2025-02-10,AWS,S3,us-west-2,Marketing,9.56,31.63
2025-02-10,AWS,S3,eu-west-1,Engineering,6.02,20.71
2025-02-10,AWS,S3,ap-south-1,QA,11.8,28.9
2025-02-10,Azure,Blob Storage,East US,DevOps,11.04,37.01
2025-02-10,Azure,Blob Storage,West Europe,Engineering,11.45,27.83
2025-02-10,Azure,Blob Storage,Southeast Asia,Engineering,16.46,59.44
2025-02-10,Azure,CDN,East US,Data Science,11.76,26.38
2025-02-10,Azure,CDN,Southeast Asia,Engineering,9.85,25.59
2025-02-10,Azure,Functions,Central India,QA,8.27,18.94
2025-02-10,Azure,Functions,Southeast Asia,QA,8.93,21.29
2025-02-10,Azure,SQL Database,East US,QA,38.74,131.35
2025-02-10,Azure,SQL Database,Central India,DevOps,50.27,183.52
2025-02-10,Azure,Virtual Machines,East US,DevOps,52.7,80.56
2025-02-10,Azure,Virtual Machines,West Europe,QA,66.25,217.1
2025-02-10,Azure,Virtual Machines,Central India,Data Science,48.9,160.23
2025-02-10,Azure,Virtual Machines,Southeast Asia,Marketing,46.15,93.48
2025-02-10,GCP,BigQuery,us-central1,QA,28.38,93.87
2025-02-10,GCP,BigQuery,europe-west1,DevOps,16.93,26.73
2025-02-10,GCP,Cloud CDN,us-central1,Finance,16.05,42.66
2025-02-10,GCP,Cloud Functions,us-central1,DevOps,8.93,21.26
2025-02-10,GCP,Cloud Functions,asia-south1,Finance,5.03,13.6
2025-02-10,GCP,Cloud Storage,us-central1,DevOps,10.68,40.39
2025-02-10,GCP,Cloud Storage,europe-west1,DevOps,6.24,21.96
2025-02-10,GCP,Cloud Storage,asia-south1,DevOps,14.17,26.05
2025-02-10,GCP,Compute Engine,us-central1,Finance,37.61,85.43
2025-02-10,GCP,Compute Engine,europe-west1,Finance,59.5,120.75
2025-02-10,GCP,Compute Engine,asia-south1,Marketing,73.14,167.28
2025-02-11,AWS,CloudFront,eu-west-1,QA,13.65,47.0
2025-02-11,AWS,EBS,us-west-2,Engineering,11.64,23.39
2025-02-11,AWS,EBS,eu-west-1,Engineering,15.23,27.16
2025-02-11,AWS,EBS,ap-south-1,Finance,9.46,35.55
2025-02-11,AWS,EC2,us-east-1,DevOps,40.65,117.95
2025-02-11,AWS,EC2,us-west-2,Marketing,43.58,112.55
2025-02-11,AWS,EC2,eu-west-1,Finance,43.07,104.07
2025-02-11,AWS,Lambda,us-west-2,DevOps,4.38,8.0
2025-02-11,AWS,Lambda,eu-west-1,QA,3.93,10.56
2025-02-11,AWS,Lambda,ap-south-1,Marketing,5.03,7.36
2025-02-11,AWS,RDS,us-east-1,Engineering,31.76,107.98
2025-02-11,AWS,RDS,us-west-2,Finance,38.24,130.14
2025-02-11,AWS,RDS,eu-west-1,QA,39.37,113.7
2025-02-11,AWS,RDS,ap-south-1,Engineering,44.27,61.24
2025-02-11,AWS,S3,us-east-1,DevOps,9.04,19.91
2025-02-11,AWS,S3,us-west-2,Marketing,6.8,20.7
2025-02-11,AWS,S3,eu-west-1,Engineering,7.1,26.07
2025-02-11,AWS,S3,ap-south-1,QA,12.48,26.78
2025-02-11,Azure,Blob Storage,East US,DevOps,13.04,48.09
2025-02-11,Azure,Blob Storage,West Europe,Engineering,10.65,25.13
2025-02-11,Azure,Blob Storage,Southeast Asia,Engineering,15.21,52.96
2025-02-11,Azure,CDN,East US,Data Science,11.61,27.22
2025-02-11,Azure,CDN,Southeast Asia,Engineering,27.95,27.08
2025-02-11,Azure,Functions,Central India,QA,9.29,23.98
2025-02-11,Azure,Functions,Southeast Asia,QA,8.08,22.37
2025-02-11,Azure,SQL Database,East US,QA,36.11,106.9
2025-02-11,Azure,SQL Database,Central India,DevOps,50.11,161.94
2025-02-11,Azure,Virtual Machines,East US,DevOps,53.02,78.53
2025-02-11,Azure,Virtual Machines,West Europe,QA,62.14,218.49
2025-02-11,Azure,Virtual Machines,Central India,Data Science,48.83,150.04
2025-02-11,Azure,Virtual Machines,Southeast Asia,Marketing,48.18,81.81
2025-02-11,GCP,BigQuery,us-central1,QA,31.28,104.48
2025-02-11,GCP,BigQuery,europe-west1,DevOps,15.59,22.73
2025-02-11,GCP,Cloud CDN,us-central1,Finance,14.9,38.07
2025-02-11,GCP,Cloud Functions,us-central1,DevOps,9.11,23.6
2025-02-11,GCP,Cloud Functions,asia-south1,Finance,5.03,14.01
2025-02-11,GCP,Cloud Storage,us-central1,DevOps,9.8,34.02
2025-02-11,GCP,Cloud Storage,europe-west1,DevOps,6.75,26.66
2025-02-11,GCP,Cloud Storage,asia-south1,DevOps,10.64,22.06
2025-02-11,GCP,Compute Engine,us-central1,Finance,42.37,95.94
2025-02-11,GCP,Compute Engine,europe-west1,Finance,66.68,135.3
2025-02-11,GCP,Compute Engine,asia-south1,Marketing,74.15,175.47
2025-02-12,AWS,CloudFront,eu-west-1,QA,13.09,45.67
2025-02-12,AWS,EBS,us-west-2,Engineering,11.9,21.15
2025-02-12,AWS,EBS,eu-west-1,Engineering,12.78,24.34
2025-02-12,AWS,EBS,ap-south-1,Finance,11.28,46.94
2025-02-12,AWS,EC2,us-east-1,DevOps,44.86,119.09
2025-02-12,AWS,EC2,us-west-2,Marketing,39.65,99.89
2025-02-12,AWS,EC2,eu-west-1,Finance,39.94,92.54
2025-02-12,AWS,Lambda,us-west-2,DevOps,4.6,6.96
2025-02-12,AWS,Lambda,eu-west-1,QA,4.35,10.82
2025-02-12,AWS,Lambda,ap-south-1,Marketing,5.76,9.79
2025-02-12,AWS,RDS,us-east-1,Engineering,34.37,109.17
2025-02-12,AWS,RDS,us-west-2,Finance,37.0,151.38
2025-02-12,AWS,RDS,eu-west-1,QA,41.57,134.84
2025-02-12,AWS,RDS,ap-south-1,Engineering,50.89,72.89
2025-02-12,AWS,S3,us-east-1,DevOps,8.0,18.64
2025-02-12,AWS,S3,us-west-2,Marketing,8.94,32.15
2025-02-12,AWS,S3,eu-west-1,Engineering,6.15,22.19
2025-02-12,AWS,S3,ap-south-1,QA,9.24,22.86
2025-02-12,Azure,Blob Storage,East US,DevOps,13.28,46.11
2025-02-12,Azure,Blob Storage,West Europe,Engineering,9.07,22.26
2025-02-12,Azure,Blob Storage,Southeast Asia,Engineering,16.44,63.41
2025-02-12,Azure,CDN,East US,Data Science,12.33,25.53
2025-02-12,Azure,CDN,Southeast Asia,Engineering,11.11,27.28
2025-02-12,Azure,Functions,Central India,QA,9.48,23.39
2025-02-12,Azure,Functions,Southeast Asia,QA,7.81,17.72
2025-02-12,Azure,SQL Database,East US,QA,36.06,109.01
2025-02-12,Azure,SQL Database,Central India,DevOps,49.28,186.2
2025-02-12,Azure,Virtual Machines,East US,DevOps,45.22,74.54
2025-02-12,Azure,Virtual Machines,West Europe,QA,60.51,207.46
2025-02-12,Azure,Virtual Machines,Central India,Data Science,46.72,153.02
2025-02-12,Azure,Virtual Machines,Southeast Asia,Marketing,48.08,83.63
2025-02-12,GCP,BigQuery,us-central1,QA,22.03,65.0
2025-02-12,GCP,BigQuery,europe-west1,DevOps,14.84,21.05
2025-02-12,GCP,Cloud CDN,us-central1,Finance,14.51,42.85
2025-02-12,GCP,Cloud Functions,us-central1,DevOps,8.24,21.28
2025-02-12,GCP,Cloud Functions,asia-south1,Finance,4.61,11.24
2025-02-12,GCP,Cloud Storage,us-central1,DevOps,10.46,37.06
2025-02-12,GCP,Cloud Storage,europe-west1,DevOps,6.23,21.32
2025-02-12,GCP,Cloud Storage,asia-south1,DevOps,12.87,27.5
2025-02-12,GCP,Compute Engine,us-central1,Finance,45.17,101.76
2025-02-12,GCP,Compute Engine,europe-west1,Finance,64.95,130.16
2025-02-12,GCP,Compute Engine,asia-south1,Marketing,69.7,154.57
2025-02-13,AWS,CloudFront,eu-west-1,QA,11.74,43.98
2025-02-13,AWS,EBS,us-west-2,Engineering,11.34,23.69
2025-02-13,AWS,EBS,eu-west-1,Engineering,14.11,26.3
2025-02-13,AWS,EBS,ap-south-1,Finance,8.45,30.13
2025-02-13,AWS,EC2,us-east-1,DevOps,45.27,126.73
2025-02-13,AWS,EC2,us-west-2,Marketing,37.51,98.32
2025-02-13,AWS,EC2,eu-west-1,Finance,35.23,89.37
2025-02-13,AWS,Lambda,us-west-2,DevOps,3.76,6.81
2025-02-13,AWS,Lambda,eu-west-1,QA,4.35,10.47
2025-02-13,AWS,Lambda,ap-south-1,Marketing,5.96,10.32
2025-02-13,AWS,RDS,us-east-1,Engineering,33.72,98.51
2025-02-13,AWS,RDS,us-west-2,Finance,35.76,135.91
2025-02-13,AWS,RDS,eu-west-1,QA,43.87,126.52
2025-02-13,AWS,RDS,ap-south-1,Engineering,47.28,75.83
2025-02-13,AWS,S3,us-east-1,DevOps,7.82,15.17
2025-02-13,AWS,S3,us-west-2,Marketing,8.78,29.71
2025-02-13,AWS,S3,eu-west-1,Engineering,6.78,26.64
2025-02-13,AWS,S3,ap-south-1,QA,11.52,29.12
2025-02-13,Azure,Blob Storage,East US,DevOps,12.36,42.36
2025-02-13,Azure,Blob Storage,West Europe,Engineering,9.45,24.63
2025-02-13,Azure,Blob Storage,Southeast Asia,Engineering,17.97,69.68
2025-02-13,Azure,CDN,East US,Data Science,14.0,30.3
2025-02-13,Azure,CDN,Southeast Asia,Engineering,10.1,28.41
2025-02-13,Azure,Functions,Central India,QA,8.2,20.4
2025-02-13,Azure,Functions,Southeast Asia,QA,9.1,21.33
2025-02-13,Azure,SQL Database,East US,QA,34.92,122.86
2025-02-13,Azure,SQL Database,Central India,DevOps,43.68,154.43
2025-02-13,Azure,Virtual Machines,East US,DevOps,47.28,74.04
2025-02-13,Azure,Virtual Machines,West Europe,QA,60.3,196.71
2025-02-13,Azure,Virtual Machines,Central India,Data Science,41.98,132.66
2025-02-13,Azure,Virtual Machines,Southeast Asia,Marketing,33.59,57.73
2025-02-13,GCP,BigQuery,us-central1,QA,22.65,73.55
2025-02-13,GCP,BigQuery,europe-west1,DevOps,16.41,24.83
2025-02-13,GCP,Cloud CDN,us-central1,Finance,16.21,43.22
2025-02-13,GCP,Cloud Functions,us-central1,DevOps,8.08,21.24
2025-02-13,GCP,Cloud Functions,asia-south1,Finance,5.06,13.82
2025-02-13,GCP,Cloud Storage,us-central1,DevOps,9.92,38.95
2025-02-13,GCP,Cloud Storage,europe-west1,DevOps,6.98,25.96
2025-02-13,GCP,Cloud Storage,asia-south1,DevOps,10.77,19.6
2025-02-13,GCP,Compute Engine,us-central1,Finance,43.14,90.72
2025-02-13,GCP,Compute Engine,europe-west1,Finance,72.18,138.7
2025-02-13,GCP,Compute Engine,asia-south1,Marketing,73.27,189.08
2025-02-14,AWS,CloudFront,eu-west-1,QA,12.52,43.98
2025-02-14,AWS,EBS,us-west-2,Engineering,11.21,20.82
2025-02-14,AWS,EBS,eu-west-1,Engineering,15.29,31.2
2025-02-14,AWS,EBS,ap-south-1,Finance,9.75,34.13
2025-02-14,AWS,EC2,us-east-1,DevOps,46.61,134.08
2025-02-14,AWS,EC2,us-west-2,Marketing,40.89,105.76
2025-02-14,AWS,EC2,eu-west-1,Finance,37.17,102.8
2025-02-14,AWS,Lambda,us-west-2,DevOps,3.95,6.4
2025-02-14,AWS,Lambda,eu-west-1,QA,4.69,12.34
2025-02-14,AWS,Lambda,ap-south-1,Marketing,4.43,6.69
2025-02-14,AWS,RDS,us-east-1,Engineering,30.46,101.23
2025-02-14,AWS,RDS,us-west-2,Finance,38.61,145.82
2025-02-14,AWS,RDS,eu-west-1,QA,45.51,147.56
2025-02-14,AWS,RDS,ap-south-1,Engineering,40.79,65.58
2025-02-14,AWS,S3,us-east-1,DevOps,7.45,17.13
2025-02-14,AWS,S3,us-west-2,Marketing,8.7,30.18
2025-02-14,AWS,S3,eu-west-1,Engineering,7.16,29.56
2025-02-14,AWS,S3,ap-south-1,QA,11.46,26.68
2025-02-14,Azure,Blob Storage,East US,DevOps,12.09,40.67
2025-02-14,Azure,Blob Storage,West Europe,Engineering,11.98,31.38
2025-02-14,Azure,Blob Storage,Southeast Asia,Engineering,13.64,47.27
2025-02-14,Azure,CDN,East US,Data Science,12.92,28.96
2025-02-14,Azure,CDN,Southeast Asia,Engineering,9.88,24.0
2025-02-14,Azure,Functions,Central India,QA,8.54,20.61
2025-02-14,Azure,Functions,Southeast Asia,QA,9.11,24.51
2025-02-14,Azure,SQL Database,East US,QA,36.97,111.31
2025-02-14,Azure,SQL Database,Central India,DevOps,49.16,156.56
2025-02-14,Azure,Virtual Machines,East US,DevOps,56.1,87.58
2025-02-14,Azure,Virtual Machines,West Europe,QA,73.83,245.4
2025-02-14,Azure,Virtual Machines,Central India,Data Science,40.6,137.47
2025-02-14,Azure,Virtual Machines,Southeast Asia,Marketing,43.27,77.25
2025-02-14,GCP,BigQuery,us-central1,QA,27.37,80.52
2025-02-14,GCP,BigQuery,europe-west1,DevOps,15.91,24.8
2025-02-14,GCP,Cloud CDN,us-central1,Finance,14.83,41.58
2025-02-14,GCP,Cloud Functions,us-central1,DevOps,9.06,23.54
2025-02-14,GCP,Cloud Functions,asia-south1,Finance,4.59,11.93
2025-02-14,GCP,Cloud Storage,us-central1,DevOps,9.76,35.83
2025-02-14,GCP,Cloud Storage,europe-west1,DevOps,6.0,23.19
2025-02-14,GCP,Cloud Storage,asia-south1,DevOps,15.33,31.1
2025-02-14,GCP,Compute Engine,us-central1,Finance,48.43,110.82
2025-02-14,GCP,Compute Engine,europe-west1,Finance,70.51,155.41
2025-02-14,GCP,Compute Engine,asia-south1,Marketing,75.02,161.86
2025-02-15,AWS,CloudFront,eu-west-1,QA,12.77,43.4
2025-02-15,AWS,EBS,us-west-2,Engineering,13.78,26.98
2025-02-15,AWS,EBS,eu-west-1,Engineering,14.89,27.32
2025-02-15,AWS,EBS,ap-south-1,Finance,9.08,37.27
2025-02-15,AWS,EC2,us-east-1,DevOps,37.4,111.77
2025-02-15,AWS,EC2,us-west-2,Marketing,39.33,94.85
2025-02-15,AWS,EC2,eu-west-1,Finance,40.41,94.49
2025-02-15,AWS,Lambda,us-west-2,DevOps,4.99,8.06
2025-02-15,AWS,Lambda,eu-west-1,QA,4.64,11.5
2025-02-15,AWS,Lambda,ap-south-1,Marketing,6.23,9.13
2025-02-15,AWS,RDS,us-east-1,Engineering,30.82,104.75
2025-02-15,AWS,RDS,us-west-2,Finance,34.53,132.95
2025-02-15,AWS,RDS,eu-west-1,QA,34.58,103.63
2025-02-15,AWS,RDS,ap-south-1,Engineering,47.45,67.69
2025-02-15,AWS,S3,us-east-1,DevOps,9.72,21.04
2025-02-15,AWS,S3,us-west-2,Marketing,8.49,25.62
2025-02-15,AWS,S3,eu-west-1,Engineering,6.49,23.44
2025-02-15,AWS,S3,ap-south-1,QA,13.27,33.08
2025-02-15,Azure,Blob Storage,East US,DevOps,12.59,44.25
2025-02-15,Azure,Blob Storage,West Europe,Engineering,10.44,28.54
2025-02-15,Azure,Blob Storage,Southeast Asia,Engineering,15.73,51.86
2025-02-15,Azure,CDN,East US,Data Science,9.74,23.09
2025-02-15,Azure,CDN,Southeast Asia,Engineering,9.25,24.34
2025-02-15,Azure,Functions,Central India,QA,8.33,19.27
2025-02-15,Azure,Functions,Southeast Asia,QA,8.0,18.55
2025-02-15,Azure,SQL Database,East US,QA,34.25,106.01
2025-02-15,Azure,SQL Database,Central India,DevOps,48.92,160.22
2025-02-15,Azure,Virtual Machines,East US,DevOps,51.71,83.36
2025-02-15,Azure,Virtual Machines,West Europe,QA,53.99,196.07
2025-02-15,Azure,Virtual Machines,Central India,Data Science,42.73,135.97
2025-02-15,Azure,Virtual Machines,Southeast Asia,Marketing,40.29,74.64
2025-02-15,GCP,BigQuery,us-central1,QA,29.04,84.23
2025-02-15,GCP,BigQuery,europe-west1,DevOps,15.69,22.27
2025-02-15,GCP,Cloud CDN,us-central1,Finance,15.67,43.93
2025-02-15,GCP,Cloud Functions,us-central1,DevOps,7.62,19.8
2025-02-15,GCP,Cloud Functions,asia-south1,Finance,4.19,10.48
2025-02-15,GCP,Cloud Storage,us-central1,DevOps,10.39,34.61
2025-02-15,GCP,Cloud Storage,europe-west1,DevOps,6.2,21.35
2025-02-15,GCP,Cloud Storage,asia-south1,DevOps,13.35,28.26
2025-02-15,GCP,Compute Engine,us-central1,Finance,48.31,99.72
2025-02-15,GCP,Compute Engine,europe-west1,Finance,65.44,128.13
2025-02-15,GCP,Compute Engine,asia-south1,Marketing,70.44,152.57
2025-02-16,AWS,CloudFront,eu-west-1,QA,12.93,42.91
2025-02-16,AWS,EBS,us-west-2,Engineering,12.78,24.24
2025-02-16,AWS,EBS,eu-west-1,Engineering,15.84,30.03
2025-02-16,AWS,EBS,ap-south-1,Finance,9.81,40.39
2025-02-16,AWS,EC2,us-east-1,DevOps,45.65,127.56
2025-02-16,AWS,EC2,us-west-2,Marketing,41.6,111.99
2025-02-16,AWS,EC2,eu-west-1,Finance,40.71,98.1
2025-02-16,AWS,Lambda,us-west-2,DevOps,3.95,6.28
2025-02-16,AWS,Lambda,eu-west-1,QA,4.57,11.38
2025-02-16,AWS,Lambda,ap-south-1,Marketing,6.01,9.43
2025-02-16,AWS,RDS,us-east-1,Engineering,26.08,76.45
2025-02-16,AWS,RDS,us-west-2,Finance,37.81,141.11
2025-02-16,AWS,RDS,eu-west-1,QA,41.89,143.6
2025-02-16,AWS,RDS,ap-south-1,Engineering,46.98,68.86
2025-02-16,AWS,S3,us-east-1,DevOps,8.25,17.82
2025-02-16,AWS,S3,us-west-2,Marketing,8.47,25.38
2025-02-16,AWS,S3,eu-west-1,Engineering,6.03,24.26
2025-02-16,AWS,S3,ap-south-1,QA,12.18,26.96
2025-02-16,Azure,Blob Storage,East US,DevOps,12.01,47.26
2025-02-16,Azure,Blob Storage,West Europe,Engineering,11.21,30.42
2025-02-16,Azure,Blob Storage,Southeast Asia,Engineering,14.13,47.8
2025-02-16,Azure,CDN,East US,Data Science,13.95,27.57
2025-02-16,Azure,CDN,Southeast Asia,Engineering,10.99,30.15
2025-02-16,Azure,Functions,Central India,QA,7.16,17.74
2025-02-16,Azure,Functions,Southeast Asia,QA,8.41,19.21
2025-02-16,Azure,SQL Database,East US,QA,33.36,103.63
2025-02-16,Azure,SQL Database,Central India,DevOps,46.63,165.47
2025-02-16,Azure,Virtual Machines,East US,DevOps,47.35,69.64
2025-02-16,Azure,Virtual Machines,West Europe,QA,53.44,183.23
2025-02-16,Azure,Virtual Machines,Central India,Data Science,42.79,131.17
2025-02-16,Azure,Virtual Machines,Southeast Asia,Marketing,74.41,89.94
2025-02-16,GCP,BigQuery,us-central1,QA,26.56,90.44
2025-02-16,GCP,BigQuery,europe-west1,DevOps,14.7,24.33
2025-02-16,GCP,Cloud CDN,us-central1,Finance,14.63,43.72
2025-02-16,GCP,Cloud Functions,us-central1,DevOps,7.29,17.11
2025-02-16,GCP,Cloud Functions,asia-south1,Finance,4.8,13.07
2025-02-16,GCP,Cloud Storage,us-central1,DevOps,8.61,33.06
2025-02-16,GCP,Cloud Storage,europe-west1,DevOps,6.8,25.34
2025-02-16,GCP,Cloud Storage,asia-south1,DevOps,12.31,23.13
2025-02-16,GCP,Compute Engine,us-central1,Finance,37.21,77.46
2025-02-16,GCP,Compute Engine,europe-west1,Finance,60.88,125.38
2025-02-16,GCP,Compute Engine,asia-south1,Marketing,73.0,178.33
2025-02-17,AWS,CloudFront,eu-west-1,QA,12.89,44.24
2025-02-17,AWS,EBS,us-west-2,Engineering,35.39,25.4
2025-02-17,AWS,EBS,eu-west-1,Engineering,15.94,30.48
2025-02-17,AWS,EBS,ap-south-1,Finance,10.19,41.74
2025-02-17,AWS,EC2,us-east-1,DevOps,43.59,118.3
2025-02-17,AWS,EC2,us-west-2,Marketing,36.2,89.4
2025-02-17,AWS,EC2,eu-west-1,Finance,40.99,101.29
2025-02-17,AWS,Lambda,us-west-2,DevOps,4.14,6.7
2025-02-17,AWS,Lambda,eu-west-1,QA,4.25,10.38
2025-02-17,AWS,Lambda,ap-south-1,Marketing,4.79,7.87
2025-02-17,AWS,RDS,us-east-1,Engineering,33.72,112.55
2025-02-17,AWS,RDS,us-west-2,Finance,34.61,117.16
2025-02-17,AWS,RDS,eu-west-1,QA,46.02,145.19
2025-02-17,AWS,RDS,ap-south-1,Engineering,50.33,70.69
2025-02-17,AWS,S3,us-east-1,DevOps,8.08,17.24
2025-02-17,AWS,S3,us-west-2,Marketing,9.12,27.14
2025-02-17,AWS,S3,eu-west-1,Engineering,6.8,23.47
2025-02-17,AWS,S3,ap-south-1,QA,12.22,27.91
2025-02-17,Azure,Blob Storage,East US,DevOps,13.45,44.17
2025-02-17,Azure,Blob Storage,West Europe,Engineering,11.8,28.49
2025-02-17,Azure,Blob Storage,Southeast Asia,Engineering,13.58,48.51
2025-02-17,Azure,CDN,East US,Data Science,12.17,25.1
2025-02-17,Azure,CDN,Southeast Asia,Engineering,9.76,23.93
2025-02-17,Azure,Functions,Central India,QA,7.17,18.2
2025-02-17,Azure,Functions,Southeast Asia,QA,8.86,20.62
2025-02-17,Azure,SQL Database,East US,QA,37.51,125.61
2025-02-17,Azure,SQL Database,Central India,DevOps,54.59,183.35
2025-02-17,Azure,Virtual Machines,East US,DevOps,48.31,82.36
2025-02-17,Azure,Virtual Machines,West Europe,QA,57.22,205.43
2025-02-17,Azure,Virtual Machines,Central India,Data Science,42.38,142.17
2025-02-17,Azure,Virtual Machines,Southeast Asia,Marketing,43.95,82.39
2025-02-17,GCP,BigQuery,us-central1,QA,28.95,84.69
2025-02-17,GCP,BigQuery,europe-west1,DevOps,18.89,27.46
2025-02-17,GCP,Cloud CDN,us-central1,Finance,14.41,37.08
2025-02-17,GCP,Cloud Functions,us-central1,DevOps,7.8,17.73
2025-02-17,GCP,Cloud Functions,asia-south1,Finance,5.1,14.0
2025-02-17,GCP,Cloud Storage,us-central1,DevOps,10.04,34.6
2025-02-17,GCP,Cloud Storage,europe-west1,DevOps,6.21,22.5
2025-02-17,GCP,Cloud Storage,asia-south1,DevOps,12.99,27.11
2025-02-17,GCP,Compute Engine,us-central1,Finance,36.35,73.3
2025-02-17,GCP,Compute Engine,europe-west1,Finance,71.69,135.45
2025-02-17,GCP,Compute Engine,asia-south1,Marketing,67.15,166.33
2025-02-18,AWS,CloudFront,eu-west-1,QA,13.25,46.46
2025-02-18,AWS,EBS,us-west-2,Engineering,12.97,25.77
2025-02-18,AWS,EBS,eu-west-1,Engineering,14.61,26.05
2025-02-18,AWS,EBS,ap-south-1,Finance,8.93,34.11
2025-02-18,AWS,EC2,us-east-1,DevOps,44.96,120.5
2025-02-18,AWS,EC2,us-west-2,Marketing,43.18,115.74
2025-02-18,AWS,EC2,eu-west-1,Finance,35.0,94.06
2025-02-18,AWS,Lambda,us-west-2,DevOps,4.04,6.4
2025-02-18,AWS,Lambda,eu-west-1,QA,3.85,9.67
2025-02-18,AWS,Lambda,ap-south-1,Marketing,5.7,9.19
2025-02-18,AWS,RDS,us-east-1,Engineering,32.25,110.0
2025-02-18,AWS,RDS,us-west-2,Finance,33.98,129.74
2025-02-18,AWS,RDS,eu-west-1,QA,41.91,125.55
2025-02-18,AWS,RDS,ap-south-1,Engineering,47.79,66.25
2025-02-18,AWS,S3,us-east-1,DevOps,8.6,16.76
2025-02-18,AWS,S3,us-west-2,Marketing,8.58,26.5
2025-02-18,AWS,S3,eu-west-1,Engineering,6.07,23.18
2025-02-18,AWS,S3,ap-south-1,QA,12.12,31.42
2025-02-18,Azure,Blob Storage,East US,DevOps,13.09,50.77
2025-02-18,Azure,Blob Storage,West Europe,Engineering,9.87,24.64
2025-02-18,Azure,Blob Storage,Southeast Asia,Engineering,12.63,43.44
2025-02-18,Azure,CDN,East US,Data Science,11.26,23.33
2025-02-18,Azure,CDN,Southeast Asia,Engineering,10.87,27.11
2025-02-18,Azure,Functions,Central India,QA,8.18,19.38
2025-02-18,Azure,Functions,Southeast Asia,QA,7.73,20.21
2025-02-18,Azure,SQL Database,East US,QA,32.84,109.46
2025-02-18,Azure,SQL Database,Central India,DevOps,41.01,143.28
2025-02-18,Azure,Virtual Machines,East US,DevOps,45.95,72.06
2025-02-18,Azure,Virtual Machines,West Europe,QA,64.63,200.88
2025-02-18,Azure,Virtual Machines,Central India,Data Science,44.18,125.75
2025-02-18,Azure,Virtual Machines,Southeast Asia,Marketing,44.82,90.77
2025-02-18,GCP,BigQuery,us-central1,QA,29.68,88.02
2025-02-18,GCP,BigQuery,europe-west1,DevOps,14.81,21.47
2025-02-18,GCP,Cloud CDN,us-central1,Finance,14.98,43.49
2025-02-18,GCP,Cloud Functions,us-central1,DevOps,7.69,19.99
2025-02-18,GCP,Cloud Functions,asia-south1,Finance,4.34,10.6
2025-02-18,GCP,Cloud Storage,us-central1,DevOps,9.12,33.4
2025-02-18,GCP,Cloud Storage,europe-west1,DevOps,6.21,23.4
2025-02-18,GCP,Cloud Storage,asia-south1,DevOps,13.05,27.61
2025-02-18,GCP,Compute Engine,us-central1,Finance,38.54,80.88
2025-02-18,GCP,Compute Engine,europe-west1,Finance,65.57,131.48
2025-02-18,GCP,Compute Engine,asia-south1,Marketing,64.04,165.21
2025-02-19,AWS,CloudFront,eu-west-1,QA,13.79,50.59
2025-02-19,AWS,EBS,us-west-2,Engineering,11.27,23.65
2025-02-19,AWS,EBS,eu-west-1,Engineering,13.37,24.07
2025-02-19,AWS,EBS,ap-south-1,Finance,9.99,39.31
2025-02-19,AWS,EC2,us-east-1,DevOps,45.4,144.67
2025-02-19,AWS,EC2,us-west-2,Marketing,39.03,105.26
2025-02-19,AWS,EC2,eu-west-1,Finance,34.37,90.78
2025-02-19,AWS,Lambda,us-west-2,DevOps,3.55,6.45
2025-02-19,AWS,Lambda,eu-west-1,QA,10.73,12.39
2025-02-19,AWS,Lambda,ap-south-1,Marketing,5.12,8.8
2025-02-19,AWS,RDS,us-east-1,Engineering,34.99,119.46
2025-02-19,AWS,RDS,us-west-2,Finance,34.59,134.75
2025-02-19,AWS,RDS,eu-west-1,QA,41.19,139.83
2025-02-19,AWS,RDS,ap-south-1,Engineering,41.13,68.45
2025-02-19,AWS,S3,us-east-1,DevOps,7.57,14.83
2025-02-19,AWS,S3,us-west-2,Marketing,8.32,26.94
2025-02-19,AWS,S3,eu-west-1,Engineering,6.27,21.72
2025-02-19,AWS,S3,ap-south-1,QA,11.69,30.38
2025-02-19,Azure,Blob Storage,East US,DevOps,14.21,50.44
2025-02-19,Azure,Blob Storage,West Europe,Engineering,10.48,27.71
2025-02-19,Azure,Blob Storage,Southeast Asia,Engineering,16.68,59.32
2025-02-19,Azure,CDN,East US,Data Science,12.79,27.03
2025-02-19,Azure,CDN,Southeast Asia,Engineering,10.5,24.85
2025-02-19,Azure,Functions,Central India,QA,18.73,19.06
2025-02-19,Azure,Functions,Southeast Asia,QA,7.85,21.71
2025-02-19,Azure,SQL Database,East US,QA,36.54,114.93
2025-02-19,Azure,SQL Database,Central India,DevOps,41.36,152.16
2025-02-19,Azure,Virtual Machines,East US,DevOps,50.92,78.26
2025-02-19,Azure,Virtual Machines,West Europe,QA,46.45,153.75
2025-02-19,Azure,Virtual Machines,Central India,Data Science,43.3,146.29
2025-02-19,Azure,Virtual Machines,Southeast Asia,Marketing,37.12,75.68
2025-02-19,GCP,BigQuery,us-central1,QA,28.84,83.75
2025-02-19,GCP,BigQuery,europe-west1,DevOps,15.92,23.6
2025-02-19,GCP,Cloud CDN,us-central1,Finance,15.24,41.64
2025-02-19,GCP,Cloud Functions,us-central1,DevOps,7.98,18.13
2025-02-19,GCP,Cloud Functions,asia-south1,Finance,3.99,10.79
2025-02-19,GCP,Cloud Storage,us-central1,DevOps,10.4,37.77
2025-02-19,GCP,Cloud Storage,europe-west1,DevOps,6.02,22.7
2025-02-19,GCP,Cloud Storage,asia-south1,DevOps,15.07,28.32
2025-02-19,GCP,Compute Engine,us-central1,Finance,43.18,100.45
2025-02-19,GCP,Compute Engine,europe-west1,Finance,57.14,125.49
2025-02-19,GCP,Compute Engine,asia-south1,Marketing,70.47,167.1
2025-02-20,AWS,CloudFront,eu-west-1,QA,13.4,43.27
2025-02-20,AWS,EBS,us-west-2,Engineering,10.33,20.35
2025-02-20,AWS,EBS,eu-west-1,Engineering,16.71,31.83
2025-02-20,AWS,EBS,ap-south-1,Finance,10.75,41.5
2025-02-20,AWS,EC2,us-east-1,DevOps,50.95,146.74
2025-02-20,AWS,EC2,us-west-2,Marketing,44.19,107.63
2025-02-20,AWS,EC2,eu-west-1,Finance,37.27,94.13
2025-02-20,AWS,Lambda,us-west-2,DevOps,4.23,7.67
2025-02-20,AWS,Lambda,eu-west-1,QA,4.47,12.67
2025-02-20,AWS,Lambda,ap-south-1,Marketing,5.24,8.79
2025-02-20,AWS,RDS,us-east-1,Engineering,30.29,102.95
2025-02-20,AWS,RDS,us-west-2,Finance,35.19,129.21
2025-02-20,AWS,RDS,eu-west-1,QA,38.85,117.14
2025-02-20,AWS,RDS,ap-south-1,Engineering,49.06,76.65
2025-02-20,AWS,S3,us-east-1,DevOps,7.95,17.29
2025-02-20,AWS,S3,us-west-2,Marketing,8.87,31.78
2025-02-20,AWS,S3,eu-west-1,Engineering,6.58,27.11
2025-02-20,AWS,S3,ap-south-1,QA,13.01,30.89
2025-02-20,Azure,Blob Storage,East US,DevOps,12.15,44.58
2025-02-20,Azure,Blob Storage,West Europe,Engineering,8.54,23.32
2025-02-20,Azure,Blob Storage,Southeast Asia,Engineering,15.32,57.86
2025-02-20,Azure,CDN,East US,Data Science,9.06,18.96
2025-02-20,Azure,CDN,Southeast Asia,Engineering,11.16,31.6
2025-02-20,Azure,Functions,Central India,QA,9.28,24.11
2025-02-20,Azure,Functions,Southeast Asia,QA,8.95,22.95
2025-02-20,Azure,SQL Database,East US,QA,36.94,114.18
2025-02-20,Azure,SQL Database,Central India,DevOps,49.6,182.26
2025-02-20,Azure,Virtual Machines,East US,DevOps,53.42,78.05
2025-02-20,Azure,Virtual Machines,West Europe,QA,48.81,175.38
2025-02-20,Azure,Virtual Machines,Central India,Data Science,42.93,139.57
2025-02-20,Azure,Virtual Machines,Southeast Asia,Marketing,43.17,75.46
2025-02-20,GCP,BigQuery,us-central1,QA,27.46,85.58
2025-02-20,GCP,BigQuery,europe-west1,DevOps,17.16,27.1
2025-02-20,GCP,Cloud CDN,us-central1,Finance,15.25,39.26
2025-02-20,GCP,Cloud Functions,us-central1,DevOps,7.37,19.97
2025-02-20,GCP,Cloud Functions,asia-south1,Finance,4.59,10.67
2025-02-20,GCP,Cloud Storage,us-central1,DevOps,9.05,31.08
2025-02-20,GCP,Cloud Storage,europe-west1,DevOps,5.89,23.48
2025-02-20,GCP,Cloud Storage,asia-south1,DevOps,12.75,22.75
2025-02-20,GCP,Compute Engine,us-central1,Finance,41.92,90.2
2025-02-20,GCP,Compute Engine,europe-west1,Finance,57.33,128.04
2025-02-20,GCP,Compute Engine,asia-south1,Marketing,75.99,167.13
2025-02-21,AWS,CloudFront,eu-west-1,QA,12.91,42.6
2025-02-21,AWS,EBS,us-west-2,Engineering,11.29,22.82
2025-02-21,AWS,EBS,eu-west-1,Engineering,15.55,29.07
2025-02-21,AWS,EBS,ap-south-1,Finance,9.13,31.81
2025-02-21,AWS,EC2,us-east-1,DevOps,46.36,137.99
2025-02-21,AWS,EC2,us-west-2,Marketing,39.82,95.1
2025-02-21,AWS,EC2,eu-west-1,Finance,42.0,113.47
2025-02-21,AWS,Lambda,us-west-2,DevOps,4.17,6.45
2025-02-21,AWS,Lambda,eu-west-1,QA,3.45,9.13
2025-02-21,AWS,Lambda,ap-south-1,Marketing,5.51,9.32
2025-02-21,AWS,RDS,us-east-1,Engineering,33.38,105.75
2025-02-21,AWS,RDS,us-west-2,Finance,35.96,141.18
2025-02-21,AWS,RDS,eu-west-1,QA,44.91,136.9
2025-02-21,AWS,RDS,ap-south-1,Engineering,43.68,66.74
2025-02-21,AWS,S3,us-east-1,DevOps,7.94,16.39
2025-02-21,AWS,S3,us-west-2,Marketing,8.36,27.28
2025-02-21,AWS,S3,eu-west-1,Engineering,7.11,28.38
2025-02-21,AWS,S3,ap-south-1,QA,9.4,24.2
2025-02-21,Azure,Blob Storage,East US,DevOps,12.51,45.44
2025-02-21,Azure,Blob Storage,West Europe,Engineering,9.59,23.38
2025-02-21,Azure,Blob Storage,Southeast Asia,Engineering,13.86,48.99
2025-02-21,Azure,CDN,East US,Data Science,10.83,24.12
2025-02-21,Azure,CDN,Southeast Asia,Engineering,8.63,22.39
2025-02-21,Azure,Functions,Central India,QA,7.86,17.78
2025-02-21,Azure,Functions,Southeast Asia,QA,7.76,18.08
2025-02-21,Azure,SQL Database,East US,QA,35.27,121.94
2025-02-21,Azure,SQL Database,Central India,DevOps,46.18,166.66
2025-02-21,Azure,Virtual Machines,East US,DevOps,54.86,80.88
2025-02-21,Azure,Virtual Machines,West Europe,QA,55.47,177.71
2025-02-21,Azure,Virtual Machines,Central India,Data Science,40.08,136.42
2025-02-21,Azure,Virtual Machines,Southeast Asia,Marketing,47.93,96.17
2025-02-21,GCP,BigQuery,us-central1,QA,27.28,92.73
2025-02-21,GCP,BigQuery,europe-west1,DevOps,17.44,28.22
2025-02-21,GCP,Cloud CDN,us-central1,Finance,14.91,43.79
2025-02-21,GCP,Cloud Functions,us-central1,DevOps,8.11,21.53
2025-02-21,GCP,Cloud Functions,asia-south1,Finance,4.14,10.41
2025-02-21,GCP,Cloud Storage,us-central1,DevOps,9.27,31.0
2025-02-21,GCP,Cloud Storage,europe-west1,DevOps,6.45,22.49
2025-02-21,GCP,Cloud Storage,asia-south1,DevOps,13.08,27.74
2025-02-21,GCP,Compute Engine,us-central1,Finance,43.7,98.8
2025-02-21,GCP,Compute Engine,europe-west1,Finance,67.3,132.98
2025-02-21,GCP,Compute Engine,asia-south1,Marketing,75.37,193.2
2025-02-22,AWS,CloudFront,eu-west-1,QA,11.02,37.59
2025-02-22,AWS,EBS,us-west-2,Engineering,11.74,20.29
2025-02-22,AWS,EBS,eu-west-1,Engineering,15.59,28.49
2025-02-22,AWS,EBS,ap-south-1,Finance,9.6,37.31
2025-02-22,AWS,EC2,us-east-1,DevOps,42.81,135.89
2025-02-22,AWS,EC2,us-west-2,Marketing,40.43,111.78
2025-02-22,AWS,EC2,eu-west-1,Finance,35.38,92.88
2025-02-22,AWS,Lambda,us-west-2,DevOps,4.21,6.58
2025-02-22,AWS,Lambda,eu-west-1,QA,3.96,10.59
2025-02-22,AWS,Lambda,ap-south-1,Marketing,5.42,8.62
2025-02-22,AWS,RDS,us-east-1,Engineering,28.27,86.17
2025-02-22,AWS,RDS,us-west-2,Finance,36.59,129.17
2025-02-22,AWS,RDS,eu-west-1,QA,38.53,130.35
2025-02-22,AWS,RDS,ap-south-1,Engineering,51.11,81.55
2025-02-22,AWS,S3,us-east-1,DevOps,7.53,17.4
2025-02-22,AWS,S3,us-west-2,Marketing,8.37,26.4
2025-02-22,AWS,S3,eu-west-1,Engineering,6.39,24.98
2025-02-22,AWS,S3,ap-south-1,QA,11.6,27.6
2025-02-22,Azure,Blob Storage,East US,DevOps,12.54,49.31
2025-02-22,Azure,Blob Storage,West Europe,Engineering,10.48,26.12
2025-02-22,Azure,Blob Storage,Southeast Asia,Engineering,14.75,49.73
2025-02-22,Azure,CDN,East US,Data Science,11.43,26.94
2025-02-22,Azure,CDN,Southeast Asia,Engineering,7.65,18.15
2025-02-22,Azure,Functions,Central India,QA,9.21,22.61
2025-02-22,Azure,Functions,Southeast Asia,QA,8.37,19.73
2025-02-22,Azure,SQL Database,East US,QA,30.2,107.77
2025-02-22,Azure,SQL Database,Central India,DevOps,42.97,160.68
2025-02-22,Azure,Virtual Machines,East US,DevOps,47.22,80.84
2025-02-22,Azure,Virtual Machines,West Europe,QA,66.69,242.2
2025-02-22,Azure,Virtual Machines,Central India,Data Science,37.43,111.23
2025-02-22,Azure,Virtual Machines,Southeast Asia,Marketing,48.67,90.88
2025-02-22,GCP,BigQuery,us-central1,QA,25.59,76.46
2025-02-22,GCP,BigQuery,europe-west1,DevOps,14.66,21.3
2025-02-22,GCP,Cloud CDN,us-central1,Finance,16.5,48.33
2025-02-22,GCP,Cloud Functions,us-central1,DevOps,7.48,18.6
2025-02-22,GCP,Cloud Functions,asia-south1,Finance,4.3,10.03
2025-02-22,GCP,Cloud Storage,us-central1,DevOps,8.27,28.23
2025-02-22,GCP,Cloud Storage,europe-west1,DevOps,6.48,22.39
2025-02-22,GCP,Cloud Storage,asia-south1,DevOps,12.21,23.1
2025-02-22,GCP,Compute Engine,us-central1,Finance,36.87,74.48
2025-02-22,GCP,Compute Engine,europe-west1,Finance,58.09,109.88
2025-02-22,GCP,Compute Engine,asia-south1,Marketing,74.57,192.63
2025-02-23,AWS,CloudFront,eu-west-1,QA,13.34,45.32
2025-02-23,AWS,EBS,us-west-2,Engineering,12.65,25.64
2025-02-23,AWS,EBS,eu-west-1,Engineering,15.15,27.92
2025-02-23,AWS,EBS,ap-south-1,Finance,8.56,29.46
2025-02-23,AWS,EC2,us-east-1,DevOps,43.67,117.22
2025-02-23,AWS,EC2,us-west-2,Marketing,39.73,103.18
2025-02-23,AWS,EC2,eu-west-1,Finance,38.61,107.05
2025-02-23,AWS,Lambda,us-west-2,DevOps,4.1,7.39
2025-02-23,AWS,Lambda,eu-west-1,QA,3.99,9.65
2025-02-23,AWS,Lambda,ap-south-1,Marketing,4.95,7.53
2025-02-23,AWS,RDS,us-east-1,Engineering,24.07,68.11
2025-02-23,AWS,RDS,us-west-2,Finance,25.18,88.79
2025-02-23,AWS,RDS,eu-west-1,QA,39.62,120.82
2025-02-23,AWS,RDS,ap-south-1,Engineering,43.4,70.23
2025-02-23,AWS,S3,us-east-1,DevOps,8.56,17.91
2025-02-23,AWS,S3,us-west-2,Marketing,9.18,30.6
2025-02-23,AWS,S3,eu-west-1,Engineering,6.35,25.64
2025-02-23,AWS,S3,ap-south-1,QA,12.43,28.22
2025-02-23,Azure,Blob Storage,East US,DevOps,11.93,45.56
2025-02-23,Azure,Blob Storage,West Europe,Engineering,9.8,26.69
2025-02-23,Azure,Blob Storage,Southeast Asia,Engineering,11.95,41.69
2025-02-23,Azure,CDN,East US,Data Science,11.25,25.29
2025-02-23,Azure,CDN,Southeast Asia,Engineering,11.25,31.18
2025-02-23,Azure,Functions,Central India,QA,7.62,17.97
2025-02-23,Azure,Functions,Southeast Asia,QA,8.34,21.16
2025-02-23,Azure,SQL Database,East US,QA,33.42,99.91
2025-02-23,Azure,SQL Database,Central India,DevOps,46.65,152.19
2025-02-23,Azure,Virtual Machines,East US,DevOps,48.22,75.48
2025-02-23,Azure,Virtual Machines,West Europe,QA,56.83,173.54
2025-02-23,Azure,Virtual Machines,Central India,Data Science,43.44,141.18
2025-02-23,Azure,Virtual Machines,Southeast Asia,Marketing,45.96,85.33
2025-02-23,GCP,BigQuery,us-central1,QA,26.63,84.21
2025-02-23,GCP,BigQuery,europe-west1,DevOps,15.7,21.83
2025-02-23,GCP,Cloud CDN,us-central1,Finance,14.59,36.49
2025-02-23,GCP,Cloud Functions,us-central1,DevOps,8.56,20.52
2025-02-23,GCP,Cloud Functions,asia-south1,Finance,4.51,11.05
2025-02-23,GCP,Cloud Storage,us-central1,DevOps,9.68,32.23
2025-02-23,GCP,Cloud Storage,europe-west1,DevOps,6.32,23.34
2025-02-23,GCP,Cloud Storage,asia-south1,DevOps,14.91,26.35
2025-02-23,GCP,Compute Engine,us-central1,Finance,34.3,79.35
2025-02-23,GCP,Compute Engine,europe-west1,Finance,73.93,144.66
2025-02-23,GCP,Compute Engine,asia-south1,Marketing,74.59,190.7
2025-02-24,AWS,CloudFront,eu-west-1,QA,12.9,44.12
2025-02-24,AWS,EBS,us-west-2,Engineering,11.47,21.02
2025-02-24,AWS,EBS,eu-west-1,Engineering,15.89,33.56
2025-02-24,AWS,EBS,ap-south-1,Finance,8.95,32.92
2025-02-24,AWS,EC2,us-east-1,DevOps,38.81,122.24
2025-02-24,AWS,EC2,us-west-2,Marketing,37.86,90.35
2025-02-24,AWS,EC2,eu-west-1,Finance,38.4,104.91
2025-02-24,AWS,Lambda,us-west-2,DevOps,3.95,6.51
2025-02-24,AWS,Lambda,eu-west-1,QA,4.24,10.34
2025-02-24,AWS,Lambda,ap-south-1,Marketing,4.92,8.06
2025-02-24,AWS,RDS,us-east-1,Engineering,30.29,86.71
2025-02-24,AWS,RDS,us-west-2,Finance,33.23,115.68
2025-02-24,AWS,RDS,eu-west-1,QA,38.18,118.9
2025-02-24,AWS,RDS,ap-south-1,Engineering,43.65,70.19
2025-02-24,AWS,S3,us-east-1,DevOps,7.62,15.09
2025-02-24,AWS,S3,us-west-2,Marketing,7.66,23.26
2025-02-24,AWS,S3,eu-west-1,Engineering,6.68,26.05
2025-02-24,AWS,S3,ap-south-1,QA,9.62,21.72
2025-02-24,Azure,Blob Storage,East US,DevOps,10.28,40.87
2025-02-24,Azure,Blob Storage,West Europe,Engineering,10.25,25.11
2025-02-24,Azure,Blob Storage,Southeast Asia,Engineering,13.79,51.93
2025-02-24,Azure,CDN,East US,Data Science,12.46,25.87
2025-02-24,Azure,CDN,Southeast Asia,Engineering,10.59,27.93
2025-02-24,Azure,Functions,Central India,QA,9.08,22.97
2025-02-24,Azure,Functions,Southeast Asia,QA,7.44,19.55
2025-02-24,Azure,SQL Database,East US,QA,32.6,99.19
2025-02-24,Azure,SQL Database,Central India,DevOps,49.14,159.56
2025-02-24,Azure,Virtual Machines,East US,DevOps,51.33,84.66
2025-02-24,Azure,Virtual Machines,West Europe,QA,51.16,183.6
2025-02-24,Azure,Virtual Machines,Central India,Data Science,41.1,136.53
2025-02-24,Azure,Virtual Machines,Southeast Asia,Marketing,38.56,76.39
2025-02-24,GCP,BigQuery,us-central1,QA,24.4,75.17
2025-02-24,GCP,BigQuery,europe-west1,DevOps,16.58,23.74
2025-02-24,GCP,Cloud CDN,us-central1,Finance,16.73,48.0
2025-02-24,GCP,Cloud Functions,us-central1,DevOps,7.01,17.41
2025-02-24,GCP,Cloud Functions,asia-south1,Finance,3.4,9.46
2025-02-24,GCP,Cloud Storage,us-central1,DevOps,9.03,31.25
2025-02-24,GCP,Cloud Storage,europe-west1,DevOps,5.86,23.8
2025-02-24,GCP,Cloud Storage,asia-south1,DevOps,14.28,27.82
2025-02-24,GCP,Compute Engine,us-central1,Finance,37.84,72.43
2025-02-24,GCP,Compute Engine,europe-west1,Finance,59.21,116.16
2025-02-24,GCP,Compute Engine,asia-south1,Marketing,69.58,176.2
2025-02-25,AWS,CloudFront,eu-west-1,QA,11.79,43.61
2025-02-25,AWS,EBS,us-west-2,Engineering,14.16,25.02
2025-02-25,AWS,EBS,eu-west-1,Engineering,14.07,28.86
2025-02-25,AWS,EBS,ap-south-1,Finance,8.76,36.28
2025-02-25,AWS,EC2,us-east-1,DevOps,38.27,113.24
2025-02-25,AWS,EC2,us-west-2,Marketing,47.71,137.26
2025-02-25,AWS,EC2,eu-west-1,Finance,39.08,95.41
2025-02-25,AWS,Lambda,us-west-2,DevOps,3.91,6.14
2025-02-25,AWS,Lambda,eu-west-1,QA,3.9,9.92
2025-02-25,AWS,Lambda,ap-south-1,Marketing,4.91,7.64
2025-02-25,AWS,RDS,us-east-1,Engineering,28.94,89.53
2025-02-25,AWS,RDS,us-west-2,Finance,34.21,124.49
2025-02-25,AWS,RDS,eu-west-1,QA,39.75,122.2
2025-02-25,AWS,RDS,ap-south-1,Engineering,41.22,56.42
2025-02-25,AWS,S3,us-east-1,DevOps,6.75,15.01
2025-02-25,AWS,S3,us-west-2,Marketing,6.92,23.3
2025-02-25,AWS,S3,eu-west-1,Engineering,6.29,26.08
2025-02-25,AWS,S3,ap-south-1,QA,12.02,30.92
2025-02-25,Azure,Blob Storage,East US,DevOps,12.58,48.25
2025-02-25,Azure,Blob Storage,West Europe,Engineering,10.56,26.52
2025-02-25,Azure,Blob Storage,Southeast Asia,Engineering,12.98,45.88
2025-02-25,Azure,CDN,East US,Data Science,12.09,28.38
2025-02-25,Azure,CDN,Southeast Asia,Engineering,8.94,21.17
2025-02-25,Azure,Functions,Central India,QA,14.24,17.89
2025-02-25,Azure,Functions,Southeast Asia,QA,8.83,22.96
2025-02-25,Azure,SQL Database,East US,QA,31.62,106.77
2025-02-25,Azure,SQL Database,Central India,DevOps,39.42,145.02
2025-02-25,Azure,Virtual Machines,East US,DevOps,52.82,76.41
2025-02-25,Azure,Virtual Machines,West Europe,QA,59.77,196.36
2025-02-25,Azure,Virtual Machines,Central India,Data Science,41.98,136.62
2025-02-25,Azure,Virtual Machines,Southeast Asia,Marketing,47.21,81.28
2025-02-25,GCP,BigQuery,us-central1,QA,24.75,75.07
2025-02-25,GCP,BigQuery,europe-west1,DevOps,16.15,22.29
2025-02-25,GCP,Cloud CDN,us-central1,Finance,14.73,37.73
2025-02-25,GCP,Cloud Functions,us-central1,DevOps,7.62,19.71
2025-02-25,GCP,Cloud Functions,asia-south1,Finance,4.27,11.41
2025-02-25,GCP,Cloud Storage,us-central1,DevOps,8.89,35.4
2025-02-25,GCP,Cloud Storage,europe-west1,DevOps,6.03,24.33
2025-02-25,GCP,Cloud Storage,asia-south1,DevOps,10.64,19.23
2025-02-25,GCP,Compute Engine,us-central1,Finance,41.33,95.17
2025-02-25,GCP,Compute Engine,europe-west1,Finance,63.65,133.07
2025-02-25,GCP,Compute Engine,asia-south1,Marketing,65.13,140.55
2025-02-26,AWS,CloudFront,eu-west-1,QA,11.98,40.41
2025-02-26,AWS,EBS,us-west-2,Engineering,10.98,19.34
2025-02-26,AWS,EBS,eu-west-1,Engineering,15.36,30.31
2025-02-26,AWS,EBS,ap-south-1,Finance,9.39,34.41
2025-02-26,AWS,EC2,us-east-1,DevOps,35.3,96.44
2025-02-26,AWS,EC2,us-west-2,Marketing,38.02,90.74
2025-02-26,AWS,EC2,eu-west-1,Finance,41.49,101.71
2025-02-26,AWS,Lambda,us-west-2,DevOps,3.89,6.55
2025-02-26,AWS,Lambda,eu-west-1,QA,4.13,11.14
2025-02-26,AWS,Lambda,ap-south-1,Marketing,5.55,8.38
2025-02-26,AWS,RDS,us-east-1,Engineering,27.57,84.79
2025-02-26,AWS,RDS,us-west-2,Finance,39.34,157.1
2025-02-26,AWS,RDS,eu-west-1,QA,43.6,127.64
2025-02-26,AWS,RDS,ap-south-1,Engineering,42.1,59.79
2025-02-26,AWS,S3,us-east-1,DevOps,7.47,15.28
2025-02-26,AWS,S3,us-west-2,Marketing,7.87,26.27
2025-02-26,AWS,S3,eu-west-1,Engineering,6.55,25.86
2025-02-26,AWS,S3,ap-south-1,QA,10.52,23.27
2025-02-26,Azure,Blob Storage,East US,DevOps,14.32,49.77
2025-02-26,Azure,Blob Storage,West Europe,Engineering,10.21,27.8
2025-02-26,Azure,Blob Storage,Southeast Asia,Engineering,15.33,52.28
2025-02-26,Azure,CDN,East US,Data Science,11.57,26.0
2025-02-26,Azure,CDN,Southeast Asia,Engineering,9.03,23.26
2025-02-26,Azure,Functions,Central India,QA,8.12,20.43
2025-02-26,Azure,Functions,Southeast Asia,QA,7.12,18.21
2025-02-26,Azure,SQL Database,East US,QA,33.09,115.24
2025-02-26,Azure,SQL Database,Central India,DevOps,47.63,159.4
2025-02-26,Azure,Virtual Machines,East US,DevOps,50.24,81.61
2025-02-26,Azure,Virtual Machines,West Europe,QA,63.17,191.93
2025-02-26,Azure,Virtual Machines,Central India,Data Science,41.8,123.17
2025-02-26,Azure,Virtual Machines,Southeast Asia,Marketing,45.06,90.91
2025-02-26,GCP,BigQuery,us-central1,QA,27.31,86.89
2025-02-26,GCP,BigQuery,europe-west1,DevOps,16.14,24.93
2025-02-26,GCP,Cloud CDN,us-central1,Finance,14.05,39.53
2025-02-26,GCP,Cloud Functions,us-central1,DevOps,7.46,19.37
2025-02-26,GCP,Cloud Functions,asia-south1,Finance,4.27,11.46
2025-02-26,GCP,Cloud Storage,us-central1,DevOps,9.25,32.85
2025-02-26,GCP,Cloud Storage,europe-west1,DevOps,6.86,26.18
2025-02-26,GCP,Cloud Storage,asia-south1,DevOps,13.39,28.33
2025-02-26,GCP,Compute Engine,us-central1,Finance,39.73,90.95
2025-02-26,GCP,Compute Engine,europe-west1,Finance,64.09,130.12
2025-02-26,GCP,Compute Engine,asia-south1,Marketing,66.25,167.24
2025-02-27,AWS,CloudFront,eu-west-1,QA,11.94,41.75
2025-02-27,AWS,EBS,us-west-2,Engineering,11.83,23.41
2025-02-27,AWS,EBS,eu-west-1,Engineering,15.07,32.27
2025-02-27,AWS,EBS,ap-south-1,Finance,9.62,39.91
2025-02-27,AWS,EC2,us-east-1,DevOps,36.76,105.75
2025-02-27,AWS,EC2,us-west-2,Marketing,42.57,115.81
2025-02-27,AWS,EC2,eu-west-1,Finance,40.94,97.28
2025-02-27,AWS,Lambda,us-west-2,DevOps,3.71,6.13
2025-02-27,AWS,Lambda,eu-west-1,QA,4.05,11.34
2025-02-27,AWS,Lambda,ap-south-1,Marketing,4.3,6.3
2025-02-27,AWS,RDS,us-east-1,Engineering,32.04,94.21
2025-02-27,AWS,RDS,us-west-2,Finance,31.89,126.87
2025-02-27,AWS,RDS,eu-west-1,QA,36.04,103.75
2025-02-27,AWS,RDS,ap-south-1,Engineering,40.9,63.9
2025-02-27,AWS,S3,us-east-1,DevOps,7.76,16.62
2025-02-27,AWS,S3,us-west-2,Marketing,7.9,27.55
2025-02-27,AWS,S3,eu-west-1,Engineering,6.72,27.64
2025-02-27,AWS,S3,ap-south-1,QA,11.22,27.01
2025-02-27,Azure,Blob Storage,East US,DevOps,12.95,51.25
2025-02-27,Azure,Blob Storage,West Europe,Engineering,28.1,26.62
2025-02-27,Azure,Blob Storage,Southeast Asia,Engineering,15.31,54.17
2025-02-27,Azure,CDN,East US,Data Science,10.66,22.02
2025-02-27,Azure,CDN,Southeast Asia,Engineering,9.64,24.74
2025-02-27,Azure,Functions,Central India,QA,7.4,16.57
2025-02-27,Azure,Functions,Southeast Asia,QA,8.27,22.86
2025-02-27,Azure,SQL Database,East US,QA,34.49,119.84
2025-02-27,Azure,SQL Database,Central India,DevOps,45.89,159.69
2025-02-27,Azure,Virtual Machines,East US,DevOps,53.42,91.47
2025-02-27,Azure,Virtual Machines,West Europe,QA,52.6,187.95
2025-02-27,Azure,Virtual Machines,Central India,Data Science,33.62,100.43
2025-02-27,Azure,Virtual Machines,Southeast Asia,Marketing,41.9,81.21
2025-02-27,GCP,BigQuery,us-central1,QA,25.09,79.61
2025-02-27,GCP,BigQuery,europe-west1,DevOps,14.07,22.2
2025-02-27,GCP,Cloud CDN,us-central1,Finance,15.09,42.75
2025-02-27,GCP,Cloud Functions,us-central1,DevOps,7.76,17.54
2025-02-27,GCP,Cloud Functions,asia-south1,Finance,5.03,11.9
2025-02-27,GCP,Cloud Storage,us-central1,DevOps,7.94,30.88
2025-02-27,GCP,Cloud Storage,europe-west1,DevOps,5.36,21.77
2025-02-27,GCP,Cloud Storage,asia-south1,DevOps,12.91,23.53
2025-02-27,GCP,Compute Engine,us-central1,Finance,42.85,82.99
2025-02-27,GCP,Compute Engine,europe-west1,Finance,59.23,126.83
2025-02-27,GCP,Compute Engine,asia-south1,Marketing,66.55,171.07
2025-02-28,AWS,CloudFront,eu-west-1,QA,11.38,40.78
2025-02-28,AWS,EBS,us-west-2,Engineering,10.69,22.44
2025-02-28,AWS,EBS,eu-west-1,Engineering,14.93,26.77
2025-02-28,AWS,EBS,ap-south-1,Finance,8.64,31.31
2025-02-28,AWS,EC2,us-east-1,DevOps,43.11,133.25
2025-02-28,AWS,EC2,us-west-2,Marketing,35.69,102.46
2025-02-28,AWS,EC2,eu-west-1,Finance,34.44,85.59
2025-02-28,AWS,Lambda,us-west-2,DevOps,3.73,5.92
2025-02-28,AWS,Lambda,eu-west-1,QA,4.04,11.03
2025-02-28,AWS,Lambda,ap-south-1,Marketing,4.95,7.84
2025-02-28,AWS,RDS,us-east-1,Engineering,32.55,100.01
2025-02-28,AWS,RDS,us-west-2,Finance,35.14,128.14
2025-02-28,AWS,RDS,eu-west-1,QA,38.93,128.98
2025-02-28,AWS,RDS,ap-south-1,Engineering,47.35,69.96
2025-02-28,AWS,S3,us-east-1,DevOps,7.01,15.55
2025-02-28,AWS,S3,us-west-2,Marketing,8.16,29.49
2025-02-28,AWS,S3,eu-west-1,Engineering,5.99,22.77
2025-02-28,AWS,S3,ap-south-1,QA,10.37,24.82
2025-02-28,Azure,Blob Storage,East US,DevOps,13.77,54.73
2025-02-28,Azure,Blob Storage,West Europe,Engineering,9.78,23.39
2025-02-28,Azure,Blob Storage,Southeast Asia,Engineering,14.54,51.74
2025-02-28,Azure,CDN,East US,Data Science,11.66,24.81
2025-02-28,Azure,CDN,Southeast Asia,Engineering,9.38,22.67
2025-02-28,Azure,Functions,Central India,QA,8.02,17.81
2025-02-28,Azure,Functions,Southeast Asia,QA,7.75,18.33
2025-02-28,Azure,SQL Database,East US,QA,31.09,106.55
2025-02-28,Azure,SQL Database,Central India,DevOps,43.58,158.64
2025-02-28,Azure,Virtual Machines,East US,DevOps,55.22,83.7
2025-02-28,Azure,Virtual Machines,West Europe,QA,57.09,180.22
2025-02-28,Azure,Virtual Machines,Central India,Data Science,45.34,143.73
2025-02-28,Azure,Virtual Machines,Southeast Asia,Marketing,35.19,70.9
2025-02-28,GCP,BigQuery,us-central1,QA,24.35,74.21
2025-02-28,GCP,BigQuery,europe-west1,DevOps,14.42,21.41
2025-02-28,GCP,Cloud CDN,us-central1,Finance,15.53,44.17
2025-02-28,GCP,Cloud Functions,us-central1,DevOps,8.13,21.32
2025-02-28,GCP,Cloud Functions,asia-south1,Finance,4.3,11.15
2025-02-28,GCP,Cloud Storage,us-central1,DevOps,8.6,31.48
2025-02-28,GCP,Cloud Storage,europe-west1,DevOps,6.91,27.64
2025-02-28,GCP,Cloud Storage,asia-south1,DevOps,11.62,21.86
2025-02-28,GCP,Compute Engine,us-central1,Finance,36.5,79.02
2025-02-28,GCP,Compute Engine,europe-west1,Finance,51.32,108.48
2025-02-28,GCP,Compute Engine,asia-south1,Marketing,63.22,150.56
2025-03-01,AWS,CloudFront,eu-west-1,QA,10.08,33.34
2025-03-01,AWS,EBS,us-west-2,Engineering,11.51,22.71
2025-03-01,AWS,EBS,eu-west-1,Engineering,12.76,24.46
2025-03-01,AWS,EBS,ap-south-1,Finance,9.73,35.72
2025-03-01,AWS,EC2,us-east-1,DevOps,37.8,110.27
2025-03-01,AWS,EC2,us-west-2,Marketing,40.02,99.3
2025-03-01,AWS,EC2,eu-west-1,Finance,29.9,84.49
2025-03-01,AWS,Lambda,us-west-2,DevOps,3.66,6.43
2025-03-01,AWS,Lambda,eu-west-1,QA,3.84,10.03
2025-03-01,AWS,Lambda,ap-south-1,Marketing,5.6,9.0
2025-03-01,AWS,RDS,us-east-1,Engineering,29.71,87.18
2025-03-01,AWS,RDS,us-west-2,Finance,38.59,146.67
2025-03-01,AWS,RDS,eu-west-1,QA,39.5,128.88
2025-03-01,AWS,RDS,ap-south-1,Engineering,38.41,63.81
2025-03-01,AWS,S3,us-east-1,DevOps,7.01,16.15
2025-03-01,AWS,S3,us-west-2,Marketing,7.72,24.17
2025-03-01,AWS,S3,eu-west-1,Engineering,4.51,15.77
2025-03-01,AWS,S3,ap-south-1,QA,11.83,29.35
2025-03-01,Azure,Blob Storage,East US,DevOps,12.67,42.46
2025-03-01,Azure,Blob Storage,West Europe,Engineering,9.13,22.22
2025-03-01,Azure,Blob Storage,Southeast Asia,Engineering,14.51,49.99
2025-03-01,Azure,CDN,East US,Data Science,10.24,23.71
2025-03-01,Azure,CDN,Southeast Asia,Engineering,8.96,22.94
2025-03-01,Azure,Functions,Central India,QA,8.64,21.97
2025-03-01,Azure,Functions,Southeast Asia,QA,8.06,18.97
2025-03-01,Azure,SQL Database,East US,QA,31.61,111.82
2025-03-01,Azure,SQL Database,Central India,DevOps,44.94,152.74
2025-03-01,Azure,Virtual Machines,East US,DevOps,41.66,66.83
2025-03-01,Azure,Virtual Machines,West Europe,QA,55.44,166.53
2025-03-01,Azure,Virtual Machines,Central India,Data Science,37.79,116.96
2025-03-01,Azure,Virtual Machines,Southeast Asia,Marketing,44.87,92.41
2025-03-01,GCP,BigQuery,us-central1,QA,26.62,89.32
2025-03-01,GCP,BigQuery,europe-west1,DevOps,15.15,24.87
2025-03-01,GCP,Cloud CDN,us-central1,Finance,13.61,34.63
2025-03-01,GCP,Cloud Functions,us-central1,DevOps,7.69,19.53
2025-03-01,GCP,Cloud Functions,asia-south1,Finance,5.06,12.65
2025-03-01,GCP,Cloud Storage,us-central1,DevOps,8.91,33.37
2025-03-01,GCP,Cloud Storage,europe-west1,DevOps,6.01,21.65
2025-03-01,GCP,Cloud Storage,asia-south1,DevOps,11.33,23.48
2025-03-01,GCP,Compute Engine,us-central1,Finance,41.5,93.02
2025-03-01,GCP,Compute Engine,europe-west1,Finance,63.09,121.82
2025-03-01,GCP,Compute Engine,asia-south1,Marketing,69.4,172.49
2025-03-02,AWS,CloudFront,eu-west-1,QA,10.6,38.66
2025-03-02,AWS,EBS,us-west-2,Engineering,10.96,19.94
2025-03-02,AWS,EBS,eu-west-1,Engineering,14.16,29.83
2025-03-02,AWS,EBS,ap-south-1,Finance,9.66,37.79
2025-03-02,AWS,EC2,us-east-1,DevOps,42.04,135.07
2025-03-02,AWS,EC2,us-west-2,Marketing,40.09,97.44
2025-03-02,AWS,EC2,eu-west-1,Finance,33.77,85.1
2025-03-02,AWS,Lambda,us-west-2,DevOps,4.13,7.12
2025-03-02,AWS,Lambda,eu-west-1,QA,3.84,9.47
2025-03-02,AWS,Lambda,ap-south-1,Marketing,5.22,8.34
2025-03-02,AWS,RDS,us-east-1,Engineering,28.82,96.75
2025-03-02,AWS,RDS,us-west-2,Finance,30.65,119.51
2025-03-02,AWS,RDS,eu-west-1,QA,35.55,107.8
2025-03-02,AWS,RDS,ap-south-1,Engineering,45.44,71.13
2025-03-02,AWS,S3,us-east-1,DevOps,7.12,16.07
2025-03-02,AWS,S3,us-west-2,Marketing,8.06,26.6
2025-03-02,AWS,S3,eu-west-1,Engineering,5.67,21.61
2025-03-02,AWS,S3,ap-south-1,QA,10.66,25.24
2025-03-02,Azure,Blob Storage,East US,DevOps,11.6,45.41
2025-03-02,Azure,Blob Storage,West Europe,Engineering,8.8,21.53
2025-03-02,Azure,Blob Storage,Southeast Asia,Engineering,12.71,50.16
2025-03-02,Azure,CDN,East US,Data Science,11.34,26.0
2025-03-02,Azure,CDN,Southeast Asia,Engineering,8.76,21.79
2025-03-02,Azure,Functions,Central India,QA,7.47,18.68
2025-03-02,Azure,Functions,Southeast Asia,QA,7.8,21.04
2025-03-02,Azure,SQL Database,East US,QA,31.21,96.67
2025-03-02,Azure,SQL Database,Central India,DevOps,44.67,143.58
2025-03-02,Azure,Virtual Machines,East US,DevOps,53.4,91.74
2025-03-02,Azure,Virtual Machines,West Europe,QA,56.9,175.21
2025-03-02,Azure,Virtual Machines,Central India,Data Science,43.63,142.89
2025-03-02,Azure,Virtual Machines,Southeast Asia,Marketing,39.42,74.15
2025-03-02,GCP,BigQuery,us-central1,QA,26.29,75.07
2025-03-02,GCP,BigQuery,europe-west1,DevOps,14.84,23.36
2025-03-02,GCP,Cloud CDN,us-central1,Finance,12.81,35.96
2025-03-02,GCP,Cloud Functions,us-central1,DevOps,7.4,16.61
2025-03-02,GCP,Cloud Functions,asia-south1,Finance,4.72,12.63
2025-03-02,GCP,Cloud Storage,us-central1,DevOps,10.04,33.88
2025-03-02,GCP,Cloud Storage,europe-west1,DevOps,5.84,20.55
2025-03-02,GCP,Cloud Storage,asia-south1,DevOps,10.25,21.29
2025-03-02,GCP,Compute Engine,us-central1,Finance,36.32,75.53
2025-03-02,GCP,Compute Engine,europe-west1,Finance,58.03,124.62
2025-03-02,GCP,Compute Engine,asia-south1,Marketing,62.56,152.19
2025-03-03,AWS,CloudFront,eu-west-1,QA,10.72,37.81
2025-03-03,AWS,EBS,us-west-2,Engineering,10.78,19.36
2025-03-03,AWS,EBS,eu-west-1,Engineering,14.33,29.08
2025-03-03,AWS,EBS,ap-south-1,Finance,9.13,36.65
2025-03-03,AWS,EC2,us-east-1,DevOps,44.43,126.91
2025-03-03,AWS,EC2,us-west-2,Marketing,38.28,92.63
2025-03-03,AWS,EC2,eu-west-1,Finance,35.69,86.54
2025-03-03,AWS,Lambda,us-west-2,DevOps,4.02,6.21
2025-03-03,AWS,Lambda,eu-west-1,QA,3.67,10.36
2025-03-03,AWS,Lambda,ap-south-1,Marketing,5.31,7.73
2025-03-03,AWS,RDS,us-east-1,Engineering,29.17,87.86
2025-03-03,AWS,RDS,us-west-2,Finance,35.1,124.29
2025-03-03,AWS,RDS,eu-west-1,QA,37.55,114.21
2025-03-03,AWS,RDS,ap-south-1,Engineering,45.21,74.76
2025-03-03,AWS,S3,us-east-1,DevOps,8.11,17.92
2025-03-03,AWS,S3,us-west-2,Marketing,9.06,32.27
2025-03-03,AWS,S3,eu-west-1,Engineering,6.61,23.18
2025-03-03,AWS,S3,ap-south-1,QA,11.57,26.15
2025-03-03,Azure,Blob Storage,East US,DevOps,12.22,45.74
2025-03-03,Azure,Blob Storage,West Europe,Engineering,10.46,28.53
2025-03-03,Azure,Blob Storage,Southeast Asia,Engineering,14.08,53.28
2025-03-03,Azure,CDN,East US,Data Science,9.98,22.18
2025-03-03,Azure,CDN,Southeast Asia,Engineering,8.97,24.27
2025-03-03,Azure,Functions,Central India,QA,7.3,19.16
2025-03-03,Azure,Functions,Southeast Asia,QA,7.18,17.33
2025-03-03,Azure,SQL Database,East US,QA,34.54,104.49
2025-03-03,Azure,SQL Database,Central India,DevOps,45.34,163.03
2025-03-03,Azure,Virtual Machines,East US,DevOps,52.22,86.08
2025-03-03,Azure,Virtual Machines,West Europe,QA,52.07,178.46
2025-03-03,Azure,Virtual Machines,Central India,Data Science,40.36,123.19
2025-03-03,Azure,Virtual Machines,Southeast Asia,Marketing,42.21,72.68
2025-03-03,GCP,BigQuery,us-central1,QA,24.89,71.58
2025-03-03,GCP,BigQuery,europe-west1,DevOps,15.31,22.5
2025-03-03,GCP,Cloud CDN,us-central1,Finance,15.53,39.32
2025-03-03,GCP,Cloud Functions,us-central1,DevOps,7.84,18.65
2025-03-03,GCP,Cloud Functions,asia-south1,Finance,4.43,10.53
2025-03-03,GCP,Cloud Storage,us-central1,DevOps,9.06,31.34
2025-03-03,GCP,Cloud Storage,europe-west1,DevOps,6.33,22.9
2025-03-03,GCP,Cloud Storage,asia-south1,DevOps,12.78,27.03
2025-03-03,GCP,Compute Engine,us-central1,Finance,40.27,78.42
2025-03-03,GCP,Compute Engine,europe-west1,Finance,61.93,134.59
2025-03-03,GCP,Compute Engine,asia-south1,Marketing,55.64,125.58
2025-03-04,AWS,CloudFront,eu-west-1,QA,9.67,33.43
2025-03-04,AWS,EBS,us-west-2,Engineering,10.38,19.92
2025-03-04,AWS,EBS,eu-west-1,Engineering,15.76,34.19
2025-03-04,AWS,EBS,ap-south-1,Finance,8.15,31.07
2025-03-04,AWS,EC2,us-east-1,DevOps,40.65,124.98
2025-03-04,AWS,EC2,us-west-2,Marketing,36.36,91.45
2025-03-04,AWS,EC2,eu-west-1,Finance,34.22,92.51
2025-03-04,AWS,Lambda,us-west-2,DevOps,3.9,7.11
2025-03-04,AWS,Lambda,eu-west-1,QA,4.11,10.69
2025-03-04,AWS,Lambda,ap-south-1,Marketing,4.81,7.68
2025-03-04,AWS,RDS,us-east-1,Engineering,27.3,87.38
2025-03-04,AWS,RDS,us-west-2,Finance,31.64,110.3
2025-03-04,AWS,RDS,eu-west-1,QA,43.0,148.47
2025-03-04,AWS,RDS,ap-south-1,Engineering,46.75,66.6
2025-03-04,AWS,S3,us-east-1,DevOps,7.05,15.58
2025-03-04,AWS,S3,us-west-2,Marketing,7.97,27.74
2025-03-04,AWS,S3,eu-west-1,Engineering,5.97,23.04
2025-03-04,AWS,S3,ap-south-1,QA,11.14,24.63
2025-03-04,Azure,Blob Storage,East US,DevOps,12.57,49.39
2025-03-04,Azure,Blob Storage,West Europe,Engineering,9.96,27.61
2025-03-04,Azure,Blob Storage,Southeast Asia,Engineering,11.78,43.91
2025-03-04,Azure,CDN,East US,Data Science,10.77,21.9
2025-03-04,Azure,CDN,Southeast Asia,Engineering,9.63,22.56
2025-03-04,Azure,Functions,Central India,QA,7.3,17.84
2025-03-04,Azure,Functions,Southeast Asia,QA,7.66,18.64
2025-03-04,Azure,SQL Database,East US,QA,30.73,103.21
2025-03-04,Azure,SQL Database,Central India,DevOps,39.71,146.58
2025-03-04,Azure,Virtual Machines,East US,DevOps,42.58,61.36
2025-03-04,Azure,Virtual Machines,West Europe,QA,56.41,205.27
2025-03-04,Azure,Virtual Machines,Central India,Data Science,35.42,118.75
2025-03-04,Azure,Virtual Machines,Southeast Asia,Marketing,40.99,71.7
2025-03-04,GCP,BigQuery,us-central1,QA,24.85,85.56
2025-03-04,GCP,BigQuery,europe-west1,DevOps,13.73,19.03
2025-03-04,GCP,Cloud CDN,us-central1,Finance,15.82,45.69
2025-03-04,GCP,Cloud Functions,us-central1,DevOps,7.88,19.52
2025-03-04,GCP,Cloud Functions,asia-south1,Finance,4.37,10.67
2025-03-04,GCP,Cloud Storage,us-central1,DevOps,9.15,33.21
2025-03-04,GCP,Cloud Storage,europe-west1,DevOps,4.87,17.36
2025-03-04,GCP,Cloud Storage,asia-south1,DevOps,10.76,21.06
2025-03-04,GCP,Compute Engine,us-central1,Finance,39.94,90.26
2025-03-04,GCP,Compute Engine,europe-west1,Finance,60.37,125.09
2025-03-04,GCP,Compute Engine,asia-south1,Marketing,70.31,168.62
2025-03-05,AWS,CloudFront,eu-west-1,QA,10.38,38.52
2025-03-05,AWS,EBS,us-west-2,Engineering,10.97,19.13
2025-03-05,AWS,EBS,eu-west-1,Engineering,13.8,29.74
2025-03-05,AWS,EBS,ap-south-1,Finance,8.03,32.95
2025-03-05,AWS,EC2,us-east-1,DevOps,41.6,119.24
2025-03-05,AWS,EC2,us-west-2,Marketing,37.06,89.27
2025-03-05,AWS,EC2,eu-west-1,Finance,40.52,104.96
2025-03-05,AWS,Lambda,us-west-2,DevOps,4.47,7.59
2025-03-05,AWS,Lambda,eu-west-1,QA,4.15,11.6
2025-03-05,AWS,Lambda,ap-south-1,Marketing,4.38,6.45
2025-03-05,AWS,RDS,us-east-1,Engineering,29.88,93.83
2025-03-05,AWS,RDS,us-west-2,Finance,32.23,131.72
2025-03-05,AWS,RDS,eu-west-1,QA,31.91,111.05
2025-03-05,AWS,RDS,ap-south-1,Engineering,41.96,68.21
2025-03-05,AWS,S3,us-east-1,DevOps,8.12,18.86
2025-03-05,AWS,S3,us-west-2,Marketing,8.01,26.32
2025-03-05,AWS,S3,eu-west-1,Engineering,5.78,21.84
2025-03-05,AWS,S3,ap-south-1,QA,10.01,24.28
2025-03-05,Azure,Blob Storage,East US,DevOps,10.03,39.35
2025-03-05,Azure,Blob Storage,West Europe,Engineering,8.71,23.16
2025-03-05,Azure,Blob Storage,Southeast Asia,Engineering,11.56,44.44
2025-03-05,Azure,CDN,East US,Data Science,9.23,21.44
2025-03-05,Azure,CDN,Southeast Asia,Engineering,9.21,22.05
2025-03-05,Azure,Functions,Central India,QA,8.36,20.45
2025-03-05,Azure,Functions,Southeast Asia,QA,8.09,20.58
2025-03-05,Azure,SQL Database,East US,QA,28.07,98.1
2025-03-05,Azure,SQL Database,Central India,DevOps,46.51,145.7
2025-03-05,Azure,Virtual Machines,East US,DevOps,48.43,74.63
2025-03-05,Azure,Virtual Machines,West Europe,QA,56.94,174.43
2025-03-05,Azure,Virtual Machines,Central India,Data Science,36.31,112.03
2025-03-05,Azure,Virtual Machines,Southeast Asia,Marketing,45.44,82.16
2025-03-05,GCP,BigQuery,us-central1,QA,25.79,84.89
2025-03-05,GCP,BigQuery,europe-west1,DevOps,16.05,24.14
2025-03-05,GCP,Cloud CDN,us-central1,Finance,14.81,37.2
2025-03-05,GCP,Cloud Functions,us-central1,DevOps,7.5,17.36
2025-03-05,GCP,Cloud Functions,asia-south1,Finance,4.33,11.94
2025-03-05,GCP,Cloud Storage,us-central1,DevOps,8.85,34.5
2025-03-05,GCP,Cloud Storage,europe-west1,DevOps,6.44,24.86
2025-03-05,GCP,Cloud Storage,asia-south1,DevOps,12.3,26.42
2025-03-05,GCP,Compute Engine,us-central1,Finance,42.09,88.65
2025-03-05,GCP,Compute Engine,europe-west1,Finance,61.85,136.43
2025-03-05,GCP,Compute Engine,asia-south1,Marketing,66.97,170.14
2025-03-06,AWS,CloudFront,eu-west-1,QA,12.35,40.94
2025-03-06,AWS,EBS,us-west-2,Engineering,11.49,21.5
2025-03-06,AWS,EBS,eu-west-1,Engineering,14.76,27.29
2025-03-06,AWS,EBS,ap-south-1,Finance,7.84,27.15
2025-03-06,AWS,EC2,us-east-1,DevOps,36.62,114.3
2025-03-06,AWS,EC2,us-west-2,Marketing,36.39,98.93
2025-03-06,AWS,EC2,eu-west-1,Finance,34.83,83.19
2025-03-06,AWS,Lambda,us-west-2,DevOps,3.55,5.67
2025-03-06,AWS,Lambda,eu-west-1,QA,3.7,9.9
2025-03-06,AWS,Lambda,ap-south-1,Marketing,4.81,7.84
2025-03-06,AWS,RDS,us-east-1,Engineering,24.88,71.09
2025-03-06,AWS,RDS,us-west-2,Finance,31.22,119.34
2025-03-06,AWS,RDS,eu-west-1,QA,35.64,112.42
2025-03-06,AWS,RDS,ap-south-1,Engineering,38.11,55.69
2025-03-06,AWS,S3,us-east-1,DevOps,6.88,14.07
2025-03-06,AWS,S3,us-west-2,Marketing,7.3,26.18
2025-03-06,AWS,S3,eu-west-1,Engineering,6.46,25.06
2025-03-06,AWS,S3,ap-south-1,QA,11.04,27.3
2025-03-06,Azure,Blob Storage,East US,DevOps,11.82,46.19
2025-03-06,Azure,Blob Storage,West Europe,Engineering,9.28,23.31
2025-03-06,Azure,Blob Storage,Southeast Asia,Engineering,12.96,48.07
2025-03-06,Azure,CDN,East US,Data Science,11.24,23.64
2025-03-06,Azure,CDN,Southeast Asia,Engineering,8.77,24.71
2025-03-06,Azure,Functions,Central India,QA,7.85,19.88
2025-03-06,Azure,Functions,Southeast Asia,QA,7.6,18.67
2025-03-06,Azure,SQL Database,East US,QA,27.03,90.2
2025-03-06,Azure,SQL Database,Central India,DevOps,45.84,161.09
2025-03-06,Azure,Virtual Machines,East US,DevOps,48.76,70.62
2025-03-06,Azure,Virtual Machines,West Europe,QA,56.05,184.74
2025-03-06,Azure,Virtual Machines,Central India,Data Science,36.11,102.56
2025-03-06,Azure,Virtual Machines,Southeast Asia,Marketing,39.76,68.6
2025-03-06,GCP,BigQuery,us-central1,QA,26.7,88.82
2025-03-06,GCP,BigQuery,europe-west1,DevOps,13.37,20.14
2025-03-06,GCP,Cloud CDN,us-central1,Finance,13.26,38.39
2025-03-06,GCP,Cloud Functions,us-central1,DevOps,7.52,17.29
2025-03-06,GCP,Cloud Functions,asia-south1,Finance,4.24,10.11
2025-03-06,GCP,Cloud Storage,us-central1,DevOps,11.13,36.63
2025-03-06,GCP,Cloud Storage,europe-west1,DevOps,6.61,25.34
2025-03-06,GCP,Cloud Storage,asia-south1,DevOps,10.88,21.38
2025-03-06,GCP,Compute Engine,us-central1,Finance,33.14,66.94
2025-03-06,GCP,Compute Engine,europe-west1,Finance,67.7,145.36
2025-03-06,GCP,Compute Engine,asia-south1,Marketing,55.05,129.67
2025-03-07,AWS,CloudFront,eu-west-1,QA,11.67,43.92
2025-03-07,AWS,EBS,us-west-2,Engineering,9.86,19.45
2025-03-07,AWS,EBS,eu-west-1,Engineering,11.88,25.74
2025-03-07,AWS,EBS,ap-south-1,Finance,15.15,37.06
2025-03-07,AWS,EC2,us-east-1,DevOps,38.83,115.31
2025-03-07,AWS,EC2,us-west-2,Marketing,44.53,106.38
2025-03-07,AWS,EC2,eu-west-1,Finance,36.35,91.15
2025-03-07,AWS,Lambda,us-west-2,DevOps,4.15,6.57
2025-03-07,AWS,Lambda,eu-west-1,QA,4.39,12.29
2025-03-07,AWS,Lambda,ap-south-1,Marketing,4.49,6.98
2025-03-07,AWS,RDS,us-east-1,Engineering,25.74,87.95
2025-03-07,AWS,RDS,us-west-2,Finance,31.21,127.76
2025-03-07,AWS,RDS,eu-west-1,QA,37.34,125.57
2025-03-07,AWS,RDS,ap-south-1,Engineering,40.67,67.65
2025-03-07,AWS,S3,us-east-1,DevOps,7.37,14.14
2025-03-07,AWS,S3,us-west-2,Marketing,6.51,19.54
2025-03-07,AWS,S3,eu-west-1,Engineering,5.82,19.88
2025-03-07,AWS,S3,ap-south-1,QA,9.98,23.97
2025-03-07,Azure,Blob Storage,East US,DevOps,11.25,43.89
2025-03-07,Azure,Blob Storage,West Europe,Engineering,8.14,18.52
2025-03-07,Azure,Blob Storage,Southeast Asia,Engineering,13.53,51.42
2025-03-07,Azure,CDN,East US,Data Science,9.94,22.93
2025-03-07,Azure,CDN,Southeast Asia,Engineering,8.57,22.0
2025-03-07,Azure,Functions,Central India,QA,8.13,19.09
2025-03-07,Azure,Functions,Southeast Asia,QA,7.4,17.85
2025-03-07,Azure,SQL Database,East US,QA,31.59,113.32
2025-03-07,Azure,SQL Database,Central India,DevOps,45.59,157.29
2025-03-07,Azure,Virtual Machines,East US,DevOps,42.08,71.25
2025-03-07,Azure,Virtual Machines,West Europe,QA,45.84,142.53
2025-03-07,Azure,Virtual Machines,Central India,Data Science,36.03,101.82
2025-03-07,Azure,Virtual Machines,Southeast Asia,Marketing,39.81,79.32
2025-03-07,GCP,BigQuery,us-central1,QA,25.0,79.99
2025-03-07,GCP,BigQuery,europe-west1,DevOps,14.94,22.72
2025-03-07,GCP,Cloud CDN,us-central1,Finance,13.84,41.03
2025-03-07,GCP,Cloud Functions,us-central1,DevOps,7.62,16.99
2025-03-07,GCP,Cloud Functions,asia-south1,Finance,3.67,9.63
2025-03-07,GCP,Cloud Storage,us-central1,DevOps,9.31,33.77
2025-03-07,GCP,Cloud Storage,europe-west1,DevOps,6.21,23.87
2025-03-07,GCP,Cloud Storage,asia-south1,DevOps,10.71,22.19
2025-03-07,GCP,Compute Engine,us-central1,Finance,40.93,79.34
2025-03-07,GCP,Compute Engine,europe-west1,Finance,57.18,118.42
2025-03-07,GCP,Compute Engine,asia-south1,Marketing,60.11,144.24
2025-03-08,AWS,CloudFront,eu-west-1,QA,10.29,36.4
2025-03-08,AWS,EBS,us-west-2,Engineering,10.58,22.09
2025-03-08,AWS,EBS,eu-west-1,Engineering,12.62,27.2
2025-03-08,AWS,EBS,ap-south-1,Finance,7.47,26.76
2025-03-08,AWS,EC2,us-east-1,DevOps,43.5,116.29
2025-03-08,AWS,EC2,us-west-2,Marketing,37.04,97.16
2025-03-08,AWS,EC2,eu-west-1,Finance,34.91,88.15
2025-03-08,AWS,Lambda,us-west-2,DevOps,3.71,5.77
2025-03-08,AWS,Lambda,eu-west-1,QA,3.79,10.95
2025-03-08,AWS,Lambda,ap-south-1,Marketing,5.56,9.38
2025-03-08,AWS,RDS,us-east-1,Engineering,26.18,82.62
2025-03-08,AWS,RDS,us-west-2,Finance,40.11,144.9
2025-03-08,AWS,RDS,eu-west-1,QA,35.24,117.03
2025-03-08,AWS,RDS,ap-south-1,Engineering,42.9,60.55
2025-03-08,AWS,S3,us-east-1,DevOps,6.87,13.99
2025-03-08,AWS,S3,us-west-2,Marketing,5.93,21.21
2025-03-08,AWS,S3,eu-west-1,Engineering,4.85,17.25
2025-03-08,AWS,S3,ap-south-1,QA,10.53,26.12
2025-03-08,Azure,Blob Storage,East US,DevOps,12.59,42.12
2025-03-08,Azure,Blob Storage,West Europe,Engineering,8.75,22.93
2025-03-08,Azure,Blob Storage,Southeast Asia,Engineering,13.52,47.68
2025-03-08,Azure,CDN,East US,Data Science,9.11,20.52
2025-03-08,Azure,CDN,Southeast Asia,Engineering,10.53,25.62
2025-03-08,Azure,Functions,Central India,QA,7.42,16.38
2025-03-08,Azure,Functions,Southeast Asia,QA,6.43,17.56
2025-03-08,Azure,SQL Database,East US,QA,28.63,99.54
2025-03-08,Azure,SQL Database,Central India,DevOps,36.06,119.15
2025-03-08,Azure,Virtual Machines,East US,DevOps,45.58,73.73
2025-03-08,Azure,Virtual Machines,West Europe,QA,46.33,161.43
2025-03-08,Azure,Virtual Machines,Central India,Data Science,32.35,104.15
2025-03-08,Azure,Virtual Machines,Southeast Asia,Marketing,44.56,80.11
2025-03-08,GCP,BigQuery,us-central1,QA,22.09,68.17
2025-03-08,GCP,BigQuery,europe-west1,DevOps,13.61,21.24
2025-03-08,GCP,Cloud CDN,us-central1,Finance,12.59,33.25
2025-03-08,GCP,Cloud Functions,us-central1,DevOps,6.25,16.72
2025-03-08,GCP,Cloud Functions,asia-south1,Finance,4.25,10.46
2025-03-08,GCP,Cloud Storage,us-central1,DevOps,7.22,23.81
2025-03-08,GCP,Cloud Storage,europe-west1,DevOps,4.72,16.68
2025-03-08,GCP,Cloud Storage,asia-south1,DevOps,11.82,22.49
2025-03-08,GCP,Compute Engine,us-central1,Finance,37.9,82.61
2025-03-08,GCP,Compute Engine,europe-west1,Finance,57.19,125.64
2025-03-08,GCP,Compute Engine,asia-south1,Marketing,62.45,148.12
2025-03-09,AWS,CloudFront,eu-west-1,QA,10.47,37.38
2025-03-09,AWS,EBS,us-west-2,Engineering,10.97,20.62
2025-03-09,AWS,EBS,eu-west-1,Engineering,13.75,26.53
2025-03-09,AWS,EBS,ap-south-1,Finance,8.67,35.58
2025-03-09,AWS,EC2,us-east-1,DevOps,35.2,93.54
2025-03-09,AWS,EC2,us-west-2,Marketing,38.41,110.56
2025-03-09,AWS,EC2,eu-west-1,Finance,33.15,89.47
2025-03-09,AWS,Lambda,us-west-2,DevOps,3.81,6.3
2025-03-09,AWS,Lambda,eu-west-1,QA,4.34,12.56
2025-03-09,AWS,Lambda,ap-south-1,Marketing,4.62,7.7
2025-03-09,AWS,RDS,us-east-1,Engineering,28.94,87.66
2025-03-09,AWS,RDS,us-west-2,Finance,34.93,135.74
2025-03-09,AWS,RDS,eu-west-1,QA,44.39,135.04
2025-03-09,AWS,RDS,ap-south-1,Engineering,40.94,62.24
2025-03-09,AWS,S3,us-east-1,DevOps,7.5,15.1
2025-03-09,AWS,S3,us-west-2,Marketing,6.91,20.72
2025-03-09,AWS,S3,eu-west-1,Engineering,5.09,19.25
2025-03-09,AWS,S3,ap-south-1,QA,10.15,22.31
2025-03-09,Azure,Blob Storage,East US,DevOps,11.51,38.73
2025-03-09,Azure,Blob Storage,West Europe,Engineering,9.42,23.22
2025-03-09,Azure,Blob Storage,Southeast Asia,Engineering,11.53,41.39
2025-03-09,Azure,CDN,East US,Data Science,9.37,19.55
2025-03-09,Azure,CDN,Southeast Asia,Engineering,8.51,23.44
2025-03-09,Azure,Functions,Central India,QA,7.21,16.59
2025-03-09,Azure,Functions,Southeast Asia,QA,7.06,16.46
2025-03-09,Azure,SQL Database,East US,QA,31.88,108.88
2025-03-09,Azure,SQL Database,Central India,DevOps,45.33,146.67
2025-03-09,Azure,Virtual Machines,East US,DevOps,46.08,79.41
2025-03-09,Azure,Virtual Machines,West Europe,QA,49.14,150.73
2025-03-09,Azure,Virtual Machines,Central India,Data Science,35.03,110.45
2025-03-09,Azure,Virtual Machines,Southeast Asia,Marketing,37.2,76.35
2025-03-09,GCP,BigQuery,us-central1,QA,23.82,76.61
2025-03-09,GCP,BigQuery,europe-west1,DevOps,14.15,20.29
2025-03-09,GCP,Cloud CDN,us-central1,Finance,14.97,43.51
2025-03-09,GCP,Cloud Functions,us-central1,DevOps,6.95,15.65
2025-03-09,GCP,Cloud Functions,asia-south1,Finance,4.14,9.7
2025-03-09,GCP,Cloud Storage,us-central1,DevOps,8.72,31.31
2025-03-09,GCP,Cloud Storage,europe-west1,DevOps,5.98,23.85
2025-03-09,GCP,Cloud Storage,asia-south1,DevOps,12.86,27.41
2025-03-09,GCP,Compute Engine,us-central1,Finance,36.51,70.33
2025-03-09,GCP,Compute Engine,europe-west1,Finance,51.17,106.06
2025-03-09,GCP,Compute Engine,asia-south1,Marketing,62.46,140.81
2025-03-10,AWS,CloudFront,eu-west-1,QA,12.08,45.4
2025-03-10,AWS,EBS,us-west-2,Engineering,11.05,19.83
2025-03-10,AWS,EBS,eu-west-1,Engineering,13.64,29.61
2025-03-10,AWS,EBS,ap-south-1,Finance,7.46,27.89
2025-03-10,AWS,EC2,us-east-1,DevOps,41.35,112.23
2025-03-10,AWS,EC2,us-west-2,Marketing,41.85,116.44
2025-03-10,AWS,EC2,eu-west-1,Finance,28.66,66.56
2025-03-10,AWS,Lambda,us-west-2,DevOps,3.93,6.13
2025-03-10,AWS,Lambda,eu-west-1,QA,3.64,9.79
2025-03-10,AWS,Lambda,ap-south-1,Marketing,4.89,8.05
2025-03-10,AWS,RDS,us-east-1,Engineering,26.87,78.57
2025-03-10,AWS,RDS,us-west-2,Finance,35.38,124.78
2025-03-10,AWS,RDS,eu-west-1,QA,37.37,108.02
2025-03-10,AWS,RDS,ap-south-1,Engineering,41.58,66.69
2025-03-10,AWS,S3,us-east-1,DevOps,6.4,14.09
2025-03-10,AWS,S3,us-west-2,Marketing,5.68,18.89
2025-03-10,AWS,S3,eu-west-1,Engineering,5.94,24.53
2025-03-10,AWS,S3,ap-south-1,QA,11.08,28.24
2025-03-10,Azure,Blob Storage,East US,DevOps,8.91,29.83
2025-03-10,Azure,Blob Storage,West Europe,Engineering,9.16,23.7
2025-03-10,Azure,Blob Storage,Southeast Asia,Engineering,11.15,36.42
2025-03-10,Azure,CDN,East US,Data Science,23.48,20.29
2025-03-10,Azure,CDN,Southeast Asia,Engineering,9.23,25.69
2025-03-10,Azure,Functions,Central India,QA,7.38,17.01
2025-03-10,Azure,Functions,Southeast Asia,QA,7.11,17.55
2025-03-10,Azure,SQL Database,East US,QA,26.85,80.4
2025-03-10,Azure,SQL Database,Central India,DevOps,40.01,130.21
2025-03-10,Azure,Virtual Machines,East US,DevOps,41.32,58.98
2025-03-10,Azure,Virtual Machines,West Europe,QA,52.78,166.18
2025-03-10,Azure,Virtual Machines,Central India,Data Science,40.03,126.29
2025-03-10,Azure,Virtual Machines,Southeast Asia,Marketing,41.52,80.97
2025-03-10,GCP,BigQuery,us-central1,QA,23.29,67.08
2025-03-10,GCP,BigQuery,europe-west1,DevOps,12.66,17.16
2025-03-10,GCP,Cloud CDN,us-central1,Finance,13.99,37.87
2025-03-10,GCP,Cloud Functions,us-central1,DevOps,7.32,17.6
2025-03-10,GCP,Cloud Functions,asia-south1,Finance,4.16,10.03
2025-03-10,GCP,Cloud Storage,us-central1,DevOps,9.25,34.37
2025-03-10,GCP,Cloud Storage,europe-west1,DevOps,6.33,23.55
2025-03-10,GCP,Cloud Storage,asia-south1,DevOps,10.91,22.14
2025-03-10,GCP,Compute Engine,us-central1,Finance,35.7,80.11
2025-03-10,GCP,Compute Engine,europe-west1,Finance,57.75,117.85
2025-03-10,GCP,Compute Engine,asia-south1,Marketing,72.47,175.72
2025-03-11,AWS,CloudFront,eu-west-1,QA,11.98,44.53
2025-03-11,AWS,EBS,us-west-2,Engineering,11.96,24.28
2025-03-11,AWS,EBS,eu-west-1,Engineering,12.34,22.16
2025-03-11,AWS,EBS,ap-south-1,Finance,8.65,35.18
2025-03-11,AWS,EC2,us-east-1,DevOps,43.46,114.89
2025-03-11,AWS,EC2,us-west-2,Marketing,33.84,90.64
2025-03-11,AWS,EC2,eu-west-1,Finance,33.45,81.95
2025-03-11,AWS,Lambda,us-west-2,DevOps,3.57,5.89
2025-03-11,AWS,Lambda,eu-west-1,QA,3.2,8.56
2025-03-11,AWS,Lambda,ap-south-1,Marketing,5.24,8.6
2025-03-11,AWS,RDS,us-east-1,Engineering,30.31,92.06
2025-03-11,AWS,RDS,us-west-2,Finance,33.58,119.4
2025-03-11,AWS,RDS,eu-west-1,QA,32.57,95.88
2025-03-11,AWS,RDS,ap-south-1,Engineering,44.5,66.52
2025-03-11,AWS,S3,us-east-1,DevOps,7.39,16.19
2025-03-11,AWS,S3,us-west-2,Marketing,7.4,26.27
2025-03-11,AWS,S3,eu-west-1,Engineering,5.68,21.01
2025-03-11,AWS,S3,ap-south-1,QA,10.71,25.78
2025-03-11,Azure,Blob Storage,East US,DevOps,11.41,37.97
2025-03-11,Azure,Blob Storage,West Europe,Engineering,8.99,23.15
2025-03-11,Azure,Blob Storage,Southeast Asia,Engineering,29.76,41.88
2025-03-11,Azure,CDN,East US,Data Science,9.29,18.82
2025-03-11,Azure,CDN,Southeast Asia,Engineering,10.53,25.81
2025-03-11,Azure,Functions,Central India,QA,7.69,18.1
2025-03-11,Azure,Functions,Southeast Asia,QA,8.01,18.17
2025-03-11,Azure,SQL Database,East US,QA,28.56,86.4
2025-03-11,Azure,SQL Database,Central India,DevOps,42.66,154.76
2025-03-11,Azure,Virtual Machines,East US,DevOps,43.73,67.99
2025-03-11,Azure,Virtual Machines,West Europe,QA,53.65,167.38
2025-03-11,Azure,Virtual Machines,Central India,Data Science,40.06,132.59
2025-03-11,Azure,Virtual Machines,Southeast Asia,Marketing,38.08,66.71
2025-03-11,GCP,BigQuery,us-central1,QA,21.89,72.18
2025-03-11,GCP,BigQuery,europe-west1,DevOps,14.05,22.48
2025-03-11,GCP,Cloud CDN,us-central1,Finance,14.15,41.28
2025-03-11,GCP,Cloud Functions,us-central1,DevOps,6.9,16.04
2025-03-11,GCP,Cloud Functions,asia-south1,Finance,4.63,12.7
2025-03-11,GCP,Cloud Storage,us-central1,DevOps,7.47,28.38
2025-03-11,GCP,Cloud Storage,europe-west1,DevOps,6.24,23.4
2025-03-11,GCP,Cloud Storage,asia-south1,DevOps,11.49,20.6
2025-03-11,GCP,Compute Engine,us-central1,Finance,35.63,79.64
2025-03-11,GCP,Compute Engine,europe-west1,Finance,60.21,118.84
2025-03-11,GCP,Compute Engine,asia-south1,Marketing,56.86,134.27
2025-03-12,AWS,CloudFront,eu-west-1,QA,10.91,38.92
2025-03-12,AWS,EBS,us-west-2,Engineering,10.82,21.66
2025-03-12,AWS,EBS,eu-west-1,Engineering,13.99,28.59
2025-03-12,AWS,EBS,ap-south-1,Finance,8.08,31.85
2025-03-12,AWS,EC2,us-east-1,DevOps,39.34,105.42
2025-03-12,AWS,EC2,us-west-2,Marketing,36.28,91.29
2025-03-12,AWS,EC2,eu-west-1,Finance,42.16,108.67
2025-03-12,AWS,Lambda,us-west-2,DevOps,3.37,5.27
2025-03-12,AWS,Lambda,eu-west-1,QA,3.91,9.96
2025-03-12,AWS,Lambda,ap-south-1,Marketing,4.18,6.67
2025-03-12,AWS,RDS,us-east-1,Engineering,28.89,81.97
2025-03-12,AWS,RDS,us-west-2,Finance,27.98,104.74
2025-03-12,AWS,RDS,eu-west-1,QA,28.68,97.11
2025-03-12,AWS,RDS,ap-south-1,Engineering,41.71,62.8
2025-03-12,AWS,S3,us-east-1,DevOps,6.99,15.19
2025-03-12,AWS,S3,us-west-2,Marketing,6.84,21.46
2025-03-12,AWS,S3,eu-west-1,Engineering,6.33,23.63
2025-03-12,AWS,S3,ap-south-1,QA,10.17,22.3
2025-03-12,Azure,Blob Storage,East US,DevOps,9.14,32.16
2025-03-12,Azure,Blob Storage,West Europe,Engineering,8.22,20.64
2025-03-12,Azure,Blob Storage,Southeast Asia,Engineering,11.7,40.89
2025-03-12,Azure,CDN,East US,Data Science,10.52,21.84
2025-03-12,Azure,CDN,Southeast Asia,Engineering,9.22,25.0
2025-03-12,Azure,Functions,Central India,QA,6.9,18.27
2025-03-12,Azure,Functions,Southeast Asia,QA,7.23,19.33
2025-03-12,Azure,SQL Database,East US,QA,26.48,91.91
2025-03-12,Azure,SQL Database,Central India,DevOps,34.19,119.55
2025-03-12,Azure,Virtual Machines,East US,DevOps,49.68,72.24
2025-03-12,Azure,Virtual Machines,West Europe,QA,46.74,156.86
2025-03-12,Azure,Virtual Machines,Central India,Data Science,34.68,105.77
2025-03-12,Azure,Virtual Machines,Southeast Asia,Marketing,35.34,65.92
2025-03-12,GCP,BigQuery,us-central1,QA,24.68,78.04
2025-03-12,GCP,BigQuery,europe-west1,DevOps,14.9,23.88
2025-03-12,GCP,Cloud CDN,us-central1,Finance,13.72,39.17
2025-03-12,GCP,Cloud Functions,us-central1,DevOps,6.86,17.76
2025-03-12,GCP,Cloud Functions,asia-south1,Finance,3.97,10.98
2025-03-12,GCP,Cloud Storage,us-central1,DevOps,8.46,28.45
2025-03-12,GCP,Cloud Storage,europe-west1,DevOps,4.9,20.29
2025-03-12,GCP,Cloud Storage,asia-south1,DevOps,11.57,20.88
2025-03-12,GCP,Compute Engine,us-central1,Finance,35.71,73.04
2025-03-12,GCP,Compute Engine,europe-west1,Finance,55.71,121.87
2025-03-12,GCP,Compute Engine,asia-south1,Marketing,56.16,125.28
2025-03-13,AWS,CloudFront,eu-west-1,QA,11.79,43.31
2025-03-13,AWS,EBS,us-west-2,Engineering,9.94,20.35
2025-03-13,AWS,EBS,eu-west-1,Engineering,12.74,24.03
2025-03-13,AWS,EBS,ap-south-1,Finance,8.87,31.64
2025-03-13,AWS,EC2,us-east-1,DevOps,32.63,99.24
2025-03-13,AWS,EC2,us-west-2,Marketing,35.17,94.37
2025-03-13,AWS,EC2,eu-west-1,Finance,29.93,73.34
2025-03-13,AWS,Lambda,us-west-2,DevOps,3.4,5.89
2025-03-13,AWS,Lambda,eu-west-1,QA,3.84,11.16
2025-03-13,AWS,Lambda,ap-south-1,Marketing,3.72,5.35
2025-03-13,AWS,RDS,us-east-1,Engineering,25.22,77.01
2025-03-13,AWS,RDS,us-west-2,Finance,32.92,118.51
2025-03-13,AWS,RDS,eu-west-1,QA,35.99,119.38
2025-03-13,AWS,RDS,ap-south-1,Engineering,40.23,66.88
2025-03-13,AWS,S3,us-east-1,DevOps,6.53,12.58
2025-03-13,AWS,S3,us-west-2,Marketing,6.27,20.54
2025-03-13,AWS,S3,eu-west-1,Engineering,5.31,20.96
2025-03-13,AWS,S3,ap-south-1,QA,9.58,22.51
2025-03-13,Azure,Blob Storage,East US,DevOps,11.99,45.03
2025-03-13,Azure,Blob Storage,West Europe,Engineering,8.02,22.02
2025-03-13,Azure,Blob Storage,Southeast Asia,Engineering,13.12,48.28
2025-03-13,Azure,CDN,East US,Data Science,9.66,19.7
2025-03-13,Azure,CDN,Southeast Asia,Engineering,9.01,23.96
2025-03-13,Azure,Functions,Central India,QA,7.76,20.02
2025-03-13,Azure,Functions,Southeast Asia,QA,7.72,18.15
2025-03-13,Azure,SQL Database,East US,QA,30.47,93.99
2025-03-13,Azure,SQL Database,Central India,DevOps,38.15,145.16
2025-03-13,Azure,Virtual Machines,East US,DevOps,50.39,77.19
2025-03-13,Azure,Virtual Machines,West Europe,QA,52.05,185.79
2025-03-13,Azure,Virtual Machines,Central India,Data Science,30.96,106.44
2025-03-13,Azure,Virtual Machines,Southeast Asia,Marketing,38.16,71.04
2025-03-13,GCP,BigQuery,us-central1,QA,24.66,84.4
2025-03-13,GCP,BigQuery,europe-west1,DevOps,15.47,25.21
2025-03-13,GCP,Cloud CDN,us-central1,Finance,13.5,35.6
2025-03-13,GCP,Cloud Functions,us-central1,DevOps,7.19,18.5
2025-03-13,GCP,Cloud Functions,asia-south1,Finance,3.67,9.23
2025-03-13,GCP,Cloud Storage,us-central1,DevOps,7.98,26.99
2025-03-13,GCP,Cloud Storage,europe-west1,DevOps,5.93,21.37
2025-03-13,GCP,Cloud Storage,asia-south1,DevOps,11.34,23.93
2025-03-13,GCP,Compute Engine,us-central1,Finance,30.82,64.98
2025-03-13,GCP,Compute Engine,europe-west1,Finance,59.53,111.83
2025-03-13,GCP,Compute Engine,asia-south1,Marketing,66.91,170.19
2025-03-14,AWS,CloudFront,eu-west-1,QA,10.06,34.68
2025-03-14,AWS,EBS,us-west-2,Engineering,9.74,17.54
2025-03-14,AWS,EBS,eu-west-1,Engineering,12.63,23.14
2025-03-14,AWS,EBS,ap-south-1,Finance,8.7,35.93
2025-03-14,AWS,EC2,us-east-1,DevOps,38.47,113.45
2025-03-14,AWS,EC2,us-west-2,Marketing,35.49,93.41
2025-03-14,AWS,EC2,eu-west-1,Finance,28.25,74.43
2025-03-14,AWS,Lambda,us-west-2,DevOps,3.02,5.37
2025-03-14,AWS,Lambda,eu-west-1,QA,3.76,9.95
2025-03-14,AWS,Lambda,ap-south-1,Marketing,4.7,7.63
2025-03-14,AWS,RDS,us-east-1,Engineering,28.12,88.82
2025-03-14,AWS,RDS,us-west-2,Finance,34.45,120.1
2025-03-14,AWS,RDS,eu-west-1,QA,32.69,107.06
2025-03-14,AWS,RDS,ap-south-1,Engineering,33.55,50.07
2025-03-14,AWS,S3,us-east-1,DevOps,6.75,15.05
2025-03-14,AWS,S3,us-west-2,Marketing,7.03,22.34
2025-03-14,AWS,S3,eu-west-1,Engineering,5.46,21.13
2025-03-14,AWS,S3,ap-south-1,QA,9.05,22.91
2025-03-14,Azure,Blob Storage,East US,DevOps,10.14,35.69
2025-03-14,Azure,Blob Storage,West Europe,Engineering,9.39,21.42
2025-03-14,Azure,Blob Storage,Southeast Asia,Engineering,11.43,40.73
2025-03-14,Azure,CDN,East US,Data Science,10.55,23.64
2025-03-14,Azure,CDN,Southeast Asia,Engineering,9.47,25.83
2025-03-14,Azure,Functions,Central India,QA,7.15,18.91
2025-03-14,Azure,Functions,Southeast Asia,QA,6.92,18.37
2025-03-14,Azure,SQL Database,East US,QA,30.77,91.5
2025-03-14,Azure,SQL Database,Central India,DevOps,42.78,140.86
2025-03-14,Azure,Virtual Machines,East US,DevOps,40.25,59.27
2025-03-14,Azure,Virtual Machines,West Europe,QA,54.26,180.62
2025-03-14,Azure,Virtual Machines,Central India,Data Science,38.01,129.5
2025-03-14,Azure,Virtual Machines,Southeast Asia,Marketing,39.99,74.84
2025-03-14,GCP,BigQuery,us-central1,QA,24.78,79.85
2025-03-14,GCP,BigQuery,europe-west1,DevOps,13.84,22.8
2025-03-14,GCP,Cloud CDN,us-central1,Finance,13.64,35.25
2025-03-14,GCP,Cloud Functions,us-central1,DevOps,7.16,18.78
2025-03-14,GCP,Cloud Functions,asia-south1,Finance,3.81,9.97
2025-03-14,GCP,Cloud Storage,us-central1,DevOps,7.72,27.81
2025-03-14,GCP,Cloud Storage,europe-west1,DevOps,6.23,22.98
2025-03-14,GCP,Cloud Storage,asia-south1,DevOps,11.62,24.17
2025-03-14,GCP,Compute Engine,us-central1,Finance,35.83,78.54
2025-03-14,GCP,Compute Engine,europe-west1,Finance,56.46,114.13
2025-03-14,GCP,Compute Engine,asia-south1,Marketing,59.45,152.73
2025-03-15,AWS,CloudFront,eu-west-1,QA,10.84,38.25
2025-03-15,AWS,EBS,us-west-2,Engineering,9.68,18.12
2025-03-15,AWS,EBS,eu-west-1,Engineering,12.66,25.44
2025-03-15,AWS,EBS,ap-south-1,Finance,8.83,31.97
2025-03-15,AWS,EC2,us-east-1,DevOps,37.04,113.89
2025-03-15,AWS,EC2,us-west-2,Marketing,35.02,90.33
2025-03-15,AWS,EC2,eu-west-1,Finance,37.95,97.13
2025-03-15,AWS,Lambda,us-west-2,DevOps,3.79,6.43
2025-03-15,AWS,Lambda,eu-west-1,QA,3.53,8.73
2025-03-15,AWS,Lambda,ap-south-1,Marketing,4.73,7.41
2025-03-15,AWS,RDS,us-east-1,Engineering,25.72,86.73
2025-03-15,AWS,RDS,us-west-2,Finance,29.4,104.56
2025-03-15,AWS,RDS,eu-west-1,QA,38.12,111.96
2025-03-15,AWS,RDS,ap-south-1,Engineering,36.66,56.7
2025-03-15,AWS,S3,us-east-1,DevOps,7.63,15.69
2025-03-15,AWS,S3,us-west-2,Marketing,6.5,23.36
2025-03-15,AWS,S3,eu-west-1,Engineering,5.17,18.81
2025-03-15,AWS,S3,ap-south-1,QA,10.12,25.88
2025-03-15,Azure,Blob Storage,East US,DevOps,9.77,36.96
2025-03-15,Azure,Blob Storage,West Europe,Engineering,9.85,25.88
2025-03-15,Azure,Blob Storage,Southeast Asia,Engineering,14.29,52.41
2025-03-15,Azure,CDN,East US,Data Science,9.54,21.28
2025-03-15,Azure,CDN,Southeast Asia,Engineering,9.52,26.17
2025-03-15,Azure,Functions,Central India,QA,5.57,14.91
2025-03-15,Azure,Functions,Southeast Asia,QA,6.12,14.34
2025-03-15,Azure,SQL Database,East US,QA,29.85,106.07
2025-03-15,Azure,SQL Database,Central India,DevOps,41.49,157.19
2025-03-15,Azure,Virtual Machines,East US,DevOps,34.55,52.68
2025-03-15,Azure,Virtual Machines,West Europe,QA,52.84,160.01
2025-03-15,Azure,Virtual Machines,Central India,Data Science,32.86,92.77
2025-03-15,Azure,Virtual Machines,Southeast Asia,Marketing,41.72,78.75
2025-03-15,GCP,BigQuery,us-central1,QA,21.43,62.51
2025-03-15,GCP,BigQuery,europe-west1,DevOps,12.51,17.55
2025-03-15,GCP,Cloud CDN,us-central1,Finance,13.34,39.78
2025-03-15,GCP,Cloud Functions,us-central1,DevOps,7.16,18.1
2025-03-15,GCP,Cloud Functions,asia-south1,Finance,4.23,10.86
2025-03-15,GCP,Cloud Storage,us-central1,DevOps,9.12,36.33
2025-03-15,GCP,Cloud Storage,europe-west1,DevOps,5.43,21.17
2025-03-15,GCP,Cloud Storage,asia-south1,DevOps,11.29,21.36
2025-03-15,GCP,Compute Engine,us-central1,Finance,35.35,81.84
2025-03-15,GCP,Compute Engine,europe-west1,Finance,51.02,104.46
2025-03-15,GCP,Compute Engine,asia-south1,Marketing,65.57,140.8
2025-03-16,AWS,CloudFront,eu-west-1,QA,9.34,29.77
2025-03-16,AWS,EBS,us-west-2,Engineering,9.57,20.04
2025-03-16,AWS,EBS,eu-west-1,Engineering,14.01,26.66
2025-03-16,AWS,EBS,ap-south-1,Finance,8.8,31.84
2025-03-16,AWS,EC2,us-east-1,DevOps,38.46,121.95
2025-03-16,AWS,EC2,us-west-2,Marketing,33.26,80.65
2025-03-16,AWS,EC2,eu-west-1,Finance,34.62,86.46
2025-03-16,AWS,Lambda,us-west-2,DevOps,3.76,6.55
2025-03-16,AWS,Lambda,eu-west-1,QA,3.69,9.73
2025-03-16,AWS,Lambda,ap-south-1,Marketing,4.31,6.76
2025-03-16,AWS,RDS,us-east-1,Engineering,27.42,89.28
2025-03-16,AWS,RDS,us-west-2,Finance,33.8,114.5
2025-03-16,AWS,RDS,eu-west-1,QA,33.58,109.47
2025-03-16,AWS,RDS,ap-south-1,Engineering,37.62,51.93
2025-03-16,AWS,S3,us-east-1,DevOps,15.32,15.04
2025-03-16,AWS,S3,us-west-2,Marketing,7.12,24.95
2025-03-16,AWS,S3,eu-west-1,Engineering,5.31,19.74
2025-03-16,AWS,S3,ap-south-1,QA,9.45,21.33
2025-03-16,Azure,Blob Storage,East US,DevOps,10.02,38.63
2025-03-16,Azure,Blob Storage,West Europe,Engineering,9.0,22.28
2025-03-16,Azure,Blob Storage,Southeast Asia,Engineering,12.65,47.38
2025-03-16,Azure,CDN,East US,Data Science,10.25,22.83
2025-03-16,Azure,CDN,Southeast Asia,Engineering,8.49,22.79
2025-03-16,Azure,Functions,Central India,QA,7.34,17.63
2025-03-16,Azure,Functions,Southeast Asia,QA,7.87,19.49
2025-03-16,Azure,SQL Database,East US,QA,26.38,93.38
2025-03-16,Azure,SQL Database,Central India,DevOps,36.15,125.85
2025-03-16,Azure,Virtual Machines,East US,DevOps,47.99,80.62
2025-03-16,Azure,Virtual Machines,West Europe,QA,48.06,161.64
2025-03-16,Azure,Virtual Machines,Central India,Data Science,32.89,111.01
2025-03-16,Azure,Virtual Machines,Southeast Asia,Marketing,41.81,71.02
2025-03-16,GCP,BigQuery,us-central1,QA,23.42,73.11
2025-03-16,GCP,BigQuery,europe-west1,DevOps,14.67,21.44
2025-03-16,GCP,Cloud CDN,us-central1,Finance,14.51,42.65
2025-03-16,GCP,Cloud Functions,us-central1,DevOps,6.43,16.18
2025-03-16,GCP,Cloud Functions,asia-south1,Finance,4.04,9.86
2025-03-16,GCP,Cloud Storage,us-central1,DevOps,7.76,27.29
2025-03-16,GCP,Cloud Storage,europe-west1,DevOps,4.75,19.28
2025-03-16,GCP,Cloud Storage,asia-south1,DevOps,9.66,18.99
2025-03-16,GCP,Compute Engine,us-central1,Finance,32.89,70.02
2025-03-16,GCP,Compute Engine,europe-west1,Finance,58.07,119.29
2025-03-16,GCP,Compute Engine,asia-south1,Marketing,58.3,140.77
2025-03-17,AWS,CloudFront,eu-west-1,QA,10.22,32.78
2025-03-17,AWS,EBS,us-west-2,Engineering,10.2,18.15
2025-03-17,AWS,EBS,eu-west-1,Engineering,13.67,27.97
2025-03-17,AWS,EBS,ap-south-1,Finance,7.93,32.13
2025-03-17,AWS,EC2,us-east-1,DevOps,39.05,116.32
2025-03-17,AWS,EC2,us-west-2,Marketing,35.7,100.68
2025-03-17,AWS,EC2,eu-west-1,Finance,32.99,92.36
2025-03-17,AWS,Lambda,us-west-2,DevOps,4.02,7.36
2025-03-17,AWS,Lambda,eu-west-1,QA,3.53,8.73
2025-03-17,AWS,Lambda,ap-south-1,Marketing,4.02,6.19
2025-03-17,AWS,RDS,us-east-1,Engineering,28.04,81.18
2025-03-17,AWS,RDS,us-west-2,Finance,32.97,128.16
2025-03-17,AWS,RDS,eu-west-1,QA,32.57,108.91
2025-03-17,AWS,RDS,ap-south-1,Engineering,32.55,52.69
2025-03-17,AWS,S3,us-east-1,DevOps,6.33,13.66
2025-03-17,AWS,S3,us-west-2,Marketing,7.21,24.75
2025-03-17,AWS,S3,eu-west-1,Engineering,4.67,16.7
2025-03-17,AWS,S3,ap-south-1,QA,8.41,20.77
2025-03-17,Azure,Blob Storage,East US,DevOps,9.86,36.91
2025-03-17,Azure,Blob Storage,West Europe,Engineering,8.45,22.22
2025-03-17,Azure,Blob Storage,Southeast Asia,Engineering,12.09,39.44
2025-03-17,Azure,CDN,East US,Data Science,9.65,21.72
2025-03-17,Azure,CDN,Southeast Asia,Engineering,7.56,21.45
2025-03-17,Azure,Functions,Central India,QA,6.13,14.09
2025-03-17,Azure,Functions,Southeast Asia,QA,6.81,17.94
2025-03-17,Azure,SQL Database,East US,QA,27.01,83.68
2025-03-17,Azure,SQL Database,Central India,DevOps,41.46,133.73
2025-03-17,Azure,Virtual Machines,East US,DevOps,49.78,73.27
2025-03-17,Azure,Virtual Machines,West Europe,QA,48.17,169.52
2025-03-17,Azure,Virtual Machines,Central India,Data Science,34.74,112.59
2025-03-17,Azure,Virtual Machines,Southeast Asia,Marketing,36.29,70.56
2025-03-17,GCP,BigQuery,us-central1,QA,22.98,65.69
2025-03-17,GCP,BigQuery,europe-west1,DevOps,14.07,22.67
2025-03-17,GCP,Cloud CDN,us-central1,Finance,11.72,33.3
2025-03-17,GCP,Cloud Functions,us-central1,DevOps,6.06,14.68
2025-03-17,GCP,Cloud Functions,asia-south1,Finance,3.94,9.76
2025-03-17,GCP,Cloud Storage,us-central1,DevOps,7.72,27.56
2025-03-17,GCP,Cloud Storage,europe-west1,DevOps,5.7,19.89
2025-03-17,GCP,Cloud Storage,asia-south1,DevOps,12.33,25.83
2025-03-17,GCP,Compute Engine,us-central1,Finance,34.61,80.68
2025-03-17,GCP,Compute Engine,europe-west1,Finance,55.43,116.07
2025-03-17,GCP,Compute Engine,asia-south1,Marketing,64.98,150.55
2025-03-18,AWS,CloudFront,eu-west-1,QA,10.49,39.08
2025-03-18,AWS,EBS,us-west-2,Engineering,10.31,20.36
2025-03-18,AWS,EBS,eu-west-1,Engineering,14.39,28.71
2025-03-18,AWS,EBS,ap-south-1,Finance,7.08,24.85
2025-03-18,AWS,EC2,us-east-1,DevOps,34.41,105.32
2025-03-18,AWS,EC2,us-west-2,Marketing,32.0,82.93
2025-03-18,AWS,EC2,eu-west-1,Finance,35.87,94.57
2025-03-18,AWS,Lambda,us-west-2,DevOps,3.67,6.34
2025-03-18,AWS,Lambda,eu-west-1,QA,3.58,9.56
2025-03-18,AWS,Lambda,ap-south-1,Marketing,4.52,7.73
2025-03-18,AWS,RDS,us-east-1,Engineering,28.43,82.93
2025-03-18,AWS,RDS,us-west-2,Finance,35.66,132.96
2025-03-18,AWS,RDS,eu-west-1,QA,32.33,109.92
2025-03-18,AWS,RDS,ap-south-1,Engineering,35.04,54.67
2025-03-18,AWS,S3,us-east-1,DevOps,6.03,12.46
2025-03-18,AWS,S3,us-west-2,Marketing,6.4,21.46
2025-03-18,AWS,S3,eu-west-1,Engineering,5.31,21.98
2025-03-18,AWS,S3,ap-south-1,QA,16.35,19.18
2025-03-18,Azure,Blob Storage,East US,DevOps,10.43,37.52
2025-03-18,Azure,Blob Storage,West Europe,Engineering,9.36,24.42
2025-03-18,Azure,Blob Storage,Southeast Asia,Engineering,11.06,37.79
2025-03-18,Azure,CDN,East US,Data Science,9.39,21.84
2025-03-18,Azure,CDN,Southeast Asia,Engineering,8.3,23.17
2025-03-18,Azure,Functions,Central India,QA,7.25,17.84
2025-03-18,Azure,Functions,Southeast Asia,QA,7.76,18.66
2025-03-18,Azure,SQL Database,East US,QA,29.09,100.88
2025-03-18,Azure,SQL Database,Central India,DevOps,36.54,117.91
2025-03-18,Azure,Virtual Machines,East US,DevOps,46.27,72.68
2025-03-18,Azure,Virtual Machines,West Europe,QA,44.27,136.21
2025-03-18,Azure,Virtual Machines,Central India,Data Science,34.28,107.29
2025-03-18,Azure,Virtual Machines,Southeast Asia,Marketing,34.03,63.62
2025-03-18,GCP,BigQuery,us-central1,QA,23.42,77.06
2025-03-18,GCP,BigQuery,europe-west1,DevOps,13.43,21.97
2025-03-18,GCP,Cloud CDN,us-central1,Finance,12.23,32.64
2025-03-18,GCP,Cloud Functions,us-central1,DevOps,7.24,18.36
2025-03-18,GCP,Cloud Functions,asia-south1,Finance,3.48,8.94
2025-03-18,GCP,Cloud Storage,us-central1,DevOps,7.52,26.87
2025-03-18,GCP,Cloud Storage,europe-west1,DevOps,5.77,22.76
2025-03-18,GCP,Cloud Storage,asia-south1,DevOps,11.46,20.65
2025-03-18,GCP,Compute Engine,us-central1,Finance,37.36,76.45
2025-03-18,GCP,Compute Engine,europe-west1,Finance,56.64,115.23
2025-03-18,GCP,Compute Engine,asia-south1,Marketing,57.56,136.36
2025-03-19,AWS,CloudFront,eu-west-1,QA,9.01,28.71
2025-03-19,AWS,EBS,us-west-2,Engineering,10.58,19.14
2025-03-19,AWS,EBS,eu-west-1,Engineering,12.98,25.14
2025-03-19,AWS,EBS,ap-south-1,Finance,7.11,25.6
2025-03-19,AWS,EC2,us-east-1,DevOps,34.06,104.87
2025-03-19,AWS,EC2,us-west-2,Marketing,37.56,92.32
2025-03-19,AWS,EC2,eu-west-1,Finance,30.05,71.47
2025-03-19,AWS,Lambda,us-west-2,DevOps,3.72,6.08
2025-03-19,AWS,Lambda,eu-west-1,QA,3.89,10.53
2025-03-19,AWS,Lambda,ap-south-1,Marketing,4.37,6.55
2025-03-19,AWS,RDS,us-east-1,Engineering,26.37,81.58
2025-03-19,AWS,RDS,us-west-2,Finance,29.88,102.53
2025-03-19,AWS,RDS,eu-west-1,QA,36.39,104.16
2025-03-19,AWS,RDS,ap-south-1,Engineering,37.44,55.64
2025-03-19,AWS,S3,us-east-1,DevOps,6.91,13.65
2025-03-19,AWS,S3,us-west-2,Marketing,6.62,23.2
2025-03-19,AWS,S3,eu-west-1,Engineering,5.43,19.04
2025-03-19,AWS,S3,ap-south-1,QA,11.08,23.78
2025-03-19,Azure,Blob Storage,East US,DevOps,9.78,33.99
2025-03-19,Azure,Blob Storage,West Europe,Engineering,7.91,17.98
2025-03-19,Azure,Blob Storage,Southeast Asia,Engineering,10.84,36.36
2025-03-19,Azure,CDN,East US,Data Science,8.74,20.72
2025-03-19,Azure,CDN,Southeast Asia,Engineering,8.75,21.52
2025-03-19,Azure,Functions,Central India,QA,7.23,18.93
2025-03-19,Azure,Functions,Southeast Asia,QA,7.07,17.14
2025-03-19,Azure,SQL Database,East US,QA,24.57,73.38
2025-03-19,Azure,SQL Database,Central India,DevOps,38.05,134.93
2025-03-19,Azure,Virtual Machines,East US,DevOps,42.05,72.0
2025-03-19,Azure,Virtual Machines,West Europe,QA,56.01,170.14
2025-03-19,Azure,Virtual Machines,Central India,Data Science,32.94,104.75
2025-03-19,Azure,Virtual Machines,Southeast Asia,Marketing,35.81,71.02
2025-03-19,GCP,BigQuery,us-central1,QA,22.97,72.07
2025-03-19,GCP,BigQuery,europe-west1,DevOps,12.95,17.6
2025-03-19,GCP,Cloud CDN,us-central1,Finance,12.7,35.03
2025-03-19,GCP,Cloud Functions,us-central1,DevOps,6.37,14.51
2025-03-19,GCP,Cloud Functions,asia-south1,Finance,4.27,11.32
2025-03-19,GCP,Cloud Storage,us-central1,DevOps,7.36,24.43
2025-03-19,GCP,Cloud Storage,europe-west1,DevOps,5.23,21.37
2025-03-19,GCP,Cloud Storage,asia-south1,DevOps,10.87,19.74
2025-03-19,GCP,Compute Engine,us-central1,Finance,32.47,69.22
2025-03-19,GCP,Compute Engine,europe-west1,Finance,53.3,103.04
2025-03-19,GCP,Compute Engine,asia-south1,Marketing,57.96,133.15
2025-03-20,AWS,CloudFront,eu-west-1,QA,10.85,35.42
2025-03-20,AWS,EBS,us-west-2,Engineering,10.4,19.86
2025-03-20,AWS,EBS,eu-west-1,Engineering,14.28,26.46
2025-03-20,AWS,EBS,ap-south-1,Finance,6.44,24.56
2025-03-20,AWS,EC2,us-east-1,DevOps,35.92,102.64
2025-03-20,AWS,EC2,us-west-2,Marketing,36.38,92.72
2025-03-20,AWS,EC2,eu-west-1,Finance,31.77,82.59
2025-03-20,AWS,Lambda,us-west-2,DevOps,3.49,5.81
2025-03-20,AWS,Lambda,eu-west-1,QA,3.69,9.53
2025-03-20,AWS,Lambda,ap-south-1,Marketing,9.25,6.79
2025-03-20,AWS,RDS,us-east-1,Engineering,29.12,85.82
2025-03-20,AWS,RDS,us-west-2,Finance,28.08,97.96
2025-03-20,AWS,RDS,eu-west-1,QA,34.66,113.97
2025-03-20,AWS,RDS,ap-south-1,Engineering,37.76,51.67
2025-03-20,AWS,S3,us-east-1,DevOps,6.71,13.14
2025-03-20,AWS,S3,us-west-2,Marketing,6.83,22.0
2025-03-20,AWS,S3,eu-west-1,Engineering,5.37,19.81
2025-03-20,AWS,S3,ap-south-1,QA,9.24,22.15
2025-03-20,Azure,Blob Storage,East US,DevOps,10.2,34.18
2025-03-20,Azure,Blob Storage,West Europe,Engineering,9.15,22.07
2025-03-20,Azure,Blob Storage,Southeast Asia,Engineering,11.76,39.58
2025-03-20,Azure,CDN,East US,Data Science,9.54,19.76
2025-03-20,Azure,CDN,Southeast Asia,Engineering,8.09,22.77
2025-03-20,Azure,Functions,Central India,QA,6.89,16.64
2025-03-20,Azure,Functions,Southeast Asia,QA,7.95,20.7
2025-03-20,Azure,SQL Database,East US,QA,27.72,87.1
2025-03-20,Azure,SQL Database,Central India,DevOps,35.05,129.73
2025-03-20,Azure,Virtual Machines,East US,DevOps,39.14,67.97
2025-03-20,Azure,Virtual Machines,West Europe,QA,50.81,158.23
2025-03-20,Azure,Virtual Machines,Central India,Data Science,33.04,110.4
2025-03-20,Azure,Virtual Machines,Southeast Asia,Marketing,33.09,65.94
2025-03-20,GCP,BigQuery,us-central1,QA,22.6,69.02
2025-03-20,GCP,BigQuery,europe-west1,DevOps,13.33,19.62
2025-03-20,GCP,Cloud CDN,us-central1,Finance,12.83,35.72
2025-03-20,GCP,Cloud Functions,us-central1,DevOps,6.3,16.14
2025-03-20,GCP,Cloud Functions,asia-south1,Finance,3.69,9.13
2025-03-20,GCP,Cloud Storage,us-central1,DevOps,7.67,29.32
2025-03-20,GCP,Cloud Storage,europe-west1,DevOps,4.76,17.68
2025-03-20,GCP,Cloud Storage,asia-south1,DevOps,10.13,20.68
2025-03-20,GCP,Compute Engine,us-central1,Finance,30.89,60.46
2025-03-20,GCP,Compute Engine,europe-west1,Finance,52.68,114.69
2025-03-20,GCP,Compute Engine,asia-south1,Marketing,53.41,125.23
2025-03-21,AWS,CloudFront,eu-west-1,QA,10.94,40.5
2025-03-21,AWS,EBS,us-west-2,Engineering,10.81,21.89
2025-03-21,AWS,EBS,eu-west-1,Engineering,12.54,25.33
2025-03-21,AWS,EBS,ap-south-1,Finance,7.03,28.57
2025-03-21,AWS,EC2,us-east-1,DevOps,33.41,92.79
2025-03-21,AWS,EC2,us-west-2,Marketing,33.14,85.28
2025-03-21,AWS,EC2,eu-west-1,Finance,34.35,93.2
2025-03-21,AWS,Lambda,us-west-2,DevOps,3.63,6.54
2025-03-21,AWS,Lambda,eu-west-1,QA,3.79,9.27
2025-03-21,AWS,Lambda,ap-south-1,Marketing,3.94,6.79
2025-03-21,AWS,RDS,us-east-1,Engineering,26.59,75.57
2025-03-21,AWS,RDS,us-west-2,Finance,29.77,102.32
2025-03-21,AWS,RDS,eu-west-1,QA,38.07,109.1
2025-03-21,AWS,RDS,ap-south-1,Engineering,39.44,60.86
2025-03-21,AWS,S3,us-east-1,DevOps,6.94,15.78
2025-03-21,AWS,S3,us-west-2,Marketing,5.93,19.31
2025-03-21,AWS,S3,eu-west-1,Engineering,6.33,21.71
2025-03-21,AWS,S3,ap-south-1,QA,10.55,25.97
2025-03-21,Azure,Blob Storage,East US,DevOps,9.12,33.01
2025-03-21,Azure,Blob Storage,West Europe,Engineering,8.0,18.9
2025-03-21,Azure,Blob Storage,Southeast Asia,Engineering,11.46,41.19
2025-03-21,Azure,CDN,East US,Data Science,10.0,22.27
2025-03-21,Azure,CDN,Southeast Asia,Engineering,8.12,20.53
2025-03-21,Azure,Functions,Central India,QA,6.97,16.97
2025-03-21,Azure,Functions,Southeast Asia,QA,8.95,21.14
2025-03-21,Azure,SQL Database,East US,QA,31.55,106.14
2025-03-21,Azure,SQL Database,Central India,DevOps,39.53,144.03
2025-03-21,Azure,Virtual Machines,East US,DevOps,44.79,67.2
2025-03-21,Azure,Virtual Machines,West Europe,QA,42.47,148.01
2025-03-21,Azure,Virtual Machines,Central India,Data Science,54.58,114.02
2025-03-21,Azure,Virtual Machines,Southeast Asia,Marketing,35.73,63.36
2025-03-21,GCP,BigQuery,us-central1,QA,22.27,76.39
2025-03-21,GCP,BigQuery,europe-west1,DevOps,13.43,18.65
2025-03-21,GCP,Cloud CDN,us-central1,Finance,14.01,35.37
2025-03-21,GCP,Cloud Functions,us-central1,DevOps,6.23,14.17
2025-03-21,GCP,Cloud Functions,asia-south1,Finance,3.97,10.55
2025-03-21,GCP,Cloud Storage,us-central1,DevOps,7.61,26.2
2025-03-21,GCP,Cloud Storage,europe-west1,DevOps,5.65,20.39
2025-03-21,GCP,Cloud Storage,asia-south1,DevOps,10.64,19.1
2025-03-21,GCP,Compute Engine,us-central1,Finance,31.88,68.35
2025-03-21,GCP,Compute Engine,europe-west1,Finance,154.57,117.53
2025-03-21,GCP,Compute Engine,asia-south1,Marketing,65.97,149.99
2025-03-22,AWS,CloudFront,eu-west-1,QA,11.1,34.93
2025-03-22,AWS,EBS,us-west-2,Engineering,9.27,17.66
2025-03-22,AWS,EBS,eu-west-1,Engineering,12.13,25.58
2025-03-22,AWS,EBS,ap-south-1,Finance,7.71,27.32
2025-03-22,AWS,EC2,us-east-1,DevOps,36.51,100.62
2025-03-22,AWS,EC2,us-west-2,Marketing,33.15,92.48
2025-03-22,AWS,EC2,eu-west-1,Finance,37.16,99.44
2025-03-22,AWS,Lambda,us-west-2,DevOps,3.79,5.9
2025-03-22,AWS,Lambda,eu-west-1,QA,3.54,10.29
2025-03-22,AWS,Lambda,ap-south-1,Marketing,4.43,7.41
2025-03-22,AWS,RDS,us-east-1,Engineering,25.84,86.04
2025-03-22,AWS,RDS,us-west-2,Finance,34.05,130.01
2025-03-22,AWS,RDS,eu-west-1,QA,32.65,107.82
2025-03-22,AWS,RDS,ap-south-1,Engineering,37.13,50.78
2025-03-22,AWS,S3,us-east-1,DevOps,5.78,13.35
2025-03-22,AWS,S3,us-west-2,Marketing,6.76,23.29
2025-03-22,AWS,S3,eu-west-1,Engineering,6.17,22.07
2025-03-22,AWS,S3,ap-south-1,QA,9.4,23.57
2025-03-22,Azure,Blob Storage,East US,DevOps,10.15,38.4
2025-03-22,Azure,Blob Storage,West Europe,Engineering,7.99,18.81
2025-03-22,Azure,Blob Storage,Southeast Asia,Engineering,10.32,38.82
2025-03-22,Azure,CDN,East US,Data Science,8.89,17.81
2025-03-22,Azure,CDN,Southeast Asia,Engineering,9.31,25.3
2025-03-22,Azure,Functions,Central India,QA,7.24,16.31
2025-03-22,Azure,Functions,Southeast Asia,QA,7.36,20.21
2025-03-22,Azure,SQL Database,East US,QA,27.61,95.41
2025-03-22,Azure,SQL Database,Central India,DevOps,41.63,149.01
2025-03-22,Azure,Virtual Machines,East US,DevOps,46.12,79.17
2025-03-22,Azure,Virtual Machines,West Europe,QA,53.35,180.45
2025-03-22,Azure,Virtual Machines,Central India,Data Science,32.71,103.54
2025-03-22,Azure,Virtual Machines,Southeast Asia,Marketing,35.21,60.03
2025-03-22,GCP,BigQuery,us-central1,QA,24.4,83.25
2025-03-22,GCP,BigQuery,europe-west1,DevOps,14.2,22.61
2025-03-22,GCP,Cloud CDN,us-central1,Finance,11.51,34.69
2025-03-22,GCP,Cloud Functions,us-central1,DevOps,7.3,19.35
2025-03-22,GCP,Cloud Functions,asia-south1,Finance,3.82,10.65
2025-03-22,GCP,Cloud Storage,us-central1,DevOps,7.2,27.15
2025-03-22,GCP,Cloud Storage,europe-west1,DevOps,4.9,19.11
2025-03-22,GCP,Cloud Storage,asia-south1,DevOps,11.69,22.21
2025-03-22,GCP,Compute Engine,us-central1,Finance,28.07,59.94
2025-03-22,GCP,Compute Engine,europe-west1,Finance,54.16,117.93
2025-03-22,GCP,Compute Engine,asia-south1,Marketing,54.21,118.01
2025-03-23,AWS,CloudFront,eu-west-1,QA,12.14,40.59
2025-03-23,AWS,EBS,us-west-2,Engineering,11.03,22.35
2025-03-23,AWS,EBS,eu-west-1,Engineering,11.77,23.76
2025-03-23,AWS,EBS,ap-south-1,Finance,7.3,28.09
2025-03-23,AWS,EC2,us-east-1,DevOps,35.63,99.15
2025-03-23,AWS,EC2,us-west-2,Marketing,35.01,95.95
2025-03-23,AWS,EC2,eu-west-1,Finance,28.72,68.94
2025-03-23,AWS,Lambda,us-west-2,DevOps,3.52,5.71
2025-03-23,AWS,Lambda,eu-west-1,QA,3.49,9.84
2025-03-23,AWS,Lambda,ap-south-1,Marketing,4.58,6.52
2025-03-23,AWS,RDS,us-east-1,Engineering,24.84,70.46
2025-03-23,AWS,RDS,us-west-2,Finance,25.99,89.16
2025-03-23,AWS,RDS,eu-west-1,QA,35.36,115.17
2025-03-23,AWS,RDS,ap-south-1,Engineering,38.36,52.32
2025-03-23,AWS,S3,us-east-1,DevOps,5.91,12.97
2025-03-23,AWS,S3,us-west-2,Marketing,5.86,18.75
2025-03-23,AWS,S3,eu-west-1,Engineering,5.04,20.16
2025-03-23,AWS,S3,ap-south-1,QA,10.6,24.29
2025-03-23,Azure,Blob Storage,East US,DevOps,11.49,42.05
2025-03-23,Azure,Blob Storage,West Europe,Engineering,8.11,21.36
2025-03-23,Azure,Blob Storage,Southeast Asia,Engineering,13.25,45.41
2025-03-23,Azure,CDN,East US,Data Science,9.36,18.93
2025-03-23,Azure,CDN,Southeast Asia,Engineering,8.72,24.26
2025-03-23,Azure,Functions,Central India,QA,6.36,15.23
2025-03-23,Azure,Functions,Southeast Asia,QA,6.31,14.91
2025-03-23,Azure,SQL Database,East US,QA,24.58,72.79
2025-03-23,Azure,SQL Database,Central India,DevOps,40.84,132.46
2025-03-23,Azure,Virtual Machines,East US,DevOps,40.15,60.38
2025-03-23,Azure,Virtual Machines,West Europe,QA,50.98,170.68
2025-03-23,Azure,Virtual Machines,Central India,Data Science,32.75,95.92
2025-03-23,Azure,Virtual Machines,Southeast Asia,Marketing,38.14,74.39
2025-03-23,GCP,BigQuery,us-central1,QA,20.78,71.08
2025-03-23,GCP,BigQuery,europe-west1,DevOps,12.38,19.56
2025-03-23,GCP,Cloud CDN,us-central1,Finance,13.44,33.97
2025-03-23,GCP,Cloud Functions,us-central1,DevOps,6.78,16.77
2025-03-23,GCP,Cloud Functions,asia-south1,Finance,3.35,7.74
2025-03-23,GCP,Cloud Storage,us-central1,DevOps,7.91,28.51
2025-03-23,GCP,Cloud Storage,europe-west1,DevOps,5.36,19.19
2025-03-23,GCP,Cloud Storage,asia-south1,DevOps,9.73,18.1
2025-03-23,GCP,Compute Engine,us-central1,Finance,38.37,87.03
2025-03-23,GCP,Compute Engine,europe-west1,Finance,62.58,121.48
2025-03-23,GCP,Compute Engine,asia-south1,Marketing,51.58,116.77
2025-03-24,AWS,CloudFront,eu-west-1,QA,10.54,37.44
2025-03-24,AWS,EBS,us-west-2,Engineering,9.23,17.37
2025-03-24,AWS,EBS,eu-west-1,Engineering,11.98,24.23
2025-03-24,AWS,EBS,ap-south-1,Finance,7.51,29.83
2025-03-24,AWS,EC2,us-east-1,DevOps,43.4,121.37
2025-03-24,AWS,EC2,us-west-2,Marketing,31.97,88.21
2025-03-24,AWS,EC2,eu-west-1,Finance,34.82,97.91
2025-03-24,AWS,Lambda,us-west-2,DevOps,3.32,5.66
2025-03-24,AWS,Lambda,eu-west-1,QA,3.25,9.27
2025-03-24,AWS,Lambda,ap-south-1,Marketing,3.76,6.42
2025-03-24,AWS,RDS,us-east-1,Engineering,24.07,80.55
2025-03-24,AWS,RDS,us-west-2,Finance,25.33,99.39
2025-03-24,AWS,RDS,eu-west-1,QA,35.27,103.96
2025-03-24,AWS,RDS,ap-south-1,Engineering,36.23,56.18
2025-03-24,AWS,S3,us-east-1,DevOps,7.09,13.92
2025-03-24,AWS,S3,us-west-2,Marketing,6.89,20.71
2025-03-24,AWS,S3,eu-west-1,Engineering,4.47,15.92
2025-03-24,AWS,S3,ap-south-1,QA,10.51,22.42
2025-03-24,Azure,Blob Storage,East US,DevOps,9.92,37.52
2025-03-24,Azure,Blob Storage,West Europe,Engineering,8.23,19.66
2025-03-24,Azure,Blob Storage,Southeast Asia,Engineering,10.85,41.49
2025-03-24,Azure,CDN,East US,Data Science,8.92,20.13
2025-03-24,Azure,CDN,Southeast Asia,Engineering,8.56,21.98
2025-03-24,Azure,Functions,Central India,QA,7.02,16.69
2025-03-24,Azure,Functions,Southeast Asia,QA,7.38,19.51
2025-03-24,Azure,SQL Database,East US,QA,26.45,83.82
2025-03-24,Azure,SQL Database,Central India,DevOps,35.23,112.71
2025-03-24,Azure,Virtual Machines,East US,DevOps,43.2,67.03
2025-03-24,Azure,Virtual Machines,West Europe,QA,52.9,166.89
2025-03-24,Azure,Virtual Machines,Central India,Data Science,33.59,108.01
2025-03-24,Azure,Virtual Machines,Southeast Asia,Marketing,29.57,60.71
2025-03-24,GCP,BigQuery,us-central1,QA,21.93,64.94
2025-03-24,GCP,BigQuery,europe-west1,DevOps,12.51,19.8
2025-03-24,GCP,Cloud CDN,us-central1,Finance,12.7,36.51
2025-03-24,GCP,Cloud Functions,us-central1,DevOps,6.83,16.98
2025-03-24,GCP,Cloud Functions,asia-south1,Finance,3.94,9.38
2025-03-24,GCP,Cloud Storage,us-central1,DevOps,6.3,23.34
2025-03-24,GCP,Cloud Storage,europe-west1,DevOps,5.82,21.45
2025-03-24,GCP,Cloud Storage,asia-south1,DevOps,10.13,20.86
2025-03-24,GCP,Compute Engine,us-central1,Finance,31.22,72.77
2025-03-24,GCP,Compute Engine,europe-west1,Finance,58.34,121.81
2025-03-24,GCP,Compute Engine,asia-south1,Marketing,64.66,157.58
2025-03-25,AWS,CloudFront,eu-west-1,QA,10.11,36.02
2025-03-25,AWS,EBS,us-west-2,Engineering,9.97,20.93
2025-03-25,AWS,EBS,eu-west-1,Engineering,11.98,23.78
2025-03-25,AWS,EBS,ap-south-1,Finance,7.9,32.28
2025-03-25,AWS,EC2,us-east-1,DevOps,32.82,90.49
2025-03-25,AWS,EC2,us-west-2,Marketing,39.0,92.12
2025-03-25,AWS,EC2,eu-west-1,Finance,32.47,82.55
2025-03-25,AWS,Lambda,us-west-2,DevOps,3.39,5.9
2025-03-25,AWS,Lambda,eu-west-1,QA,3.47,9.01
2025-03-25,AWS,Lambda,ap-south-1,Marketing,4.76,7.1
2025-03-25,AWS,RDS,us-east-1,Engineering,26.11,76.12
2025-03-25,AWS,RDS,us-west-2,Finance,30.49,102.93
2025-03-25,AWS,RDS,eu-west-1,QA,34.6,115.56
2025-03-25,AWS,RDS,ap-south-1,Engineering,37.5,53.29
2025-03-25,AWS,S3,us-east-1,DevOps,6.64,13.89
2025-03-25,AWS,S3,us-west-2,Marketing,6.34,19.1
2025-03-25,AWS,S3,eu-west-1,Engineering,5.28,18.34
2025-03-25,AWS,S3,ap-south-1,QA,8.95,21.1
2025-03-25,Azure,Blob Storage,East US,DevOps,10.76,37.72
2025-03-25,Azure,Blob Storage,West Europe,Engineering,8.88,22.26
2025-03-25,Azure,Blob Storage,Southeast Asia,Engineering,12.21,47.28
2025-03-25,Azure,CDN,East US,Data Science,10.75,23.46
2025-03-25,Azure,CDN,Southeast Asia,Engineering,7.47,17.69
2025-03-25,Azure,Functions,Central India,QA,7.19,16.97
2025-03-25,Azure,Functions,Southeast Asia,QA,7.26,19.4
2025-03-25,Azure,SQL Database,East US,QA,26.31,81.46
2025-03-25,Azure,SQL Database,Central India,DevOps,37.72,117.84
2025-03-25,Azure,Virtual Machines,East US,DevOps,40.7,69.12
2025-03-25,Azure,Virtual Machines,West Europe,QA,46.01,147.69
2025-03-25,Azure,Virtual Machines,Central India,Data Science,35.3,101.05
2025-03-25,Azure,Virtual Machines,Southeast Asia,Marketing,33.68,62.44
2025-03-25,GCP,BigQuery,us-central1,QA,24.08,78.98
2025-03-25,GCP,BigQuery,europe-west1,DevOps,12.94,19.05
2025-03-25,GCP,Cloud CDN,us-central1,Finance,13.68,37.62
2025-03-25,GCP,Cloud Functions,us-central1,DevOps,7.0,17.58
2025-03-25,GCP,Cloud Functions,asia-south1,Finance,3.45,9.55
2025-03-25,GCP,Cloud Storage,us-central1,DevOps,7.94,26.2
2025-03-25,GCP,Cloud Storage,europe-west1,DevOps,4.48,18.22
2025-03-25,GCP,Cloud Storage,asia-south1,DevOps,10.76,18.96
2025-03-25,GCP,Compute Engine,us-central1,Finance,36.71,85.4
2025-03-25,GCP,Compute Engine,europe-west1,Finance,57.09,120.98
2025-03-25,GCP,Compute Engine,asia-south1,Marketing,60.05,128.81
2025-03-26,AWS,CloudFront,eu-west-1,QA,8.84,32.6
2025-03-26,AWS,EBS,us-west-2,Engineering,9.52,17.94
2025-03-26,AWS,EBS,eu-west-1,Engineering,11.41,22.08
2025-03-26,AWS,EBS,ap-south-1,Finance,7.4,30.66
2025-03-26,AWS,EC2,us-east-1,DevOps,33.44,105.35
2025-03-26,AWS,EC2,us-west-2,Marketing,34.96,90.0
2025-03-26,AWS,EC2,eu-west-1,Finance,31.85,76.22
2025-03-26,AWS,Lambda,us-west-2,DevOps,3.65,6.45
2025-03-26,AWS,Lambda,eu-west-1,QA,2.62,7.35
2025-03-26,AWS,Lambda,ap-south-1,Marketing,4.34,7.12
2025-03-26,AWS,RDS,us-east-1,Engineering,25.39,87.24
2025-03-26,AWS,RDS,us-west-2,Finance,84.66,103.35
2025-03-26,AWS,RDS,eu-west-1,QA,31.39,90.95
2025-03-26,AWS,RDS,ap-south-1,Engineering,38.62,54.92
2025-03-26,AWS,S3,us-east-1,DevOps,6.73,15.01
2025-03-26,AWS,S3,us-west-2,Marketing,5.8,17.62
2025-03-26,AWS,S3,eu-west-1,Engineering,5.47,20.63
2025-03-26,AWS,S3,ap-south-1,QA,8.04,17.19
2025-03-26,Azure,Blob Storage,East US,DevOps,9.2,30.44
2025-03-26,Azure,Blob Storage,West Europe,Engineering,7.39,17.67
2025-03-26,Azure,Blob Storage,Southeast Asia,Engineering,12.27,42.74
2025-03-26,Azure,CDN,East US,Data Science,9.51,21.89
2025-03-26,Azure,CDN,Southeast Asia,Engineering,7.96,22.57
2025-03-26,Azure,Functions,Central India,QA,7.48,19.62
2025-03-26,Azure,Functions,Southeast Asia,QA,6.34,15.57
2025-03-26,Azure,SQL Database,East US,QA,32.37,116.86
2025-03-26,Azure,SQL Database,Central India,DevOps,32.99,105.41
2025-03-26,Azure,Virtual Machines,East US,DevOps,44.61,74.48
2025-03-26,Azure,Virtual Machines,West Europe,QA,46.45,168.66
2025-03-26,Azure,Virtual Machines,Central India,Data Science,34.92,112.18
2025-03-26,Azure,Virtual Machines,Southeast Asia,Marketing,33.6,59.94
2025-03-26,GCP,BigQuery,us-central1,QA,20.67,70.59
2025-03-26,GCP,BigQuery,europe-west1,DevOps,11.72,17.31
2025-03-26,GCP,Cloud CDN,us-central1,Finance,13.18,38.19
2025-03-26,GCP,Cloud Functions,us-central1,DevOps,6.6,17.19
2025-03-26,GCP,Cloud Functions,asia-south1,Finance,3.91,9.13
2025-03-26,GCP,Cloud Storage,us-central1,DevOps,8.47,33.08
2025-03-26,GCP,Cloud Storage,europe-west1,DevOps,5.52,21.19
2025-03-26,GCP,Cloud Storage,asia-south1,DevOps,9.42,17.02
2025-03-26,GCP,Compute Engine,us-central1,Finance,29.95,60.16
2025-03-26,GCP,Compute Engine,europe-west1,Finance,53.82,106.81
2025-03-26,GCP,Compute Engine,asia-south1,Marketing,159.78,147.5
2025-03-27,AWS,CloudFront,eu-west-1,QA,10.43,36.5
2025-03-27,AWS,EBS,us-west-2,Engineering,9.63,17.1
2025-03-27,AWS,EBS,eu-west-1,Engineering,11.47,22.51
2025-03-27,AWS,EBS,ap-south-1,Finance,6.89,27.76
2025-03-27,AWS,EC2,us-east-1,DevOps,36.82,113.37
2025-03-27,AWS,EC2,us-west-2,Marketing,35.0,91.28
2025-03-27,AWS,EC2,eu-west-1,Finance,31.36,75.4
2025-03-27,AWS,Lambda,us-west-2,DevOps,3.3,5.34
2025-03-27,AWS,Lambda,eu-west-1,QA,3.39,9.03
2025-03-27,AWS,Lambda,ap-south-1,Marketing,4.53,7.22
2025-03-27,AWS,RDS,us-east-1,Engineering,25.64,82.14
2025-03-27,AWS,RDS,us-west-2,Finance,30.17,121.47
2025-03-27,AWS,RDS,eu-west-1,QA,33.88,114.43
2025-03-27,AWS,RDS,ap-south-1,Engineering,41.58,64.94
2025-03-27,AWS,S3,us-east-1,DevOps,5.94,13.38
2025-03-27,AWS,S3,us-west-2,Marketing,6.23,22.03
2025-03-27,AWS,S3,eu-west-1,Engineering,4.94,16.88
2025-03-27,AWS,S3,ap-south-1,QA,8.09,17.59
2025-03-27,Azure,Blob Storage,East US,DevOps,10.67,40.78
2025-03-27,Azure,Blob Storage,West Europe,Engineering,7.83,20.05
2025-03-27,Azure,Blob Storage,Southeast Asia,Engineering,10.3,38.32
2025-03-27,Azure,CDN,East US,Data Science,9.33,20.11
2025-03-27,Azure,CDN,Southeast Asia,Engineering,8.35,19.86
2025-03-27,Azure,Functions,Central India,QA,5.97,13.23
2025-03-27,Azure,Functions,Southeast Asia,QA,6.65,15.61
2025-03-27,Azure,SQL Database,East US,QA,31.24,106.08
2025-03-27,Azure,SQL Database,Central India,DevOps,41.75,152.65
2025-03-27,Azure,Virtual Machines,East US,DevOps,35.09,59.37
2025-03-27,Azure,Virtual Machines,West Europe,QA,44.86,141.28
2025-03-27,Azure,Virtual Machines,Central India,Data Science,32.68,108.53
2025-03-27,Azure,Virtual Machines,Southeast Asia,Marketing,38.95,67.98
2025-03-27,GCP,BigQuery,us-central1,QA,20.71,65.86
2025-03-27,GCP,BigQuery,europe-west1,DevOps,13.83,19.83
2025-03-27,GCP,Cloud CDN,us-central1,Finance,12.63,33.11
2025-03-27,GCP,Cloud Functions,us-central1,DevOps,7.14,17.57
2025-03-27,GCP,Cloud Functions,asia-south1,Finance,3.64,9.8
2025-03-27,GCP,Cloud Storage,us-central1,DevOps,7.51,25.81
2025-03-27,GCP,Cloud Storage,europe-west1,DevOps,5.05,17.5
2025-03-27,GCP,Cloud Storage,asia-south1,DevOps,9.95,17.92
2025-03-27,GCP,Compute Engine,us-central1,Finance,31.53,64.7
2025-03-27,GCP,Compute Engine,europe-west1,Finance,45.67,98.6
2025-03-27,GCP,Compute Engine,asia-south1,Marketing,53.49,114.54
2025-03-28,AWS,CloudFront,eu-west-1,QA,10.55,36.94
2025-03-28,AWS,EBS,us-west-2,Engineering,10.15,19.0
2025-03-28,AWS,EBS,eu-west-1,Engineering,12.6,27.37
2025-03-28,AWS,EBS,ap-south-1,Finance,7.52,29.57
2025-03-28,AWS,EC2,us-east-1,DevOps,38.04,101.32
2025-03-28,AWS,EC2,us-west-2,Marketing,35.73,84.54
2025-03-28,AWS,EC2,eu-west-1,Finance,27.86,65.83
2025-03-28,AWS,Lambda,us-west-2,DevOps,3.67,5.73
2025-03-28,AWS,Lambda,eu-west-1,QA,3.53,8.86
2025-03-28,AWS,Lambda,ap-south-1,Marketing,3.8,6.03
2025-03-28,AWS,RDS,us-east-1,Engineering,26.02,85.51
2025-03-28,AWS,RDS,us-west-2,Finance,32.39,126.25
2025-03-28,AWS,RDS,eu-west-1,QA,32.31,97.58
2025-03-28,AWS,RDS,ap-south-1,Engineering,35.61,49.14
2025-03-28,AWS,S3,us-east-1,DevOps,5.92,11.66
2025-03-28,AWS,S3,us-west-2,Marketing,18.56,20.42
2025-03-28,AWS,S3,eu-west-1,Engineering,4.95,17.2
2025-03-28,AWS,S3,ap-south-1,QA,8.91,20.36
2025-03-28,Azure,Blob Storage,East US,DevOps,11.11,38.0
2025-03-28,Azure,Blob Storage,West Europe,Engineering,8.35,21.97
2025-03-28,Azure,Blob Storage,Southeast Asia,Engineering,11.45,37.97
2025-03-28,Azure,CDN,East US,Data Science,8.88,17.99
2025-03-28,Azure,CDN,Southeast Asia,Engineering,8.51,21.45
2025-03-28,Azure,Functions,Central India,QA,6.75,17.96
2025-03-28,Azure,Functions,Southeast Asia,QA,6.77,15.91
2025-03-28,Azure,SQL Database,East US,QA,29.12,93.82
2025-03-28,Azure,SQL Database,Central India,DevOps,37.62,140.9
2025-03-28,Azure,Virtual Machines,East US,DevOps,43.29,72.46
2025-03-28,Azure,Virtual Machines,West Europe,QA,56.04,201.09
2025-03-28,Azure,Virtual Machines,Central India,Data Science,33.23,100.91
2025-03-28,Azure,Virtual Machines,Southeast Asia,Marketing,32.33,58.01
2025-03-28,GCP,BigQuery,us-central1,QA,23.3,68.88
2025-03-28,GCP,BigQuery,europe-west1,DevOps,13.7,20.05
2025-03-28,GCP,Cloud CDN,us-central1,Finance,11.73,31.62
2025-03-28,GCP,Cloud Functions,us-central1,DevOps,14.23,14.53
2025-03-28,GCP,Cloud Functions,asia-south1,Finance,3.74,9.79
2025-03-28,GCP,Cloud Storage,us-central1,DevOps,8.05,30.15
2025-03-28,GCP,Cloud Storage,europe-west1,DevOps,5.05,18.4
2025-03-28,GCP,Cloud Storage,asia-south1,DevOps,10.54,19.88
2025-03-28,GCP,Compute Engine,us-central1,Finance,33.29,67.4
2025-03-28,GCP,Compute Engine,europe-west1,Finance,50.92,93.18
2025-03-28,GCP,Compute Engine,asia-south1,Marketing,59.35,135.87
2025-03-29,AWS,CloudFront,eu-west-1,QA,8.99,32.84
2025-03-29,AWS,EBS,us-west-2,Engineering,8.51,17.04
2025-03-29,AWS,EBS,eu-west-1,Engineering,11.52,23.94
2025-03-29,AWS,EBS,ap-south-1,Finance,7.01,26.36
2025-03-29,AWS,EC2,us-east-1,DevOps,42.03,117.4
2025-03-29,AWS,EC2,us-west-2,Marketing,32.28,80.45
2025-03-29,AWS,EC2,eu-west-1,Finance,33.72,91.87
2025-03-29,AWS,Lambda,us-west-2,DevOps,3.95,7.24
2025-03-29,AWS,Lambda,eu-west-1,QA,3.71,9.16
2025-03-29,AWS,Lambda,ap-south-1,Marketing,4.45,7.33
2025-03-29,AWS,RDS,us-east-1,Engineering,25.53,73.87
2025-03-29,AWS,RDS,us-west-2,Finance,28.76,98.22
2025-03-29,AWS,RDS,eu-west-1,QA,32.18,105.91
2025-03-29,AWS,RDS,ap-south-1,Engineering,37.52,54.73
2025-03-29,AWS,S3,us-east-1,DevOps,6.92,13.29
2025-03-29,AWS,S3,us-west-2,Marketing,7.06,24.24
2025-03-29,AWS,S3,eu-west-1,Engineering,5.96,23.96
2025-03-29,AWS,S3,ap-south-1,QA,10.95,25.61
2025-03-29,Azure,Blob Storage,East US,DevOps,11.33,42.0
2025-03-29,Azure,Blob Storage,West Europe,Engineering,8.56,20.86
2025-03-29,Azure,Blob Storage,Southeast Asia,Engineering,10.48,39.45
2025-03-29,Azure,CDN,East US,Data Science,9.88,23.23
2025-03-29,Azure,CDN,Southeast Asia,Engineering,9.1,24.11
2025-03-29,Azure,Functions,Central India,QA,6.02,13.21
2025-03-29,Azure,Functions,Southeast Asia,QA,7.21,19.92
2025-03-29,Azure,SQL Database,East US,QA,26.72,80.28
2025-03-29,Azure,SQL Database,Central India,DevOps,39.44,129.81
2025-03-29,Azure,Virtual Machines,East US,DevOps,40.7,60.86
2025-03-29,Azure,Virtual Machines,West Europe,QA,45.97,155.14
2025-03-29,Azure,Virtual Machines,Central India,Data Science,37.72,107.85
2025-03-29,Azure,Virtual Machines,Southeast Asia,Marketing,36.07,65.28
2025-03-29,GCP,BigQuery,us-central1,QA,19.47,64.93
2025-03-29,GCP,BigQuery,europe-west1,DevOps,13.37,22.08
2025-03-29,GCP,Cloud CDN,us-central1,Finance,13.08,36.2
2025-03-29,GCP,Cloud Functions,us-central1,DevOps,6.02,14.25
2025-03-29,GCP,Cloud Functions,asia-south1,Finance,4.01,9.32
2025-03-29,GCP,Cloud Storage,us-central1,DevOps,7.66,29.41
2025-03-29,GCP,Cloud Storage,europe-west1,DevOps,5.33,20.6
2025-03-29,GCP,Cloud Storage,asia-south1,DevOps,8.66,16.04
2025-03-29,GCP,Compute Engine,us-central1,Finance,34.78,69.31
2025-03-29,GCP,Compute Engine,europe-west1,Finance,51.58,106.8
2025-03-29,GCP,Compute Engine,asia-south1,Marketing,62.85,135.92
2025-03-30,AWS,CloudFront,eu-west-1,QA,9.88,34.53
2025-03-30,AWS,EBS,us-west-2,Engineering,8.97,18.33
2025-03-30,AWS,EBS,eu-west-1,Engineering,10.35,20.19
2025-03-30,AWS,EBS,ap-south-1,Finance,7.38,25.96
2025-03-30,AWS,EC2,us-east-1,DevOps,40.13,106.28
2025-03-30,AWS,EC2,us-west-2,Marketing,36.78,101.31
2025-03-30,AWS,EC2,eu-west-1,Finance,29.33,69.66
2025-03-30,AWS,Lambda,us-west-2,DevOps,3.67,5.64
2025-03-30,AWS,Lambda,eu-west-1,QA,3.47,8.99
2025-03-30,AWS,Lambda,ap-south-1,Marketing,3.66,5.44
2025-03-30,AWS,RDS,us-east-1,Engineering,29.0,97.62
2025-03-30,AWS,RDS,us-west-2,Finance,47.39,101.62
2025-03-30,AWS,RDS,eu-west-1,QA,30.37,104.46
2025-03-30,AWS,RDS,ap-south-1,Engineering,39.64,55.85
2025-03-30,AWS,S3,us-east-1,DevOps,6.94,15.43
2025-03-30,AWS,S3,us-west-2,Marketing,6.59,21.22
2025-03-30,AWS,S3,eu-west-1,Engineering,5.18,20.68
2025-03-30,AWS,S3,ap-south-1,QA,9.19,20.82
2025-03-30,Azure,Blob Storage,East US,DevOps,10.32,39.68
2025-03-30,Azure,Blob Storage,West Europe,Engineering,7.07,18.2
2025-03-30,Azure,Blob Storage,Southeast Asia,Engineering,12.19,40.83
2025-03-30,Azure,CDN,East US,Data Science,9.22,18.49
2025-03-30,Azure,CDN,Southeast Asia,Engineering,8.49,20.4
2025-03-30,Azure,Functions,Central India,QA,5.99,15.88
2025-03-30,Azure,Functions,Southeast Asia,QA,6.5,17.1
2025-03-30,Azure,SQL Database,East US,QA,30.08,100.72
2025-03-30,Azure,SQL Database,Central India,DevOps,38.04,139.85
2025-03-30,Azure,Virtual Machines,East US,DevOps,48.05,76.77
2025-03-30,Azure,Virtual Machines,West Europe,QA,44.21,135.79
2025-03-30,Azure,Virtual Machines,Central India,Data Science,36.71,119.23
2025-03-30,Azure,Virtual Machines,Southeast Asia,Marketing,35.02,64.63
2025-03-30,GCP,BigQuery,us-central1,QA,23.11,77.96
2025-03-30,GCP,BigQuery,europe-west1,DevOps,15.57,21.31
2025-03-30,GCP,Cloud CDN,us-central1,Finance,12.33,31.36
2025-03-30,GCP,Cloud Functions,us-central1,DevOps,5.99,13.7
2025-03-30,GCP,Cloud Functions,asia-south1,Finance,3.41,7.84
2025-03-30,GCP,Cloud Storage,us-central1,DevOps,9.28,33.9
2025-03-30,GCP,Cloud Storage,europe-west1,DevOps,4.8,18.02
2025-03-30,GCP,Cloud Storage,asia-south1,DevOps,10.56,19.54
2025-03-30,GCP,Compute Engine,us-central1,Finance,32.86,64.8
2025-03-30,GCP,Compute Engine,europe-west1,Finance,53.18,110.53
2025-03-30,GCP,Compute Engine,asia-south1,Marketing,51.29,117.02
2025-03-31,AWS,CloudFront,eu-west-1,QA,10.08,35.99
2025-03-31,AWS,EBS,us-west-2,Engineering,10.19,19.29
2025-03-31,AWS,EBS,eu-west-1,Engineering,10.29,20.19
2025-03-31,AWS,EBS,ap-south-1,Finance,8.36,33.2
2025-03-31,AWS,EC2,us-east-1,DevOps,37.86,110.83
2025-03-31,AWS,EC2,us-west-2,Marketing,34.14,82.9
2025-03-31,AWS,EC2,eu-west-1,Finance,28.59,67.93
2025-03-31,AWS,Lambda,us-west-2,DevOps,3.62,5.6
2025-03-31,AWS,Lambda,eu-west-1,QA,3.65,9.03
2025-03-31,AWS,Lambda,ap-south-1,Marketing,3.89,5.72
2025-03-31,AWS,RDS,us-east-1,Engineering,23.9,80.11
2025-03-31,AWS,RDS,us-west-2,Finance,35.0,130.52
2025-03-31,AWS,RDS,eu-west-1,QA,26.93,82.66
2025-03-31,AWS,RDS,ap-south-1,Engineering,32.78,50.47
2025-03-31,AWS,S3,us-east-1,DevOps,5.85,12.11
2025-03-31,AWS,S3,us-west-2,Marketing,5.99,18.79
2025-03-31,AWS,S3,eu-west-1,Engineering,5.56,22.83
2025-03-31,AWS,S3,ap-south-1,QA,9.62,23.15
2025-03-31,Azure,Blob Storage,East US,DevOps,10.7,35.98
2025-03-31,Azure,Blob Storage,West Europe,Engineering,7.67,20.58
2025-03-31,Azure,Blob Storage,Southeast Asia,Engineering,11.86,44.2
2025-03-31,Azure,CDN,East US,Data Science,9.17,18.81
2025-03-31,Azure,CDN,Southeast Asia,Engineering,7.71,21.4
2025-03-31,Azure,Functions,Central India,QA,6.7,16.45
2025-03-31,Azure,Functions,Southeast Asia,QA,6.43,16.03
2025-03-31,Azure,SQL Database,East US,QA,24.94,84.22
2025-03-31,Azure,SQL Database,Central India,DevOps,35.54,115.94
2025-03-31,Azure,Virtual Machines,East US,DevOps,42.96,66.29
2025-03-31,Azure,Virtual Machines,West Europe,QA,45.4,149.81
2025-03-31,Azure,Virtual Machines,Central India,Data Science,35.5,107.47
2025-03-31,Azure,Virtual Machines,Southeast Asia,Marketing,38.3,74.01
2025-03-31,GCP,BigQuery,us-central1,QA,21.07,68.76
2025-03-31,GCP,BigQuery,europe-west1,DevOps,13.74,19.96
2025-03-31,GCP,Cloud CDN,us-central1,Finance,12.62,37.2
2025-03-31,GCP,Cloud Functions,us-central1,DevOps,6.82,15.8
2025-03-31,GCP,Cloud Functions,asia-south1,Finance,4.74,12.1
2025-03-31,GCP,Cloud Storage,us-central1,DevOps,8.42,29.51
2025-03-31,GCP,Cloud Storage,europe-west1,DevOps,4.63,18.02
2025-03-31,GCP,Cloud Storage,asia-south1,DevOps,9.63,18.37
2025-03-31,GCP,Compute Engine,us-central1,Finance,28.96,61.55
2025-03-31,GCP,Compute Engine,europe-west1,Finance,54.24,110.97
2025-03-31,GCP,Compute Engine,asia-south1,Marketing,57.88,145.66
2025-04-01,AWS,CloudFront,eu-west-1,QA,10.5,39.61
2025-04-01,AWS,EBS,us-west-2,Engineering,9.61,18.7
2025-04-01,AWS,EBS,eu-west-1,Engineering,9.95,19.7
2025-04-01,AWS,EBS,ap-south-1,Finance,7.39,30.94
2025-04-01,AWS,EC2,us-east-1,DevOps,36.37,106.0
2025-04-01,AWS,EC2,us-west-2,Marketing,36.42,96.03
2025-04-01,AWS,EC2,eu-west-1,Finance,33.53,92.16
2025-04-01,AWS,Lambda,us-west-2,DevOps,3.51,5.9
2025-04-01,AWS,Lambda,eu-west-1,QA,2.93,8.61
2025-04-01,AWS,Lambda,ap-south-1,Marketing,4.3,6.99
2025-04-01,AWS,RDS,us-east-1,Engineering,25.81,83.48
2025-04-01,AWS,RDS,us-west-2,Finance,27.7,110.59
2025-04-01,AWS,RDS,eu-west-1,QA,35.66,113.13
2025-04-01,AWS,RDS,ap-south-1,Engineering,42.97,67.22
2025-04-01,AWS,S3,us-east-1,DevOps,5.75,11.66
2025-04-01,AWS,S3,us-west-2,Marketing,7.34,23.44
2025-04-01,AWS,S3,eu-west-1,Engineering,4.89,19.85
2025-04-01,AWS,S3,ap-south-1,QA,10.5,22.65
2025-04-01,Azure,Blob Storage,East US,DevOps,9.12,33.68
2025-04-01,Azure,Blob Storage,West Europe,Engineering,7.04,16.3
2025-04-01,Azure,Blob Storage,Southeast Asia,Engineering,11.74,41.5
2025-04-01,Azure,CDN,East US,Data Science,9.16,19.15
2025-04-01,Azure,CDN,Southeast Asia,Engineering,9.27,22.66
2025-04-01,Azure,Functions,Central India,QA,6.55,16.58
2025-04-01,Azure,Functions,Southeast Asia,QA,6.36,15.24
2025-04-01,Azure,SQL Database,East US,QA,29.79,104.0
2025-04-01,Azure,SQL Database,Central India,DevOps,35.75,117.86
2025-04-01,Azure,Virtual Machines,East US,DevOps,44.32,69.42
2025-04-01,Azure,Virtual Machines,West Europe,QA,46.66,168.89
2025-04-01,Azure,Virtual Machines,Central India,Data Science,29.19,86.72
2025-04-01,Azure,Virtual Machines,Southeast Asia,Marketing,37.02,66.24
2025-04-01,GCP,BigQuery,us-central1,QA,22.65,68.08
2025-04-01,GCP,BigQuery,europe-west1,DevOps,14.43,22.99
2025-04-01,GCP,Cloud CDN,us-central1,Finance,13.54,40.93
2025-04-01,GCP,Cloud Functions,us-central1,DevOps,6.87,15.27
2025-04-01,GCP,Cloud Functions,asia-south1,Finance,3.54,8.35
2025-04-01,GCP,Cloud Storage,us-central1,DevOps,7.27,28.86
2025-04-01,GCP,Cloud Storage,europe-west1,DevOps,4.38,17.38
2025-04-01,GCP,Cloud Storage,asia-south1,DevOps,11.79,21.77
2025-04-01,GCP,Compute Engine,us-central1,Finance,32.88,74.92
2025-04-01,GCP,Compute Engine,europe-west1,Finance,57.28,119.42
2025-04-01,GCP,Compute Engine,asia-south1,Marketing,54.35,131.01
2025-04-02,AWS,CloudFront,eu-west-1,QA,10.77,36.89
2025-04-02,AWS,EBS,us-west-2,Engineering,9.42,19.23
2025-04-02,AWS,EBS,eu-west-1,Engineering,10.61,21.66
2025-04-02,AWS,EBS,ap-south-1,Finance,8.63,34.45
2025-04-02,AWS,EC2,us-east-1,DevOps,38.12,119.03
2025-04-02,AWS,EC2,us-west-2,Marketing,33.35,82.33
2025-04-02,AWS,EC2,eu-west-1,Finance,33.32,82.92
2025-04-02,AWS,Lambda,us-west-2,DevOps,3.21,5.74
2025-04-02,AWS,Lambda,eu-west-1,QA,3.54,8.6
2025-04-02,AWS,Lambda,ap-south-1,Marketing,4.12,6.22
2025-04-02,AWS,RDS,us-east-1,Engineering,24.49,76.91
2025-04-02,AWS,RDS,us-west-2,Finance,27.58,105.04
2025-04-02,AWS,RDS,eu-west-1,QA,33.54,105.56
2025-04-02,AWS,RDS,ap-south-1,Engineering,40.57,64.2
2025-04-02,AWS,S3,us-east-1,DevOps,6.35,12.22
2025-04-02,AWS,S3,us-west-2,Marketing,6.81,23.76
2025-04-02,AWS,S3,eu-west-1,Engineering,5.27,20.68
2025-04-02,AWS,S3,ap-south-1,QA,9.6,21.12
2025-04-02,Azure,Blob Storage,East US,DevOps,9.85,37.04
2025-04-02,Azure,Blob Storage,West Europe,Engineering,7.73,20.3
2025-04-02,Azure,Blob Storage,Southeast Asia,Engineering,11.05,43.08
2025-04-02,Azure,CDN,East US,Data Science,8.4,20.21
2025-04-02,Azure,CDN,Southeast Asia,Engineering,7.88,22.47
2025-04-02,Azure,Functions,Central India,QA,7.11,16.22
2025-04-02,Azure,Functions,Southeast Asia,QA,5.97,13.6
2025-04-02,Azure,SQL Database,East US,QA,29.48,92.69
2025-04-02,Azure,SQL Database,Central India,DevOps,38.77,127.16
2025-04-02,Azure,Virtual Machines,East US,DevOps,38.82,57.06
2025-04-02,Azure,Virtual Machines,West Europe,QA,53.93,176.2
2025-04-02,Azure,Virtual Machines,Central India,Data Science,34.32,111.4
2025-04-02,Azure,Virtual Machines,Southeast Asia,Marketing,35.68,60.87
2025-04-02,GCP,BigQuery,us-central1,QA,19.79,58.22
2025-04-02,GCP,BigQuery,europe-west1,DevOps,13.1,19.25
2025-04-02,GCP,Cloud CDN,us-central1,Finance,14.26,38.61
2025-04-02,GCP,Cloud Functions,us-central1,DevOps,6.36,16.86
2025-04-02,GCP,Cloud Functions,asia-south1,Finance,4.01,11.02
2025-04-02,GCP,Cloud Storage,us-central1,DevOps,8.62,29.86
2025-04-02,GCP,Cloud Storage,europe-west1,DevOps,5.62,21.09
2025-04-02,GCP,Cloud Storage,asia-south1,DevOps,10.3,18.59
2025-04-02,GCP,Compute Engine,us-central1,Finance,36.38,78.52
2025-04-02,GCP,Compute Engine,europe-west1,Finance,55.67,105.6
2025-04-02,GCP,Compute Engine,asia-south1,Marketing,54.63,133.46
2025-04-03,AWS,CloudFront,eu-west-1,QA,9.65,32.96
2025-04-03,AWS,EBS,us-west-2,Engineering,8.76,17.78
2025-04-03,AWS,EBS,eu-west-1,Engineering,10.82,21.27
2025-04-03,AWS,EBS,ap-south-1,Finance,8.43,29.05
2025-04-03,AWS,EC2,us-east-1,DevOps,33.88,95.41
2025-04-03,AWS,EC2,us-west-2,Marketing,37.51,88.61
2025-04-03,AWS,EC2,eu-west-1,Finance,31.58,73.51
2025-04-03,AWS,Lambda,us-west-2,DevOps,3.19,5.65
2025-04-03,AWS,Lambda,eu-west-1,QA,3.08,8.13
2025-04-03,AWS,Lambda,ap-south-1,Marketing,4.22,7.29
2025-04-03,AWS,RDS,us-east-1,Engineering,20.04,65.7
2025-04-03,AWS,RDS,us-west-2,Finance,32.84,127.07
2025-04-03,AWS,RDS,eu-west-1,QA,28.95,85.51
2025-04-03,AWS,RDS,ap-south-1,Engineering,32.03,46.16
2025-04-03,AWS,S3,us-east-1,DevOps,6.0,12.9
2025-04-03,AWS,S3,us-west-2,Marketing,6.32,21.32
2025-04-03,AWS,S3,eu-west-1,Engineering,5.15,17.78
2025-04-03,AWS,S3,ap-south-1,QA,9.58,23.58
2025-04-03,Azure,Blob Storage,East US,DevOps,9.52,36.19
2025-04-03,Azure,Blob Storage,West Europe,Engineering,7.91,19.23
2025-04-03,Azure,Blob Storage,Southeast Asia,Engineering,12.96,46.22
2025-04-03,Azure,CDN,East US,Data Science,10.33,22.23
2025-04-03,Azure,CDN,Southeast Asia,Engineering,8.65,24.37
2025-04-03,Azure,Functions,Central India,QA,6.34,15.9
2025-04-03,Azure,Functions,Southeast Asia,QA,7.39,19.25
2025-04-03,Azure,SQL Database,East US,QA,27.13,97.65
2025-04-03,Azure,SQL Database,Central India,DevOps,42.33,133.77
2025-04-03,Azure,Virtual Machines,East US,DevOps,41.31,62.83
2025-04-03,Azure,Virtual Machines,West Europe,QA,49.1,174.93
2025-04-03,Azure,Virtual Machines,Central India,Data Science,32.22,110.24
2025-04-03,Azure,Virtual Machines,Southeast Asia,Marketing,33.79,61.72
2025-04-03,GCP,BigQuery,us-central1,QA,24.03,77.23
2025-04-03,GCP,BigQuery,europe-west1,DevOps,12.47,20.46
2025-04-03,GCP,Cloud CDN,us-central1,Finance,11.11,29.82
2025-04-03,GCP,Cloud Functions,us-central1,DevOps,6.49,16.89
2025-04-03,GCP,Cloud Functions,asia-south1,Finance,4.08,10.39
2025-04-03,GCP,Cloud Storage,us-central1,DevOps,9.33,36.86
2025-04-03,GCP,Cloud Storage,europe-west1,DevOps,4.97,20.54
2025-04-03,GCP,Cloud Storage,asia-south1,DevOps,11.44,22.77
2025-04-03,GCP,Compute Engine,us-central1,Finance,33.94,77.33
2025-04-03,GCP,Compute Engine,europe-west1,Finance,59.63,125.65
2025-04-03,GCP,Compute Engine,asia-south1,Marketing,52.74,124.4
2025-04-04,AWS,CloudFront,eu-west-1,QA,10.26,32.31
2025-04-04,AWS,EBS,us-west-2,Engineering,9.45,18.61
2025-04-04,AWS,EBS,eu-west-1,Engineering,11.05,22.68
2025-04-04,AWS,EBS,ap-south-1,Finance,7.23,27.55
2025-04-04,AWS,EC2,us-east-1,DevOps,34.78,108.31
2025-04-04,AWS,EC2,us-west-2,Marketing,35.09,87.1
2025-04-04,AWS,EC2,eu-west-1,Finance,34.16,79.88
2025-04-04,AWS,Lambda,us-west-2,DevOps,3.19,5.83
2025-04-04,AWS,Lambda,eu-west-1,QA,3.22,8.52
2025-04-04,AWS,Lambda,ap-south-1,Marketing,4.87,7.6
2025-04-04,AWS,RDS,us-east-1,Engineering,24.6,69.57
2025-04-04,AWS,RDS,us-west-2,Finance,29.3,120.21
2025-04-04,AWS,RDS,eu-west-1,QA,34.33,110.83
2025-04-04,AWS,RDS,ap-south-1,Engineering,38.28,53.23
2025-04-04,AWS,S3,us-east-1,DevOps,6.0,13.69
2025-04-04,AWS,S3,us-west-2,Marketing,5.69,20.38
2025-04-04,AWS,S3,eu-west-1,Engineering,5.02,20.09
2025-04-04,AWS,S3,ap-south-1,QA,10.02,22.03
2025-04-04,Azure,Blob Storage,East US,DevOps,10.45,35.21
2025-04-04,Azure,Blob Storage,West Europe,Engineering,8.54,19.89
2025-04-04,Azure,Blob Storage,Southeast Asia,Engineering,11.51,37.45
2025-04-04,Azure,CDN,East US,Data Science,9.92,21.71
2025-04-04,Azure,CDN,Southeast Asia,Engineering,7.7,20.43
2025-04-04,Azure,Functions,Central India,QA,6.46,16.91
2025-04-04,Azure,Functions,Southeast Asia,QA,7.1,19.51
2025-04-04,Azure,SQL Database,East US,QA,30.01,97.33
2025-04-04,Azure,SQL Database,Central India,DevOps,36.44,118.76
2025-04-04,Azure,Virtual Machines,East US,DevOps,43.47,73.55
2025-04-04,Azure,Virtual Machines,West Europe,QA,52.88,167.08
2025-04-04,Azure,Virtual Machines,Central India,Data Science,31.5,103.36
2025-04-04,Azure,Virtual Machines,Southeast Asia,Marketing,30.15,60.53
2025-04-04,GCP,BigQuery,us-central1,QA,19.84,61.99
2025-04-04,GCP,BigQuery,europe-west1,DevOps,11.55,16.81
2025-04-04,GCP,Cloud CDN,us-central1,Finance,13.6,38.16
2025-04-04,GCP,Cloud Functions,us-central1,DevOps,7.3,17.03
2025-04-04,GCP,Cloud Functions,asia-south1,Finance,4.28,10.36
2025-04-04,GCP,Cloud Storage,us-central1,DevOps,7.7,25.99
2025-04-04,GCP,Cloud Storage,europe-west1,DevOps,5.36,21.88
2025-04-04,GCP,Cloud Storage,asia-south1,DevOps,11.16,23.81
2025-04-04,GCP,Compute Engine,us-central1,Finance,39.0,90.29
2025-04-04,GCP,Compute Engine,europe-west1,Finance,53.32,104.79
2025-04-04,GCP,Compute Engine,asia-south1,Marketing,58.44,149.37
2025-04-05,AWS,CloudFront,eu-west-1,QA,10.58,37.83
2025-04-05,AWS,EBS,us-west-2,Engineering,10.19,20.68
2025-04-05,AWS,EBS,eu-west-1,Engineering,12.27,23.46
2025-04-05,AWS,EBS,ap-south-1,Finance,6.92,27.01
2025-04-05,AWS,EC2,us-east-1,DevOps,31.53,100.98
2025-04-05,AWS,EC2,us-west-2,Marketing,40.02,114.75
2025-04-05,AWS,EC2,eu-west-1,Finance,35.11,83.74
2025-04-05,AWS,Lambda,us-west-2,DevOps,3.59,5.6
2025-04-05,AWS,Lambda,eu-west-1,QA,3.52,9.03
2025-04-05,AWS,Lambda,ap-south-1,Marketing,4.23,6.15
2025-04-05,AWS,RDS,us-east-1,Engineering,23.15,73.99
2025-04-05,AWS,RDS,us-west-2,Finance,30.15,106.56
2025-04-05,AWS,RDS,eu-west-1,QA,35.81,119.08
2025-04-05,AWS,RDS,ap-south-1,Engineering,35.57,49.35
2025-04-05,AWS,S3,us-east-1,DevOps,5.79,13.47
2025-04-05,AWS,S3,us-west-2,Marketing,6.29,21.45
2025-04-05,AWS,S3,eu-west-1,Engineering,5.81,23.52
2025-04-05,AWS,S3,ap-south-1,QA,9.78,23.82
2025-04-05,Azure,Blob Storage,East US,DevOps,9.77,37.72
2025-04-05,Azure,Blob Storage,West Europe,Engineering,6.71,17.08
2025-04-05,Azure,Blob Storage,Southeast Asia,Engineering,10.49,37.53
2025-04-05,Azure,CDN,East US,Data Science,9.26,21.36
2025-04-05,Azure,CDN,Southeast Asia,Engineering,7.58,20.34
2025-04-05,Azure,Functions,Central India,QA,6.65,15.01
2025-04-05,Azure,Functions,Southeast Asia,QA,7.52,17.44
2025-04-05,Azure,SQL Database,East US,QA,26.56,83.66
2025-04-05,Azure,SQL Database,Central India,DevOps,41.05,138.89
2025-04-05,Azure,Virtual Machines,East US,DevOps,41.03,69.94
2025-04-05,Azure,Virtual Machines,West Europe,QA,49.35,166.24
2025-04-05,Azure,Virtual Machines,Central India,Data Science,33.19,103.64
2025-04-05,Azure,Virtual Machines,Southeast Asia,Marketing,36.15,67.73
2025-04-05,GCP,BigQuery,us-central1,QA,23.29,75.51
2025-04-05,GCP,BigQuery,europe-west1,DevOps,13.4,21.58
2025-04-05,GCP,Cloud CDN,us-central1,Finance,14.16,40.46
2025-04-05,GCP,Cloud Functions,us-central1,DevOps,6.28,13.97
2025-04-05,GCP,Cloud Functions,asia-south1,Finance,3.62,8.64
2025-04-05,GCP,Cloud Storage,us-central1,DevOps,8.16,28.91
2025-04-05,GCP,Cloud Storage,europe-west1,DevOps,4.94,16.97
2025-04-05,GCP,Cloud Storage,asia-south1,DevOps,10.16,20.33
2025-04-05,GCP,Compute Engine,us-central1,Finance,33.65,69.68
2025-04-05,GCP,Compute Engine,europe-west1,Finance,55.95,112.6
2025-04-05,GCP,Compute Engine,asia-south1,Marketing,55.53,131.96
2025-04-06,AWS,CloudFront,eu-west-1,QA,10.0,31.65
2025-04-06,AWS,EBS,us-west-2,Engineering,9.25,17.93
2025-04-06,AWS,EBS,eu-west-1,Engineering,10.8,20.99
2025-04-06,AWS,EBS,ap-south-1,Finance,7.59,30.03
2025-04-06,AWS,EC2,us-east-1,DevOps,35.22,94.65
2025-04-06,AWS,EC2,us-west-2,Marketing,33.16,92.05
2025-04-06,AWS,EC2,eu-west-1,Finance,34.91,84.54
2025-04-06,AWS,Lambda,us-west-2,DevOps,3.34,5.47
2025-04-06,AWS,Lambda,eu-west-1,QA,3.95,10.7
2025-04-06,AWS,Lambda,ap-south-1,Marketing,4.47,7.31
2025-04-06,AWS,RDS,us-east-1,Engineering,24.94,83.7
2025-04-06,AWS,RDS,us-west-2,Finance,31.57,120.79
2025-04-06,AWS,RDS,eu-west-1,QA,34.6,118.87
2025-04-06,AWS,RDS,ap-south-1,Engineering,36.15,53.97
2025-04-06,AWS,S3,us-east-1,DevOps,6.2,13.4
2025-04-06,AWS,S3,us-west-2,Marketing,6.4,21.39
2025-04-06,AWS,S3,eu-west-1,Engineering,4.74,19.02
2025-04-06,AWS,S3,ap-south-1,QA,9.51,20.52
2025-04-06,Azure,Blob Storage,East US,DevOps,10.79,35.93
2025-04-06,Azure,Blob Storage,West Europe,Engineering,8.67,20.65
2025-04-06,Azure,Blob Storage,Southeast Asia,Engineering,11.03,41.96
2025-04-06,Azure,CDN,East US,Data Science,9.2,20.68
2025-04-06,Azure,CDN,Southeast Asia,Engineering,7.22,18.9
2025-04-06,Azure,Functions,Central India,QA,6.1,13.74
2025-04-06,Azure,Functions,Southeast Asia,QA,6.69,17.7
2025-04-06,Azure,SQL Database,East US,QA,24.82,79.01
2025-04-06,Azure,SQL Database,Central India,DevOps,40.38,137.51
2025-04-06,Azure,Virtual Machines,East US,DevOps,41.55,67.06
2025-04-06,Azure,Virtual Machines,West Europe,QA,47.7,169.31
2025-04-06,Azure,Virtual Machines,Central India,Data Science,37.13,118.46
2025-04-06,Azure,Virtual Machines,Southeast Asia,Marketing,37.02,75.84
2025-04-06,GCP,BigQuery,us-central1,QA,19.99,57.81
2025-04-06,GCP,BigQuery,europe-west1,DevOps,13.67,21.88
2025-04-06,GCP,Cloud CDN,us-central1,Finance,12.7,37.54
2025-04-06,GCP,Cloud Functions,us-central1,DevOps,6.83,16.84
2025-04-06,GCP,Cloud Functions,asia-south1,Finance,3.61,9.84
2025-04-06,GCP,Cloud Storage,us-central1,DevOps,8.51,28.61
2025-04-06,GCP,Cloud Storage,europe-west1,DevOps,4.67,16.78
2025-04-06,GCP,Cloud Storage,asia-south1,DevOps,11.19,23.03
2025-04-06,GCP,Compute Engine,us-central1,Finance,35.97,81.38
2025-04-06,GCP,Compute Engine,europe-west1,Finance,56.5,110.97
2025-04-06,GCP,Compute Engine,asia-south1,Marketing,52.52,114.0
2025-04-07,AWS,CloudFront,eu-west-1,QA,9.83,34.39
2025-04-07,AWS,EBS,us-west-2,Engineering,10.78,18.54
2025-04-07,AWS,EBS,eu-west-1,Engineering,11.17,23.71
2025-04-07,AWS,EBS,ap-south-1,Finance,8.35,33.24
2025-04-07,AWS,EC2,us-east-1,DevOps,38.76,120.15
2025-04-07,AWS,EC2,us-west-2,Marketing,34.84,99.6
2025-04-07,AWS,EC2,eu-west-1,Finance,30.37,80.58
2025-04-07,AWS,Lambda,us-west-2,DevOps,3.45,5.54
2025-04-07,AWS,Lambda,eu-west-1,QA,3.7,9.2
2025-04-07,AWS,Lambda,ap-south-1,Marketing,4.22,6.39
2025-04-07,AWS,RDS,us-east-1,Engineering,25.08,76.45
2025-04-07,AWS,RDS,us-west-2,Finance,33.14,122.76
2025-04-07,AWS,RDS,eu-west-1,QA,30.32,102.9
2025-04-07,AWS,RDS,ap-south-1,Engineering,38.5,63.54
2025-04-07,AWS,S3,us-east-1,DevOps,5.86,12.54
2025-04-07,AWS,S3,us-west-2,Marketing,6.73,22.65
2025-04-07,AWS,S3,eu-west-1,Engineering,5.47,20.78
2025-04-07,AWS,S3,ap-south-1,QA,9.06,21.07
2025-04-07,Azure,Blob Storage,East US,DevOps,12.28,44.68
2025-04-07,Azure,Blob Storage,West Europe,Engineering,7.92,21.26
2025-04-07,Azure,Blob Storage,Southeast Asia,Engineering,10.05,37.16
2025-04-07,Azure,CDN,East US,Data Science,8.65,20.21
2025-04-07,Azure,CDN,Southeast Asia,Engineering,7.29,18.53
2025-04-07,Azure,Functions,Central India,QA,6.19,14.47
2025-04-07,Azure,Functions,Southeast Asia,QA,6.69,15.69
2025-04-07,Azure,SQL Database,East US,QA,29.85,98.4
2025-04-07,Azure,SQL Database,Central India,DevOps,36.73,122.64
2025-04-07,Azure,Virtual Machines,East US,DevOps,43.41,68.53
2025-04-07,Azure,Virtual Machines,West Europe,QA,44.51,160.27
2025-04-07,Azure,Virtual Machines,Central India,Data Science,70.53,106.86
2025-04-07,Azure,Virtual Machines,Southeast Asia,Marketing,31.12,58.36
2025-04-07,GCP,BigQuery,us-central1,QA,25.32,73.62
2025-04-07,GCP,BigQuery,europe-west1,DevOps,14.11,19.16
2025-04-07,GCP,Cloud CDN,us-central1,Finance,11.72,31.45
2025-04-07,GCP,Cloud Functions,us-central1,DevOps,6.32,15.35
2025-04-07,GCP,Cloud Functions,asia-south1,Finance,4.19,11.17
2025-04-07,GCP,Cloud Storage,us-central1,DevOps,7.19,23.46
2025-04-07,GCP,Cloud Storage,europe-west1,DevOps,5.43,19.65
2025-04-07,GCP,Cloud Storage,asia-south1,DevOps,12.4,26.58
2025-04-07,GCP,Compute Engine,us-central1,Finance,34.77,67.12
2025-04-07,GCP,Compute Engine,europe-west1,Finance,56.26,113.72
2025-04-07,GCP,Compute Engine,asia-south1,Marketing,63.33,162.19
2025-04-08,AWS,CloudFront,eu-west-1,QA,10.79,40.0
2025-04-08,AWS,EBS,us-west-2,Engineering,10.59,18.36
2025-04-08,AWS,EBS,eu-west-1,Engineering,10.32,19.72
2025-04-08,AWS,EBS,ap-south-1,Finance,7.37,28.44
2025-04-08,AWS,EC2,us-east-1,DevOps,35.52,105.9
2025-04-08,AWS,EC2,us-west-2,Marketing,31.57,82.45
2025-04-08,AWS,EC2,eu-west-1,Finance,34.41,82.33
2025-04-08,AWS,Lambda,us-west-2,DevOps,3.58,6.46
2025-04-08,AWS,Lambda,eu-west-1,QA,3.61,10.2
2025-04-08,AWS,Lambda,ap-south-1,Marketing,4.22,6.19
2025-04-08,AWS,RDS,us-east-1,Engineering,25.98,75.14
2025-04-08,AWS,RDS,us-west-2,Finance,29.79,101.0
2025-04-08,AWS,RDS,eu-west-1,QA,30.83,97.95
2025-04-08,AWS,RDS,ap-south-1,Engineering,40.74,58.24
2025-04-08,AWS,S3,us-east-1,DevOps,5.91,11.56
2025-04-08,AWS,S3,us-west-2,Marketing,6.87,24.64
2025-04-08,AWS,S3,eu-west-1,Engineering,5.21,18.69
2025-04-08,AWS,S3,ap-south-1,QA,9.71,21.52
2025-04-08,Azure,Blob Storage,East US,DevOps,10.8,38.7
2025-04-08,Azure,Blob Storage,West Europe,Engineering,8.06,18.46
2025-04-08,Azure,Blob Storage,Southeast Asia,Engineering,11.39,44.72
2025-04-08,Azure,CDN,East US,Data Science,8.23,17.96
2025-04-08,Azure,CDN,Southeast Asia,Engineering,7.83,19.77
2025-04-08,Azure,Functions,Central India,QA,7.18,16.29
2025-04-08,Azure,Functions,Southeast Asia,QA,7.34,19.57
2025-04-08,Azure,SQL Database,East US,QA,27.59,98.48
2025-04-08,Azure,SQL Database,Central India,DevOps,41.13,143.19
2025-04-08,Azure,Virtual Machines,East US,DevOps,36.83,60.64
2025-04-08,Azure,Virtual Machines,West Europe,QA,54.96,182.04
2025-04-08,Azure,Virtual Machines,Central India,Data Science,32.76,108.88
2025-04-08,Azure,Virtual Machines,Southeast Asia,Marketing,32.18,57.61
2025-04-08,GCP,BigQuery,us-central1,QA,22.06,67.29
2025-04-08,GCP,BigQuery,europe-west1,DevOps,12.64,18.67
2025-04-08,GCP,Cloud CDN,us-central1,Finance,13.33,38.65
2025-04-08,GCP,Cloud Functions,us-central1,DevOps,7.31,19.05
2025-04-08,GCP,Cloud Functions,asia-south1,Finance,4.04,10.76
2025-04-08,GCP,Cloud Storage,us-central1,DevOps,6.76,23.32
2025-04-08,GCP,Cloud Storage,europe-west1,DevOps,5.31,18.77
2025-04-08,GCP,Cloud Storage,asia-south1,DevOps,11.0,20.05
2025-04-08,GCP,Compute Engine,us-central1,Finance,31.78,67.13
2025-04-08,GCP,Compute Engine,europe-west1,Finance,61.07,127.11
2025-04-08,GCP,Compute Engine,asia-south1,Marketing,57.27,125.08
2025-04-09,AWS,CloudFront,eu-west-1,QA,10.1,35.65
2025-04-09,AWS,EBS,us-west-2,Engineering,9.51,19.9
2025-04-09,AWS,EBS,eu-west-1,Engineering,11.49,24.85
2025-04-09,AWS,EBS,ap-south-1,Finance,8.27,29.77
2025-04-09,AWS,EC2,us-east-1,DevOps,34.03,99.27
2025-04-09,AWS,EC2,us-west-2,Marketing,33.09,79.87
2025-04-09,AWS,EC2,eu-west-1,Finance,32.5,77.12
2025-04-09,AWS,Lambda,us-west-2,DevOps,3.25,5.44
2025-04-09,AWS,Lambda,eu-west-1,QA,3.62,9.34
2025-04-09,AWS,Lambda,ap-south-1,Marketing,3.93,6.11
2025-04-09,AWS,RDS,us-east-1,Engineering,24.21,74.78
2025-04-09,AWS,RDS,us-west-2,Finance,34.48,116.24
2025-04-09,AWS,RDS,eu-west-1,QA,31.41,103.97
2025-04-09,AWS,RDS,ap-south-1,Engineering,36.32,52.35
2025-04-09,AWS,S3,us-east-1,DevOps,6.66,14.34
2025-04-09,AWS,S3,us-west-2,Marketing,7.0,24.38
2025-04-09,AWS,S3,eu-west-1,Engineering,5.56,22.54
2025-04-09,AWS,S3,ap-south-1,QA,10.54,23.01
2025-04-09,Azure,Blob Storage,East US,DevOps,11.5,39.34
2025-04-09,Azure,Blob Storage,West Europe,Engineering,8.96,20.78
2025-04-09,Azure,Blob Storage,Southeast Asia,Engineering,11.2,42.96
2025-04-09,Azure,CDN,East US,Data Science,8.71,20.85
2025-04-09,Azure,CDN,Southeast Asia,Engineering,9.03,25.31
2025-04-09,Azure,Functions,Central India,QA,6.33,14.19
2025-04-09,Azure,Functions,Southeast Asia,QA,7.69,18.86
2025-04-09,Azure,SQL Database,East US,QA,29.22,100.44
2025-04-09,Azure,SQL Database,Central India,DevOps,41.02,138.93
2025-04-09,Azure,Virtual Machines,East US,DevOps,41.07,66.26
2025-04-09,Azure,Virtual Machines,West Europe,QA,52.84,180.4
2025-04-09,Azure,Virtual Machines,Central India,Data Science,34.83,111.22
2025-04-09,Azure,Virtual Machines,Southeast Asia,Marketing,36.55,64.29
2025-04-09,GCP,BigQuery,us-central1,QA,25.74,76.83
2025-04-09,GCP,BigQuery,europe-west1,DevOps,13.92,20.04
2025-04-09,GCP,Cloud CDN,us-central1,Finance,12.83,33.48
2025-04-09,GCP,Cloud Functions,us-central1,DevOps,7.09,17.17
2025-04-09,GCP,Cloud Functions,asia-south1,Finance,4.06,9.51
2025-04-09,GCP,Cloud Storage,us-central1,DevOps,8.06,26.78
2025-04-09,GCP,Cloud Storage,europe-west1,DevOps,5.1,18.5
2025-04-09,GCP,Cloud Storage,asia-south1,DevOps,10.69,20.77
2025-04-09,GCP,Compute Engine,us-central1,Finance,33.43,69.03
2025-04-09,GCP,Compute Engine,europe-west1,Finance,59.2,128.45
2025-04-09,GCP,Compute Engine,asia-south1,Marketing,50.06,129.76
2025-04-10,AWS,CloudFront,eu-west-1,QA,9.3,31.02
2025-04-10,AWS,EBS,us-west-2,Engineering,9.36,16.6
2025-04-10,AWS,EBS,eu-west-1,Engineering,12.88,23.82
2025-04-10,AWS,EBS,ap-south-1,Finance,8.49,35.23
2025-04-10,AWS,EC2,us-east-1,DevOps,35.4,102.01
2025-04-10,AWS,EC2,us-west-2,Marketing,36.43,96.29
2025-04-10,AWS,EC2,eu-west-1,Finance,36.54,98.83
2025-04-10,AWS,Lambda,us-west-2,DevOps,3.35,5.1
2025-04-10,AWS,Lambda,eu-west-1,QA,3.43,9.34
2025-04-10,AWS,Lambda,ap-south-1,Marketing,4.41,7.6
2025-04-10,AWS,RDS,us-east-1,Engineering,24.55,80.56
2025-04-10,AWS,RDS,us-west-2,Finance,25.61,88.33
2025-04-10,AWS,RDS,eu-west-1,QA,35.25,118.48
2025-04-10,AWS,RDS,ap-south-1,Engineering,36.51,50.91
2025-04-10,AWS,S3,us-east-1,DevOps,6.5,13.53
2025-04-10,AWS,S3,us-west-2,Marketing,5.75,17.13
2025-04-10,AWS,S3,eu-west-1,Engineering,5.26,20.84
2025-04-10,AWS,S3,ap-south-1,QA,11.12,26.69
2025-04-10,Azure,Blob Storage,East US,DevOps,9.39,32.68
2025-04-10,Azure,Blob Storage,West Europe,Engineering,9.25,23.41
2025-04-10,Azure,Blob Storage,Southeast Asia,Engineering,12.81,46.22
2025-04-10,Azure,CDN,East US,Data Science,10.26,23.8
2025-04-10,Azure,CDN,Southeast Asia,Engineering,8.38,22.11
2025-04-10,Azure,Functions,Central India,QA,7.27,18.32
2025-04-10,Azure,Functions,Southeast Asia,QA,7.78,20.42
2025-04-10,Azure,SQL Database,East US,QA,32.07,106.9
2025-04-10,Azure,SQL Database,Central India,DevOps,31.54,119.78
2025-04-10,Azure,Virtual Machines,East US,DevOps,45.79,79.3
2025-04-10,Azure,Virtual Machines,West Europe,QA,53.45,159.87
2025-04-10,Azure,Virtual Machines,Central India,Data Science,33.57,114.78
2025-04-10,Azure,Virtual Machines,Southeast Asia,Marketing,36.93,71.91
2025-04-10,GCP,BigQuery,us-central1,QA,20.89,67.07
2025-04-10,GCP,BigQuery,europe-west1,DevOps,11.89,17.83
2025-04-10,GCP,Cloud CDN,us-central1,Finance,16.75,47.79
2025-04-10,GCP,Cloud Functions,us-central1,DevOps,6.02,15.96
2025-04-10,GCP,Cloud Functions,asia-south1,Finance,4.34,11.36
2025-04-10,GCP,Cloud Storage,us-central1,DevOps,7.46,29.67
2025-04-10,GCP,Cloud Storage,europe-west1,DevOps,5.35,19.84
2025-04-10,GCP,Cloud Storage,asia-south1,DevOps,11.4,22.68
2025-04-10,GCP,Compute Engine,us-central1,Finance,36.74,73.31
2025-04-10,GCP,Compute Engine,europe-west1,Finance,49.99,101.25
2025-04-10,GCP,Compute Engine,asia-south1,Marketing,54.31,126.34
2025-04-11,AWS,CloudFront,eu-west-1,QA,11.47,42.38
2025-04-11,AWS,EBS,us-west-2,Engineering,7.69,14.4
2025-04-11,AWS,EBS,eu-west-1,Engineering,12.2,22.9
2025-04-11,AWS,EBS,ap-south-1,Finance,7.3,28.92
2025-04-11,AWS,EC2,us-east-1,DevOps,38.75,119.94
2025-04-11,AWS,EC2,us-west-2,Marketing,38.04,98.67
2025-04-11,AWS,EC2,eu-west-1,Finance,31.95,84.87
2025-04-11,AWS,Lambda,us-west-2,DevOps,3.6,6.3
2025-04-11,AWS,Lambda,eu-west-1,QA,3.5,9.75
2025-04-11,AWS,Lambda,ap-south-1,Marketing,5.17,8.01
2025-04-11,AWS,RDS,us-east-1,Engineering,26.91,77.82
2025-04-11,AWS,RDS,us-west-2,Finance,32.93,126.62
2025-04-11,AWS,RDS,eu-west-1,QA,34.38,108.87
2025-04-11,AWS,RDS,ap-south-1,Engineering,39.19,60.64
2025-04-11,AWS,S3,us-east-1,DevOps,6.81,14.84
2025-04-11,AWS,S3,us-west-2,Marketing,6.74,22.34
2025-04-11,AWS,S3,eu-west-1,Engineering,5.81,24.14
2025-04-11,AWS,S3,ap-south-1,QA,10.01,25.73
2025-04-11,Azure,Blob Storage,East US,DevOps,10.35,34.98
2025-04-11,Azure,Blob Storage,West Europe,Engineering,7.95,20.39
2025-04-11,Azure,Blob Storage,Southeast Asia,Engineering,12.75,43.1
2025-04-11,Azure,CDN,East US,Data Science,9.15,19.64
2025-04-11,Azure,CDN,Southeast Asia,Engineering,7.07,19.56
2025-04-11,Azure,Functions,Central India,QA,7.0,16.05
2025-04-11,Azure,Functions,Southeast Asia,QA,6.6,18.04
2025-04-11,Azure,SQL Database,East US,QA,26.49,81.1
2025-04-11,Azure,SQL Database,Central India,DevOps,40.38,148.78
2025-04-11,Azure,Virtual Machines,East US,DevOps,41.93,62.1
2025-04-11,Azure,Virtual Machines,West Europe,QA,53.1,167.66
2025-04-11,Azure,Virtual Machines,Central India,Data Science,34.23,117.33
2025-04-11,Azure,Virtual Machines,Southeast Asia,Marketing,33.25,62.76
2025-04-11,GCP,BigQuery,us-central1,QA,21.66,66.12
2025-04-11,GCP,BigQuery,europe-west1,DevOps,13.42,20.05
2025-04-11,GCP,Cloud CDN,us-central1,Finance,13.5,36.91
2025-04-11,GCP,Cloud Functions,us-central1,DevOps,6.67,15.15
2025-04-11,GCP,Cloud Functions,asia-south1,Finance,3.95,10.85
2025-04-11,GCP,Cloud Storage,us-central1,DevOps,7.89,30.07
2025-04-11,GCP,Cloud Storage,europe-west1,DevOps,4.84,16.6
2025-04-11,GCP,Cloud Storage,asia-south1,DevOps,11.55,21.8
2025-04-11,GCP,Compute Engine,us-central1,Finance,32.95,69.01
2025-04-11,GCP,Compute Engine,europe-west1,Finance,55.67,109.12
2025-04-11,GCP,Compute Engine,asia-south1,Marketing,50.87,109.67
2025-04-12,AWS,CloudFront,eu-west-1,QA,9.48,31.62
2025-04-12,AWS,EBS,us-west-2,Engineering,9.07,18.82
2025-04-12,AWS,EBS,eu-west-1,Engineering,12.36,24.28
2025-04-12,AWS,EBS,ap-south-1,Finance,7.4,26.73
2025-04-12,AWS,EC2,us-east-1,DevOps,36.07,108.59
2025-04-12,AWS,EC2,us-west-2,Marketing,43.39,121.43
2025-04-12,AWS,EC2,eu-west-1,Finance,31.52,79.91
2025-04-12,AWS,Lambda,us-west-2,DevOps,3.45,5.66
2025-04-12,AWS,Lambda,eu-west-1,QA,3.81,10.96
2025-04-12,AWS,Lambda,ap-south-1,Marketing,4.35,6.65
2025-04-12,AWS,RDS,us-east-1,Engineering,23.94,70.72
2025-04-12,AWS,RDS,us-west-2,Finance,29.11,110.17
2025-04-12,AWS,RDS,eu-west-1,QA,40.68,119.08
2025-04-12,AWS,RDS,ap-south-1,Engineering,40.0,62.8
2025-04-12,AWS,S3,us-east-1,DevOps,5.72,11.93
2025-04-12,AWS,S3,us-west-2,Marketing,6.57,22.46
2025-04-12,AWS,S3,eu-west-1,Engineering,5.05,17.83
2025-04-12,AWS,S3,ap-south-1,QA,10.42,22.49
2025-04-12,Azure,Blob Storage,East US,DevOps,10.65,38.03
2025-04-12,Azure,Blob Storage,West Europe,Engineering,7.98,21.04
2025-04-12,Azure,Blob Storage,Southeast Asia,Engineering,12.47,40.33
2025-04-12,Azure,CDN,East US,Data Science,10.31,22.04
2025-04-12,Azure,CDN,Southeast Asia,Engineering,8.83,23.02
2025-04-12,Azure,Functions,Central India,QA,5.88,14.77
2025-04-12,Azure,Functions,Southeast Asia,QA,7.84,20.22
2025-04-12,Azure,SQL Database,East US,QA,27.93,85.26
2025-04-12,Azure,SQL Database,Central India,DevOps,42.34,159.65
2025-04-12,Azure,Virtual Machines,East US,DevOps,51.67,80.76
2025-04-12,Azure,Virtual Machines,West Europe,QA,46.89,148.85
2025-04-12,Azure,Virtual Machines,Central India,Data Science,37.87,115.01
2025-04-12,Azure,Virtual Machines,Southeast Asia,Marketing,34.61,66.21
2025-04-12,GCP,BigQuery,us-central1,QA,24.75,80.45
2025-04-12,GCP,BigQuery,europe-west1,DevOps,13.98,22.75
2025-04-12,GCP,Cloud CDN,us-central1,Finance,12.71,36.11
2025-04-12,GCP,Cloud Functions,us-central1,DevOps,5.71,13.73
2025-04-12,GCP,Cloud Functions,asia-south1,Finance,4.0,10.77
2025-04-12,GCP,Cloud Storage,us-central1,DevOps,8.73,28.49
2025-04-12,GCP,Cloud Storage,europe-west1,DevOps,5.72,19.94
2025-04-12,GCP,Cloud Storage,asia-south1,DevOps,10.85,21.72
2025-04-12,GCP,Compute Engine,us-central1,Finance,35.15,73.7
2025-04-12,GCP,Compute Engine,europe-west1,Finance,56.43,114.39
2025-04-12,GCP,Compute Engine,asia-south1,Marketing,55.07,139.24
2025-04-13,AWS,CloudFront,eu-west-1,QA,10.36,37.91
2025-04-13,AWS,EBS,us-west-2,Engineering,9.07,16.26
2025-04-13,AWS,EBS,eu-west-1,Engineering,12.34,25.87
2025-04-13,AWS,EBS,ap-south-1,Finance,8.32,30.58
2025-04-13,AWS,EC2,us-east-1,DevOps,39.56,122.92
2025-04-13,AWS,EC2,us-west-2,Marketing,35.0,84.27
2025-04-13,AWS,EC2,eu-west-1,Finance,31.03,80.49
2025-04-13,AWS,Lambda,us-west-2,DevOps,3.49,5.9
2025-04-13,AWS,Lambda,eu-west-1,QA,3.29,9.38
2025-04-13,AWS,Lambda,ap-south-1,Marketing,4.25,6.62
2025-04-13,AWS,RDS,us-east-1,Engineering,21.94,64.0
2025-04-13,AWS,RDS,us-west-2,Finance,34.84,131.48
2025-04-13,AWS,RDS,eu-west-1,QA,29.03,90.92
2025-04-13,AWS,RDS,ap-south-1,Engineering,35.36,55.12
2025-04-13,AWS,S3,us-east-1,DevOps,6.63,13.4
2025-04-13,AWS,S3,us-west-2,Marketing,8.12,28.08
2025-04-13,AWS,S3,eu-west-1,Engineering,6.0,21.49
2025-04-13,AWS,S3,ap-south-1,QA,10.1,23.54
2025-04-13,Azure,Blob Storage,East US,DevOps,10.58,34.78
2025-04-13,Azure,Blob Storage,West Europe,Engineering,8.23,19.75
2025-04-13,Azure,Blob Storage,Southeast Asia,Engineering,13.27,52.22
2025-04-13,Azure,CDN,East US,Data Science,9.52,22.62
2025-04-13,Azure,CDN,Southeast Asia,Engineering,8.32,20.79
2025-04-13,Azure,Functions,Central India,QA,7.03,18.33
2025-04-13,Azure,Functions,Southeast Asia,QA,8.22,22.43
2025-04-13,Azure,SQL Database,East US,QA,31.96,104.99
2025-04-13,Azure,SQL Database,Central India,DevOps,34.99,122.87
2025-04-13,Azure,Virtual Machines,East US,DevOps,44.11,75.48
2025-04-13,Azure,Virtual Machines,West Europe,QA,51.07,155.83
2025-04-13,Azure,Virtual Machines,Central India,Data Science,35.08,120.45
2025-04-13,Azure,Virtual Machines,Southeast Asia,Marketing,31.09,61.25
2025-04-13,GCP,BigQuery,us-central1,QA,20.09,66.38
2025-04-13,GCP,BigQuery,europe-west1,DevOps,14.15,19.95
2025-04-13,GCP,Cloud CDN,us-central1,Finance,11.73,31.53
2025-04-13,GCP,Cloud Functions,us-central1,DevOps,7.39,19.84
2025-04-13,GCP,Cloud Functions,asia-south1,Finance,4.39,10.36
2025-04-13,GCP,Cloud Storage,us-central1,DevOps,8.48,29.03
2025-04-13,GCP,Cloud Storage,europe-west1,DevOps,5.84,20.25
2025-04-13,GCP,Cloud Storage,asia-south1,DevOps,8.63,17.32
2025-04-13,GCP,Compute Engine,us-central1,Finance,32.54,73.26
2025-04-13,GCP,Compute Engine,europe-west1,Finance,66.61,140.47
2025-04-13,GCP,Compute Engine,asia-south1,Marketing,59.91,129.7
2025-04-14,AWS,CloudFront,eu-west-1,QA,10.77,38.48
2025-04-14,AWS,EBS,us-west-2,Engineering,8.89,18.13
2025-04-14,AWS,EBS,eu-west-1,Engineering,11.13,23.05
2025-04-14,AWS,EBS,ap-south-1,Finance,8.01,33.13
2025-04-14,AWS,EC2,us-east-1,DevOps,33.36,105.58
2025-04-14,AWS,EC2,us-west-2,Marketing,32.84,85.78
2025-04-14,AWS,EC2,eu-west-1,Finance,33.33,82.39
2025-04-14,AWS,Lambda,us-west-2,DevOps,3.27,5.93
2025-04-14,AWS,Lambda,eu-west-1,QA,3.9,10.64
2025-04-14,AWS,Lambda,ap-south-1,Marketing,4.76,6.78
2025-04-14,AWS,RDS,us-east-1,Engineering,26.18,87.05
2025-04-14,AWS,RDS,us-west-2,Finance,31.95,108.12
2025-04-14,AWS,RDS,eu-west-1,QA,33.46,113.35
2025-04-14,AWS,RDS,ap-south-1,Engineering,44.02,71.52
2025-04-14,AWS,S3,us-east-1,DevOps,7.77,15.22
2025-04-14,AWS,S3,us-west-2,Marketing,6.76,20.99
2025-04-14,AWS,S3,eu-west-1,Engineering,5.51,19.69
2025-04-14,AWS,S3,ap-south-1,QA,9.88,24.36
2025-04-14,Azure,Blob Storage,East US,DevOps,12.15,47.45
2025-04-14,Azure,Blob Storage,West Europe,Engineering,8.06,21.72
2025-04-14,Azure,Blob Storage,Southeast Asia,Engineering,11.24,43.9
2025-04-14,Azure,CDN,East US,Data Science,8.93,20.26
2025-04-14,Azure,CDN,Southeast Asia,Engineering,9.38,22.39
2025-04-14,Azure,Functions,Central India,QA,7.06,17.7
2025-04-14,Azure,Functions,Southeast Asia,QA,7.63,18.2
2025-04-14,Azure,SQL Database,East US,QA,30.09,103.29
2025-04-14,Azure,SQL Database,Central India,DevOps,34.73,124.85
2025-04-14,Azure,Virtual Machines,East US,DevOps,37.54,64.19
2025-04-14,Azure,Virtual Machines,West Europe,QA,54.7,173.67
2025-04-14,Azure,Virtual Machines,Central India,Data Science,30.48,104.04
2025-04-14,Azure,Virtual Machines,Southeast Asia,Marketing,40.68,79.69
2025-04-14,GCP,BigQuery,us-central1,QA,21.53,63.28
2025-04-14,GCP,BigQuery,europe-west1,DevOps,14.41,20.32
2025-04-14,GCP,Cloud CDN,us-central1,Finance,12.34,32.57
2025-04-14,GCP,Cloud Functions,us-central1,DevOps,8.07,18.0
2025-04-14,GCP,Cloud Functions,asia-south1,Finance,4.05,11.28
2025-04-14,GCP,Cloud Storage,us-central1,DevOps,8.53,31.94
2025-04-14,GCP,Cloud Storage,europe-west1,DevOps,5.65,19.36
2025-04-14,GCP,Cloud Storage,asia-south1,DevOps,10.51,21.98
2025-04-14,GCP,Compute Engine,us-central1,Finance,37.0,84.25
2025-04-14,GCP,Compute Engine,europe-west1,Finance,55.68,109.68
2025-04-14,GCP,Compute Engine,asia-south1,Marketing,61.48,135.48
2025-04-15,AWS,CloudFront,eu-west-1,QA,10.95,35.75
2025-04-15,AWS,EBS,us-west-2,Engineering,10.07,20.45
2025-04-15,AWS,EBS,eu-west-1,Engineering,12.07,22.33
2025-04-15,AWS,EBS,ap-south-1,Finance,7.53,30.94
2025-04-15,AWS,EC2,us-east-1,DevOps,34.9,104.61
2025-04-15,AWS,EC2,us-west-2,Marketing,37.88,92.22
2025-04-15,AWS,EC2,eu-west-1,Finance,34.28,87.74
2025-04-15,AWS,Lambda,us-west-2,DevOps,3.54,5.66
2025-04-15,AWS,Lambda,eu-west-1,QA,3.63,9.48
2025-04-15,AWS,Lambda,ap-south-1,Marketing,4.75,6.94
2025-04-15,AWS,RDS,us-east-1,Engineering,28.23,80.85
2025-04-15,AWS,RDS,us-west-2,Finance,30.08,111.65
2025-04-15,AWS,RDS,eu-west-1,QA,28.58,92.36
2025-04-15,AWS,RDS,ap-south-1,Engineering,36.92,55.8
2025-04-15,AWS,S3,us-east-1,DevOps,6.5,13.35
2025-04-15,AWS,S3,us-west-2,Marketing,6.43,22.72
2025-04-15,AWS,S3,eu-west-1,Engineering,4.97,19.93
2025-04-15,AWS,S3,ap-south-1,QA,10.42,24.49
2025-04-15,Azure,Blob Storage,East US,DevOps,10.02,33.86
2025-04-15,Azure,Blob Storage,West Europe,Engineering,7.59,20.85
2025-04-15,Azure,Blob Storage,Southeast Asia,Engineering,12.81,43.93
2025-04-15,Azure,CDN,East US,Data Science,9.09,20.37
2025-04-15,Azure,CDN,Southeast Asia,Engineering,8.08,20.27
2025-04-15,Azure,Functions,Central India,QA,7.05,15.84
2025-04-15,Azure,Functions,Southeast Asia,QA,8.12,22.4
2025-04-15,Azure,SQL Database,East US,QA,27.12,93.51
2025-04-15,Azure,SQL Database,Central India,DevOps,39.68,128.54
2025-04-15,Azure,Virtual Machines,East US,DevOps,45.93,72.47
2025-04-15,Azure,Virtual Machines,West Europe,QA,54.49,174.49
2025-04-15,Azure,Virtual Machines,Central India,Data Science,36.07,115.99
2025-04-15,Azure,Virtual Machines,Southeast Asia,Marketing,33.02,56.23
2025-04-15,GCP,BigQuery,us-central1,QA,23.84,81.05
2025-04-15,GCP,BigQuery,europe-west1,DevOps,14.19,19.68
2025-04-15,GCP,Cloud CDN,us-central1,Finance,14.42,39.6
2025-04-15,GCP,Cloud Functions,us-central1,DevOps,5.77,13.93
2025-04-15,GCP,Cloud Functions,asia-south1,Finance,3.69,8.63
2025-04-15,GCP,Cloud Storage,us-central1,DevOps,8.13,28.85
2025-04-15,GCP,Cloud Storage,europe-west1,DevOps,5.2,19.52
2025-04-15,GCP,Cloud Storage,asia-south1,DevOps,10.2,21.3
2025-04-15,GCP,Compute Engine,us-central1,Finance,34.88,76.28
2025-04-15,GCP,Compute Engine,europe-west1,Finance,53.04,105.94
2025-04-15,GCP,Compute Engine,asia-south1,Marketing,62.9,145.81
2025-04-16,AWS,CloudFront,eu-west-1,QA,10.78,40.72
2025-04-16,AWS,EBS,us-west-2,Engineering,10.42,21.82
2025-04-16,AWS,EBS,eu-west-1,Engineering,12.77,23.95
2025-04-16,AWS,EBS,ap-south-1,Finance,7.8,29.16
2025-04-16,AWS,EC2,us-east-1,DevOps,36.24,116.33
2025-04-16,AWS,EC2,us-west-2,Marketing,32.72,82.67
2025-04-16,AWS,EC2,eu-west-1,Finance,34.56,88.9
2025-04-16,AWS,Lambda,us-west-2,DevOps,4.09,6.52
2025-04-16,AWS,Lambda,eu-west-1,QA,4.02,10.75
2025-04-16,AWS,Lambda,ap-south-1,Marketing,4.57,7.71
2025-04-16,AWS,RDS,us-east-1,Engineering,27.6,89.85
2025-04-16,AWS,RDS,us-west-2,Finance,33.71,136.58
2025-04-16,AWS,RDS,eu-west-1,QA,35.61,117.98
2025-04-16,AWS,RDS,ap-south-1,Engineering,42.2,59.27
2025-04-16,AWS,S3,us-east-1,DevOps,7.19,14.09
2025-04-16,AWS,S3,us-west-2,Marketing,6.86,24.66
2025-04-16,AWS,S3,eu-west-1,Engineering,5.9,20.96
2025-04-16,AWS,S3,ap-south-1,QA,11.03,27.73
2025-04-16,Azure,Blob Storage,East US,DevOps,11.0,42.93
2025-04-16,Azure,Blob Storage,West Europe,Engineering,8.6,21.68
2025-04-16,Azure,Blob Storage,Southeast Asia,Engineering,11.13,41.09
2025-04-16,Azure,CDN,East US,Data Science,9.91,22.8
2025-04-16,Azure,CDN,Southeast Asia,Engineering,7.85,21.96
2025-04-16,Azure,Functions,Central India,QA,6.78,16.74
2025-04-16,Azure,Functions,Southeast Asia,QA,7.8,21.1
2025-04-16,Azure,SQL Database,East US,QA,26.7,82.85
2025-04-16,Azure,SQL Database,Central India,DevOps,44.22,161.26
2025-04-16,Azure,Virtual Machines,East US,DevOps,40.9,59.86
2025-04-16,Azure,Virtual Machines,West Europe,QA,51.65,187.63
2025-04-16,Azure,Virtual Machines,Central India,Data Science,41.12,124.35
2025-04-16,Azure,Virtual Machines,Southeast Asia,Marketing,38.68,76.88
2025-04-16,GCP,BigQuery,us-central1,QA,21.2,70.29
2025-04-16,GCP,BigQuery,europe-west1,DevOps,13.81,21.78
2025-04-16,GCP,Cloud CDN,us-central1,Finance,11.68,34.7
2025-04-16,GCP,Cloud Functions,us-central1,DevOps,6.23,14.65
2025-04-16,GCP,Cloud Functions,asia-south1,Finance,3.76,9.71
2025-04-16,GCP,Cloud Storage,us-central1,DevOps,7.84,30.29
2025-04-16,GCP,Cloud Storage,europe-west1,DevOps,5.42,19.74
2025-04-16,GCP,Cloud Storage,asia-south1,DevOps,31.8,20.81
2025-04-16,GCP,Compute Engine,us-central1,Finance,37.29,81.17
2025-04-16,GCP,Compute Engine,europe-west1,Finance,60.0,123.47
2025-04-16,GCP,Compute Engine,asia-south1,Marketing,56.32,137.43
2025-04-17,AWS,CloudFront,eu-west-1,QA,8.19,26.9
2025-04-17,AWS,EBS,us-west-2,Engineering,11.72,21.4
2025-04-17,AWS,EBS,eu-west-1,Engineering,13.61,27.34
2025-04-17,AWS,EBS,ap-south-1,Finance,8.03,27.8
2025-04-17,AWS,EC2,us-east-1,DevOps,34.05,101.89
2025-04-17,AWS,EC2,us-west-2,Marketing,37.86,103.82
2025-04-17,AWS,EC2,eu-west-1,Finance,34.44,86.48
2025-04-17,AWS,Lambda,us-west-2,DevOps,3.51,5.62
2025-04-17,AWS,Lambda,eu-west-1,QA,4.09,11.52
2025-04-17,AWS,Lambda,ap-south-1,Marketing,4.33,7.48
2025-04-17,AWS,RDS,us-east-1,Engineering,26.69,81.53
2025-04-17,AWS,RDS,us-west-2,Finance,34.55,126.37
2025-04-17,AWS,RDS,eu-west-1,QA,37.12,110.29
2025-04-17,AWS,RDS,ap-south-1,Engineering,40.87,59.32
2025-04-17,AWS,S3,us-east-1,DevOps,7.23,14.42
2025-04-17,AWS,S3,us-west-2,Marketing,6.84,21.34
2025-04-17,AWS,S3,eu-west-1,Engineering,5.55,19.2
2025-04-17,AWS,S3,ap-south-1,QA,9.42,20.89
2025-04-17,Azure,Blob Storage,East US,DevOps,8.7,33.8
2025-04-17,Azure,Blob Storage,West Europe,Engineering,8.22,21.8
2025-04-17,Azure,Blob Storage,Southeast Asia,Engineering,12.19,45.78
2025-04-17,Azure,CDN,East US,Data Science,8.51,18.86
2025-04-17,Azure,CDN,Southeast Asia,Engineering,9.7,26.29
2025-04-17,Azure,Functions,Central India,QA,6.39,15.21
2025-04-17,Azure,Functions,Southeast Asia,QA,6.86,15.92
2025-04-17,Azure,SQL Database,East US,QA,27.87,84.18
2025-04-17,Azure,SQL Database,Central India,DevOps,36.07,118.6
2025-04-17,Azure,Virtual Machines,East US,DevOps,46.22,77.58
2025-04-17,Azure,Virtual Machines,West Europe,QA,59.5,204.28
2025-04-17,Azure,Virtual Machines,Central India,Data Science,34.12,112.14
2025-04-17,Azure,Virtual Machines,Southeast Asia,Marketing,37.2,70.18
2025-04-17,GCP,BigQuery,us-central1,QA,24.2,77.8
2025-04-17,GCP,BigQuery,europe-west1,DevOps,15.14,24.7
2025-04-17,GCP,Cloud CDN,us-central1,Finance,11.8,33.63
2025-04-17,GCP,Cloud Functions,us-central1,DevOps,7.18,17.85
2025-04-17,GCP,Cloud Functions,asia-south1,Finance,8.9,11.11
2025-04-17,GCP,Cloud Storage,us-central1,DevOps,7.85,28.47
2025-04-17,GCP,Cloud Storage,europe-west1,DevOps,6.11,25.03
2025-04-17,GCP,Cloud Storage,asia-south1,DevOps,12.64,23.11
2025-04-17,GCP,Compute Engine,us-central1,Finance,38.61,75.48
2025-04-17,GCP,Compute Engine,europe-west1,Finance,60.72,118.3
2025-04-17,GCP,Compute Engine,asia-south1,Marketing,57.96,126.26
2025-04-18,AWS,CloudFront,eu-west-1,QA,10.17,39.04
2025-04-18,AWS,EBS,us-west-2,Engineering,10.36,19.05
2025-04-18,AWS,EBS,eu-west-1,Engineering,13.08,24.83
2025-04-18,AWS,EBS,ap-south-1,Finance,7.12,24.7
2025-04-18,AWS,EC2,us-east-1,DevOps,47.35,142.45
2025-04-18,AWS,EC2,us-west-2,Marketing,35.03,91.26
2025-04-18,AWS,EC2,eu-west-1,Finance,35.57,98.79
2025-04-18,AWS,Lambda,us-west-2,DevOps,3.33,5.41
2025-04-18,AWS,Lambda,eu-west-1,QA,3.32,9.53
2025-04-18,AWS,Lambda,ap-south-1,Marketing,4.88,7.17
2025-04-18,AWS,RDS,us-east-1,Engineering,29.14,96.14
2025-04-18,AWS,RDS,us-west-2,Finance,34.15,130.72
2025-04-18,AWS,RDS,eu-west-1,QA,38.39,133.05
2025-04-18,AWS,RDS,ap-south-1,Engineering,41.65,65.16
2025-04-18,AWS,S3,us-east-1,DevOps,7.3,17.09
2025-04-18,AWS,S3,us-west-2,Marketing,5.79,20.54
2025-04-18,AWS,S3,eu-west-1,Engineering,4.9,20.42
2025-04-18,AWS,S3,ap-south-1,QA,9.03,23.35
2025-04-18,Azure,Blob Storage,East US,DevOps,11.24,40.32
2025-04-18,Azure,Blob Storage,West Europe,Engineering,8.81,22.31
2025-04-18,Azure,Blob Storage,Southeast Asia,Engineering,13.12,47.84
2025-04-18,Azure,CDN,East US,Data Science,9.24,18.85
2025-04-18,Azure,CDN,Southeast Asia,Engineering,9.26,25.46
2025-04-18,Azure,Functions,Central India,QA,7.7,18.15
2025-04-18,Azure,Functions,Southeast Asia,QA,8.16,20.2
2025-04-18,Azure,SQL Database,East US,QA,27.57,88.42
2025-04-18,Azure,SQL Database,Central India,DevOps,34.75,112.08
2025-04-18,Azure,Virtual Machines,East US,DevOps,43.28,69.51
2025-04-18,Azure,Virtual Machines,West Europe,QA,53.98,176.62
2025-04-18,Azure,Virtual Machines,Central India,Data Science,40.91,122.1
2025-04-18,Azure,Virtual Machines,Southeast Asia,Marketing,41.42,75.95
2025-04-18,GCP,BigQuery,us-central1,QA,23.7,80.41
2025-04-18,GCP,BigQuery,europe-west1,DevOps,13.81,20.24
2025-04-18,GCP,Cloud CDN,us-central1,Finance,14.86,41.83
2025-04-18,GCP,Cloud Functions,us-central1,DevOps,7.13,16.83
2025-04-18,GCP,Cloud Functions,asia-south1,Finance,4.23,11.5
2025-04-18,GCP,Cloud Storage,us-central1,DevOps,9.55,35.67
2025-04-18,GCP,Cloud Storage,europe-west1,DevOps,6.03,20.91
2025-04-18,GCP,Cloud Storage,asia-south1,DevOps,12.09,22.36
2025-04-18,GCP,Compute Engine,us-central1,Finance,37.25,80.18
2025-04-18,GCP,Compute Engine,europe-west1,Finance,58.49,111.94
2025-04-18,GCP,Compute Engine,asia-south1,Marketing,62.17,150.14
2025-04-19,AWS,CloudFront,eu-west-1,QA,11.12,35.02
2025-04-19,AWS,EBS,us-west-2,Engineering,8.69,17.93
2025-04-19,AWS,EBS,eu-west-1,Engineering,13.7,26.7
2025-04-19,AWS,EBS,ap-south-1,Finance,8.7,31.75
2025-04-19,AWS,EC2,us-east-1,DevOps,35.23,104.31
2025-04-19,AWS,EC2,us-west-2,Marketing,37.4,95.47
2025-04-19,AWS,EC2,eu-west-1,Finance,33.41,77.51
2025-04-19,AWS,Lambda,us-west-2,DevOps,3.97,6.15
2025-04-19,AWS,Lambda,eu-west-1,QA,3.68,9.05
2025-04-19,AWS,Lambda,ap-south-1,Marketing,4.55,7.22
2025-04-19,AWS,RDS,us-east-1,Engineering,28.98,99.41
2025-04-19,AWS,RDS,us-west-2,Finance,30.04,118.46
2025-04-19,AWS,RDS,eu-west-1,QA,35.18,109.41
2025-04-19,AWS,RDS,ap-south-1,Engineering,38.02,58.91
2025-04-19,AWS,S3,us-east-1,DevOps,6.97,14.7
2025-04-19,AWS,S3,us-west-2,Marketing,7.16,21.69
2025-04-19,AWS,S3,eu-west-1,Engineering,5.87,20.13
2025-04-19,AWS,S3,ap-south-1,QA,9.85,22.8
2025-04-19,Azure,Blob Storage,East US,DevOps,11.39,41.25
2025-04-19,Azure,Blob Storage,West Europe,Engineering,10.0,23.05
2025-04-19,Azure,Blob Storage,Southeast Asia,Engineering,12.32,47.28
2025-04-19,Azure,CDN,East US,Data Science,9.56,20.16
2025-04-19,Azure,CDN,Southeast Asia,Engineering,7.45,20.44
2025-04-19,Azure,Functions,Central India,QA,6.95,16.28
2025-04-19,Azure,Functions,Southeast Asia,QA,7.89,21.58
2025-04-19,Azure,SQL Database,East US,QA,30.07,106.98
2025-04-19,Azure,SQL Database,Central India,DevOps,38.59,121.69
2025-04-19,Azure,Virtual Machines,East US,DevOps,43.86,73.05
2025-04-19,Azure,Virtual Machines,West Europe,QA,57.69,210.32
2025-04-19,Azure,Virtual Machines,Central India,Data Science,38.47,123.47
2025-04-19,Azure,Virtual Machines,Southeast Asia,Marketing,35.41,66.86
2025-04-19,GCP,BigQuery,us-central1,QA,20.7,61.87
2025-04-19,GCP,BigQuery,europe-west1,DevOps,13.95,19.16
2025-04-19,GCP,Cloud CDN,us-central1,Finance,13.45,38.67
2025-04-19,GCP,Cloud Functions,us-central1,DevOps,6.96,18.46
2025-04-19,GCP,Cloud Functions,asia-south1,Finance,4.46,11.81
2025-04-19,GCP,Cloud Storage,us-central1,DevOps,9.97,36.81
2025-04-19,GCP,Cloud Storage,europe-west1,DevOps,6.38,26.11
2025-04-19,GCP,Cloud Storage,asia-south1,DevOps,11.26,21.0
2025-04-19,GCP,Compute Engine,us-central1,Finance,35.1,71.06
2025-04-19,GCP,Compute Engine,europe-west1,Finance,58.25,109.86
2025-04-19,GCP,Compute Engine,asia-south1,Marketing,64.65,160.93
2025-04-20,AWS,CloudFront,eu-west-1,QA,10.84,36.11
2025-04-20,AWS,EBS,us-west-2,Engineering,9.83,17.78
2025-04-20,AWS,EBS,eu-west-1,Engineering,11.77,23.23
2025-04-20,AWS,EBS,ap-south-1,Finance,7.95,31.1
2025-04-20,AWS,EC2,us-east-1,DevOps,41.77,112.33
2025-04-20,AWS,EC2,us-west-2,Marketing,40.3,103.28
2025-04-20,AWS,EC2,eu-west-1,Finance,31.89,86.54
2025-04-20,AWS,Lambda,us-west-2,DevOps,3.87,6.77
2025-04-20,AWS,Lambda,eu-west-1,QA,3.62,9.46
2025-04-20,AWS,Lambda,ap-south-1,Marketing,4.86,8.39
2025-04-20,AWS,RDS,us-east-1,Engineering,26.15,75.74
2025-04-20,AWS,RDS,us-west-2,Finance,31.72,125.18
2025-04-20,AWS,RDS,eu-west-1,QA,29.56,96.6
2025-04-20,AWS,RDS,ap-south-1,Engineering,34.76,53.0
2025-04-20,AWS,S3,us-east-1,DevOps,7.24,15.54
2025-04-20,AWS,S3,us-west-2,Marketing,6.81,20.44
2025-04-20,AWS,S3,eu-west-1,Engineering,6.23,25.18
2025-04-20,AWS,S3,ap-south-1,QA,10.55,24.19
2025-04-20,Azure,Blob Storage,East US,DevOps,10.98,38.22
2025-04-20,Azure,Blob Storage,West Europe,Engineering,8.79,21.39
2025-04-20,Azure,Blob Storage,Southeast Asia,Engineering,14.67,48.22
2025-04-20,Azure,CDN,East US,Data Science,10.65,23.57
2025-04-20,Azure,CDN,Southeast Asia,Engineering,8.95,21.5
2025-04-20,Azure,Functions,Central India,QA,6.56,17.32
2025-04-20,Azure,Functions,Southeast Asia,QA,7.09,16.34
2025-04-20,Azure,SQL Database,East US,QA,29.91,99.1
2025-04-20,Azure,SQL Database,Central India,DevOps,38.42,132.61
2025-04-20,Azure,Virtual Machines,East US,DevOps,49.87,78.16
2025-04-20,Azure,Virtual Machines,West Europe,QA,53.44,165.17
2025-04-20,Azure,Virtual Machines,Central India,Data Science,40.41,114.39
2025-04-20,Azure,Virtual Machines,Southeast Asia,Marketing,38.26,73.32
2025-04-20,GCP,BigQuery,us-central1,QA,25.56,78.89
2025-04-20,GCP,BigQuery,europe-west1,DevOps,15.84,22.2
2025-04-20,GCP,Cloud CDN,us-central1,Finance,13.69,39.4
2025-04-20,GCP,Cloud Functions,us-central1,DevOps,6.24,16.78
2025-04-20,GCP,Cloud Functions,asia-south1,Finance,4.98,13.62
2025-04-20,GCP,Cloud Storage,us-central1,DevOps,9.24,34.41
2025-04-20,GCP,Cloud Storage,europe-west1,DevOps,5.2,17.98
2025-04-20,GCP,Cloud Storage,asia-south1,DevOps,12.07,23.94
2025-04-20,GCP,Compute Engine,us-central1,Finance,35.41,72.0
2025-04-20,GCP,Compute Engine,europe-west1,Finance,64.32,126.84
2025-04-20,GCP,Compute Engine,asia-south1,Marketing,60.23,131.28
2025-04-21,AWS,CloudFront,eu-west-1,QA,11.48,37.7
2025-04-21,AWS,EBS,us-west-2,Engineering,11.06,21.31
2025-04-21,AWS,EBS,eu-west-1,Engineering,11.42,23.04
2025-04-21,AWS,EBS,ap-south-1,Finance,6.48,25.12
2025-04-21,AWS,EC2,us-east-1,DevOps,37.15,113.73
2025-04-21,AWS,EC2,us-west-2,Marketing,37.04,96.17
2025-04-21,AWS,EC2,eu-west-1,Finance,31.91,75.81
2025-04-21,AWS,Lambda,us-west-2,DevOps,3.81,6.03
2025-04-21,AWS,Lambda,eu-west-1,QA,3.35,9.45
2025-04-21,AWS,Lambda,ap-south-1,Marketing,4.27,6.27
2025-04-21,AWS,RDS,us-east-1,Engineering,27.59,83.38
2025-04-21,AWS,RDS,us-west-2,Finance,33.26,124.67
2025-04-21,AWS,RDS,eu-west-1,QA,35.01,100.33
2025-04-21,AWS,RDS,ap-south-1,Engineering,40.57,63.72
2025-04-21,AWS,S3,us-east-1,DevOps,7.37,16.89
2025-04-21,AWS,S3,us-west-2,Marketing,7.02,21.41
2025-04-21,AWS,S3,eu-west-1,Engineering,6.41,23.62
2025-04-21,AWS,S3,ap-south-1,QA,11.18,28.47
2025-04-21,Azure,Blob Storage,East US,DevOps,11.46,45.67
2025-04-21,Azure,Blob Storage,West Europe,Engineering,8.39,19.41
2025-04-21,Azure,Blob Storage,Southeast Asia,Engineering,12.72,49.28
2025-04-21,Azure,CDN,East US,Data Science,10.3,20.36
2025-04-21,Azure,CDN,Southeast Asia,Engineering,7.56,18.32
2025-04-21,Azure,Functions,Central India,QA,7.37,18.79
2025-04-21,Azure,Functions,Southeast Asia,QA,7.43,18.54
2025-04-21,Azure,SQL Database,East US,QA,30.62,96.92
2025-04-21,Azure,SQL Database,Central India,DevOps,35.19,116.96
2025-04-21,Azure,Virtual Machines,East US,DevOps,40.56,60.25
2025-04-21,Azure,Virtual Machines,West Europe,QA,51.45,170.07
2025-04-21,Azure,Virtual Machines,Central India,Data Science,39.83,127.79
2025-04-21,Azure,Virtual Machines,Southeast Asia,Marketing,33.14,57.76
2025-04-21,GCP,BigQuery,us-central1,QA,21.49,61.79
2025-04-21,GCP,BigQuery,europe-west1,DevOps,11.0,15.24
2025-04-21,GCP,Cloud CDN,us-central1,Finance,14.75,38.94
2025-04-21,GCP,Cloud Functions,us-central1,DevOps,15.06,19.83
2025-04-21,GCP,Cloud Functions,asia-south1,Finance,4.13,10.91
2025-04-21,GCP,Cloud Storage,us-central1,DevOps,8.38,28.73
2025-04-21,GCP,Cloud Storage,europe-west1,DevOps,5.2,20.06
2025-04-21,GCP,Cloud Storage,asia-south1,DevOps,11.9,22.5
2025-04-21,GCP,Compute Engine,us-central1,Finance,30.06,58.58
2025-04-21,GCP,Compute Engine,europe-west1,Finance,56.16,103.81
2025-04-21,GCP,Compute Engine,asia-south1,Marketing,64.52,156.56
2025-04-22,AWS,CloudFront,eu-west-1,QA,12.02,37.93
2025-04-22,AWS,EBS,us-west-2,Engineering,10.56,20.99
2025-04-22,AWS,EBS,eu-west-1,Engineering,11.25,21.15
2025-04-22,AWS,EBS,ap-south-1,Finance,8.39,32.84
2025-04-22,AWS,EC2,us-east-1,DevOps,37.94,112.18
2025-04-22,AWS,EC2,us-west-2,Marketing,40.49,112.05
2025-04-22,AWS,EC2,eu-west-1,Finance,37.57,102.25
2025-04-22,AWS,Lambda,us-west-2,DevOps,3.38,6.16
2025-04-22,AWS,Lambda,eu-west-1,QA,3.63,9.56
2025-04-22,AWS,Lambda,ap-south-1,Marketing,4.38,6.48
2025-04-22,AWS,RDS,us-east-1,Engineering,27.89,92.96
2025-04-22,AWS,RDS,us-west-2,Finance,33.44,133.81
2025-04-22,AWS,RDS,eu-west-1,QA,36.65,107.56
2025-04-22,AWS,RDS,ap-south-1,Engineering,40.91,63.69
2025-04-22,AWS,S3,us-east-1,DevOps,7.39,17.33
2025-04-22,AWS,S3,us-west-2,Marketing,6.59,19.8
2025-04-22,AWS,S3,eu-west-1,Engineering,5.68,22.99
2025-04-22,AWS,S3,ap-south-1,QA,9.71,23.28
2025-04-22,Azure,Blob Storage,East US,DevOps,10.7,40.08
2025-04-22,Azure,Blob Storage,West Europe,Engineering,8.81,24.37
2025-04-22,Azure,Blob Storage,Southeast Asia,Engineering,14.04,49.31
2025-04-22,Azure,CDN,East US,Data Science,10.3,22.26
2025-04-22,Azure,CDN,Southeast Asia,Engineering,9.5,23.8
2025-04-22,Azure,Functions,Central India,QA,6.74,15.19
2025-04-22,Azure,Functions,Southeast Asia,QA,8.11,21.33
2025-04-22,Azure,SQL Database,East US,QA,28.15,89.18
2025-04-22,Azure,SQL Database,Central India,DevOps,39.02,148.62
2025-04-22,Azure,Virtual Machines,East US,DevOps,45.02,64.32
2025-04-22,Azure,Virtual Machines,West Europe,QA,57.62,197.02
2025-04-22,Azure,Virtual Machines,Central India,Data Science,38.05,129.77
2025-04-22,Azure,Virtual Machines,Southeast Asia,Marketing,32.65,60.17
2025-04-22,GCP,BigQuery,us-central1,QA,25.57,79.48
2025-04-22,GCP,BigQuery,europe-west1,DevOps,14.93,22.89
2025-04-22,GCP,Cloud CDN,us-central1,Finance,13.95,36.34
2025-04-22,GCP,Cloud Functions,us-central1,DevOps,7.9,19.12
2025-04-22,GCP,Cloud Functions,asia-south1,Finance,3.77,8.78
2025-04-22,GCP,Cloud Storage,us-central1,DevOps,7.87,27.81
2025-04-22,GCP,Cloud Storage,europe-west1,DevOps,5.69,20.37
2025-04-22,GCP,Cloud Storage,asia-south1,DevOps,12.52,26.74
2025-04-22,GCP,Compute Engine,us-central1,Finance,37.69,82.09
2025-04-22,GCP,Compute Engine,europe-west1,Finance,59.13,122.16
2025-04-22,GCP,Compute Engine,asia-south1,Marketing,59.06,151.99
2025-04-23,AWS,CloudFront,eu-west-1,QA,11.66,42.63
2025-04-23,AWS,EBS,us-west-2,Engineering,11.45,20.86
2025-04-23,AWS,EBS,eu-west-1,Engineering,14.04,25.92
2025-04-23,AWS,EBS,ap-south-1,Finance,7.97,31.72
2025-04-23,AWS,EC2,us-east-1,DevOps,40.87,118.52
2025-04-23,AWS,EC2,us-west-2,Marketing,40.65,114.77
2025-04-23,AWS,EC2,eu-west-1,Finance,36.47,95.85
2025-04-23,AWS,Lambda,us-west-2,DevOps,3.45,5.47
2025-04-23,AWS,Lambda,eu-west-1,QA,4.77,12.3
2025-04-23,AWS,Lambda,ap-south-1,Marketing,4.67,7.99
2025-04-23,AWS,RDS,us-east-1,Engineering,27.27,81.6
2025-04-23,AWS,RDS,us-west-2,Finance,35.87,131.02
2025-04-23,AWS,RDS,eu-west-1,QA,32.81,109.92
2025-04-23,AWS,RDS,ap-south-1,Engineering,38.13,62.19
2025-04-23,AWS,S3,us-east-1,DevOps,6.46,14.0
2025-04-23,AWS,S3,us-west-2,Marketing,6.52,22.95
2025-04-23,AWS,S3,eu-west-1,Engineering,5.97,22.88
2025-04-23,AWS,S3,ap-south-1,QA,8.51,20.23
2025-04-23,Azure,Blob Storage,East US,DevOps,10.19,40.25
2025-04-23,Azure,Blob Storage,West Europe,Engineering,9.17,21.86
2025-04-23,Azure,Blob Storage,Southeast Asia,Engineering,13.03,46.59
2025-04-23,Azure,CDN,East US,Data Science,10.61,24.4
2025-04-23,Azure,CDN,Southeast Asia,Engineering,8.1,20.23
2025-04-23,Azure,Functions,Central India,QA,6.67,16.15
2025-04-23,Azure,Functions,Southeast Asia,QA,9.44,21.55
2025-04-23,Azure,SQL Database,East US,QA,30.25,92.02
2025-04-23,Azure,SQL Database,Central India,DevOps,42.4,139.8
2025-04-23,Azure,Virtual Machines,East US,DevOps,44.98,71.87
2025-04-23,Azure,Virtual Machines,West Europe,QA,57.11,172.81
2025-04-23,Azure,Virtual Machines,Central India,Data Science,35.97,106.54
2025-04-23,Azure,Virtual Machines,Southeast Asia,Marketing,40.79,73.94
2025-04-23,GCP,BigQuery,us-central1,QA,24.52,77.0
2025-04-23,GCP,BigQuery,europe-west1,DevOps,15.08,21.72
2025-04-23,GCP,Cloud CDN,us-central1,Finance,12.51,34.5
2025-04-23,GCP,Cloud Functions,us-central1,DevOps,9.13,24.78
2025-04-23,GCP,Cloud Functions,asia-south1,Finance,3.74,9.27
2025-04-23,GCP,Cloud Storage,us-central1,DevOps,10.61,34.99
2025-04-23,GCP,Cloud Storage,europe-west1,DevOps,5.86,23.54
2025-04-23,GCP,Cloud Storage,asia-south1,DevOps,12.69,22.94
2025-04-23,GCP,Compute Engine,us-central1,Finance,39.82,85.85
2025-04-23,GCP,Compute Engine,europe-west1,Finance,58.75,111.65
2025-04-23,GCP,Compute Engine,asia-south1,Marketing,51.6,133.0
2025-04-24,AWS,CloudFront,eu-west-1,QA,10.63,38.61
2025-04-24,AWS,EBS,us-west-2,Engineering,10.36,21.51
2025-04-24,AWS,EBS,eu-west-1,Engineering,11.76,22.8
2025-04-24,AWS,EBS,ap-south-1,Finance,9.7,33.44
2025-04-24,AWS,EC2,us-east-1,DevOps,35.56,112.68
2025-04-24,AWS,EC2,us-west-2,Marketing,32.61,93.15
2025-04-24,AWS,EC2,eu-west-1,Finance,30.19,82.87
2025-04-24,AWS,Lambda,us-west-2,DevOps,3.37,5.38
2025-04-24,AWS,Lambda,eu-west-1,QA,4.22,11.07
2025-04-24,AWS,Lambda,ap-south-1,Marketing,4.21,6.91
2025-04-24,AWS,RDS,us-east-1,Engineering,30.19,89.35
2025-04-24,AWS,RDS,us-west-2,Finance,28.63,115.22
2025-04-24,AWS,RDS,eu-west-1,QA,35.2,122.06
2025-04-24,AWS,RDS,ap-south-1,Engineering,44.7,68.9
2025-04-24,AWS,S3,us-east-1,DevOps,6.17,13.98
2025-04-24,AWS,S3,us-west-2,Marketing,7.71,23.14
2025-04-24,AWS,S3,eu-west-1,Engineering,5.98,24.47
2025-04-24,AWS,S3,ap-south-1,QA,10.28,25.45
2025-04-24,Azure,Blob Storage,East US,DevOps,10.48,37.34
2025-04-24,Azure,Blob Storage,West Europe,Engineering,9.03,23.37
2025-04-24,Azure,Blob Storage,Southeast Asia,Engineering,13.57,48.17
2025-04-24,Azure,CDN,East US,Data Science,11.16,22.79
2025-04-24,Azure,CDN,Southeast Asia,Engineering,8.07,19.15
2025-04-24,Azure,Functions,Central India,QA,7.06,16.55
2025-04-24,Azure,Functions,Southeast Asia,QA,9.14,24.18
2025-04-24,Azure,SQL Database,East US,QA,25.63,83.69
2025-04-24,Azure,SQL Database,Central India,DevOps,47.74,177.87
2025-04-24,Azure,Virtual Machines,East US,DevOps,52.75,77.65
2025-04-24,Azure,Virtual Machines,West Europe,QA,55.92,193.8
2025-04-24,Azure,Virtual Machines,Central India,Data Science,38.67,127.68
2025-04-24,Azure,Virtual Machines,Southeast Asia,Marketing,33.63,61.15
2025-04-24,GCP,BigQuery,us-central1,QA,23.58,75.65
2025-04-24,GCP,BigQuery,europe-west1,DevOps,14.01,22.76
2025-04-24,GCP,Cloud CDN,us-central1,Finance,13.7,35.07
2025-04-24,GCP,Cloud Functions,us-central1,DevOps,8.29,21.44
2025-04-24,GCP,Cloud Functions,asia-south1,Finance,4.25,10.7
2025-04-24,GCP,Cloud Storage,us-central1,DevOps,9.11,33.57
2025-04-24,GCP,Cloud Storage,europe-west1,DevOps,5.66,19.46
2025-04-24,GCP,Cloud Storage,asia-south1,DevOps,13.51,25.1
2025-04-24,GCP,Compute Engine,us-central1,Finance,33.37,66.8
2025-04-24,GCP,Compute Engine,europe-west1,Finance,67.26,133.33
2025-04-24,GCP,Compute Engine,asia-south1,Marketing,67.37,148.04
2025-04-25,AWS,CloudFront,eu-west-1,QA,10.9,40.32
2025-04-25,AWS,EBS,us-west-2,Engineering,11.9,23.47
2025-04-25,AWS,EBS,eu-west-1,Engineering,14.53,26.35
2025-04-25,AWS,EBS,ap-south-1,Finance,8.22,28.86
2025-04-25,AWS,EC2,us-east-1,DevOps,38.45,108.07
2025-04-25,AWS,EC2,us-west-2,Marketing,35.87,99.31
2025-04-25,AWS,EC2,eu-west-1,Finance,38.9,91.88
2025-04-25,AWS,Lambda,us-west-2,DevOps,4.0,6.46
2025-04-25,AWS,Lambda,eu-west-1,QA,4.68,12.76
2025-04-25,AWS,Lambda,ap-south-1,Marketing,4.57,6.7
2025-04-25,AWS,RDS,us-east-1,Engineering,27.56,92.12
2025-04-25,AWS,RDS,us-west-2,Finance,35.36,125.16
2025-04-25,AWS,RDS,eu-west-1,QA,32.54,99.47
2025-04-25,AWS,RDS,ap-south-1,Engineering,41.82,66.9
2025-04-25,AWS,S3,us-east-1,DevOps,6.31,12.99
2025-04-25,AWS,S3,us-west-2,Marketing,7.9,24.83
2025-04-25,AWS,S3,eu-west-1,Engineering,13.31,27.64
2025-04-25,AWS,S3,ap-south-1,QA,10.64,25.61
2025-04-25,Azure,Blob Storage,East US,DevOps,10.7,41.73
2025-04-25,Azure,Blob Storage,West Europe,Engineering,8.81,21.24
2025-04-25,Azure,Blob Storage,Southeast Asia,Engineering,13.15,47.5
2025-04-25,Azure,CDN,East US,Data Science,10.44,20.86
2025-04-25,Azure,CDN,Southeast Asia,Engineering,10.04,24.3
2025-04-25,Azure,Functions,Central India,QA,6.95,18.52
2025-04-25,Azure,Functions,Southeast Asia,QA,6.77,16.58
2025-04-25,Azure,SQL Database,East US,QA,31.28,108.69
2025-04-25,Azure,SQL Database,Central India,DevOps,43.78,146.4
2025-04-25,Azure,Virtual Machines,East US,DevOps,46.74,69.18
2025-04-25,Azure,Virtual Machines,West Europe,QA,51.18,156.39
2025-04-25,Azure,Virtual Machines,Central India,Data Science,39.17,117.45
2025-04-25,Azure,Virtual Machines,Southeast Asia,Marketing,38.83,66.82
2025-04-25,GCP,BigQuery,us-central1,QA,22.49,64.36
2025-04-25,GCP,BigQuery,europe-west1,DevOps,14.63,20.54
2025-04-25,GCP,Cloud CDN,us-central1,Finance,15.14,41.48
2025-04-25,GCP,Cloud Functions,us-central1,DevOps,6.79,16.28
2025-04-25,GCP,Cloud Functions,asia-south1,Finance,4.36,11.24
2025-04-25,GCP,Cloud Storage,us-central1,DevOps,9.17,32.95
2025-04-25,GCP,Cloud Storage,europe-west1,DevOps,5.59,22.98
2025-04-25,GCP,Cloud Storage,asia-south1,DevOps,12.2,25.65
2025-04-25,GCP,Compute Engine,us-central1,Finance,36.88,74.49
2025-04-25,GCP,Compute Engine,europe-west1,Finance,63.83,123.72
2025-04-25,GCP,Compute Engine,asia-south1,Marketing,66.17,164.07
2025-04-26,AWS,CloudFront,eu-west-1,QA,12.98,43.17
2025-04-26,AWS,EBS,us-west-2,Engineering,11.2,19.45
2025-04-26,AWS,EBS,eu-west-1,Engineering,13.02,25.9
2025-04-26,AWS,EBS,ap-south-1,Finance,7.94,29.41
2025-04-26,AWS,EC2,us-east-1,DevOps,40.49,119.13
2025-04-26,AWS,EC2,us-west-2,Marketing,34.13,86.06
2025-04-26,AWS,EC2,eu-west-1,Finance,41.51,107.88
2025-04-26,AWS,Lambda,us-west-2,DevOps,4.22,7.48
2025-04-26,AWS,Lambda,eu-west-1,QA,4.37,12.83
2025-04-26,AWS,Lambda,ap-south-1,Marketing,4.26,6.57
2025-04-26,AWS,RDS,us-east-1,Engineering,26.99,92.98
2025-04-26,AWS,RDS,us-west-2,Finance,33.94,121.15
2025-04-26,AWS,RDS,eu-west-1,QA,34.74,99.97
2025-04-26,AWS,RDS,ap-south-1,Engineering,39.61,57.01
2025-04-26,AWS,S3,us-east-1,DevOps,7.11,14.57
2025-04-26,AWS,S3,us-west-2,Marketing,7.56,22.92
2025-04-26,AWS,S3,eu-west-1,Engineering,5.67,19.36
2025-04-26,AWS,S3,ap-south-1,QA,9.89,21.84
2025-04-26,Azure,Blob Storage,East US,DevOps,10.38,37.22
2025-04-26,Azure,Blob Storage,West Europe,Engineering,8.07,20.96
2025-04-26,Azure,Blob Storage,Southeast Asia,Engineering,13.86,50.74
2025-04-26,Azure,CDN,East US,Data Science,9.62,22.46
2025-04-26,Azure,CDN,Southeast Asia,Engineering,9.41,26.22
2025-04-26,Azure,Functions,Central India,QA,6.86,18.28
2025-04-26,Azure,Functions,Southeast Asia,QA,8.13,19.46
2025-04-26,Azure,SQL Database,East US,QA,34.11,122.5
2025-04-26,Azure,SQL Database,Central India,DevOps,44.96,163.85
2025-04-26,Azure,Virtual Machines,East US,DevOps,44.86,69.93
2025-04-26,Azure,Virtual Machines,West Europe,QA,59.87,184.55
2025-04-26,Azure,Virtual Machines,Central India,Data Science,41.79,136.15
2025-04-26,Azure,Virtual Machines,Southeast Asia,Marketing,43.09,75.27
2025-04-26,GCP,BigQuery,us-central1,QA,25.53,72.56
2025-04-26,GCP,BigQuery,europe-west1,DevOps,14.71,24.06
2025-04-26,GCP,Cloud CDN,us-central1,Finance,14.8,42.33
2025-04-26,GCP,Cloud Functions,us-central1,DevOps,7.63,17.33
2025-04-26,GCP,Cloud Functions,asia-south1,Finance,4.62,11.16
2025-04-26,GCP,Cloud Storage,us-central1,DevOps,8.51,32.45
2025-04-26,GCP,Cloud Storage,europe-west1,DevOps,6.41,21.97
2025-04-26,GCP,Cloud Storage,asia-south1,DevOps,10.66,21.23
2025-04-26,GCP,Compute Engine,us-central1,Finance,37.13,83.03
2025-04-26,GCP,Compute Engine,europe-west1,Finance,57.6,120.1
2025-04-26,GCP,Compute Engine,asia-south1,Marketing,63.34,159.64
2025-04-27,AWS,CloudFront,eu-west-1,QA,11.42,39.46
2025-04-27,AWS,EBS,us-west-2,Engineering,11.32,20.04
2025-04-27,AWS,EBS,eu-west-1,Engineering,15.43,32.6
2025-04-27,AWS,EBS,ap-south-1,Finance,9.13,32.42
2025-04-27,AWS,EC2,us-east-1,DevOps,38.54,117.32
2025-04-27,AWS,EC2,us-west-2,Marketing,45.66,124.03
2025-04-27,AWS,EC2,eu-west-1,Finance,34.32,88.17
2025-04-27,AWS,Lambda,us-west-2,DevOps,7.64,6.76
2025-04-27,AWS,Lambda,eu-west-1,QA,3.89,10.36
2025-04-27,AWS,Lambda,ap-south-1,Marketing,4.19,6.02
2025-04-27,AWS,RDS,us-east-1,Engineering,22.47,71.32
2025-04-27,AWS,RDS,us-west-2,Finance,32.7,111.2
2025-04-27,AWS,RDS,eu-west-1,QA,39.52,121.82
2025-04-27,AWS,RDS,ap-south-1,Engineering,44.72,70.17
2025-04-27,AWS,S3,us-east-1,DevOps,7.67,16.05
2025-04-27,AWS,S3,us-west-2,Marketing,6.31,19.92
2025-04-27,AWS,S3,eu-west-1,Engineering,5.88,20.4
2025-04-27,AWS,S3,ap-south-1,QA,10.33,25.33
2025-04-27,Azure,Blob Storage,East US,DevOps,10.43,40.57
2025-04-27,Azure,Blob Storage,West Europe,Engineering,9.85,23.4
2025-04-27,Azure,Blob Storage,Southeast Asia,Engineering,15.7,58.72
2025-04-27,Azure,CDN,East US,Data Science,10.73,24.04
2025-04-27,Azure,CDN,Southeast Asia,Engineering,9.73,25.74
2025-04-27,Azure,Functions,Central India,QA,7.94,18.63
2025-04-27,Azure,Functions,Southeast Asia,QA,9.19,23.48
2025-04-27,Azure,SQL Database,East US,QA,27.86,91.5
2025-04-27,Azure,SQL Database,Central India,DevOps,38.88,139.26
2025-04-27,Azure,Virtual Machines,East US,DevOps,49.86,77.82
2025-04-27,Azure,Virtual Machines,West Europe,QA,52.35,162.03
2025-04-27,Azure,Virtual Machines,Central India,Data Science,32.06,104.31
2025-04-27,Azure,Virtual Machines,Southeast Asia,Marketing,42.59,74.43
2025-04-27,GCP,BigQuery,us-central1,QA,23.33,71.98
2025-04-27,GCP,BigQuery,europe-west1,DevOps,24.42,21.24
2025-04-27,GCP,Cloud CDN,us-central1,Finance,16.64,41.3
2025-04-27,GCP,Cloud Functions,us-central1,DevOps,8.08,20.62
2025-04-27,GCP,Cloud Functions,asia-south1,Finance,5.31,14.6
2025-04-27,GCP,Cloud Storage,us-central1,DevOps,9.51,32.44
2025-04-27,GCP,Cloud Storage,europe-west1,DevOps,5.83,20.82
2025-04-27,GCP,Cloud Storage,asia-south1,DevOps,11.23,22.2
2025-04-27,GCP,Compute Engine,us-central1,Finance,39.39,88.42
2025-04-27,GCP,Compute Engine,europe-west1,Finance,58.64,127.5
2025-04-27,GCP,Compute Engine,asia-south1,Marketing,65.26,165.79
2025-04-28,AWS,CloudFront,eu-west-1,QA,11.59,41.81
2025-04-28,AWS,EBS,us-west-2,Engineering,11.31,20.26
2025-04-28,AWS,EBS,eu-west-1,Engineering,13.23,24.19
2025-04-28,AWS,EBS,ap-south-1,Finance,8.39,29.27
2025-04-28,AWS,EC2,us-east-1,DevOps,38.96,120.88
2025-04-28,AWS,EC2,us-west-2,Marketing,39.37,101.8
2025-04-28,AWS,EC2,eu-west-1,Finance,37.72,100.88
2025-04-28,AWS,Lambda,us-west-2,DevOps,4.59,8.21
2025-04-28,AWS,Lambda,eu-west-1,QA,4.04,10.16
2025-04-28,AWS,Lambda,ap-south-1,Marketing,5.76,8.96
2025-04-28,AWS,RDS,us-east-1,Engineering,26.75,80.24
2025-04-28,AWS,RDS,us-west-2,Finance,33.27,131.58
2025-04-28,AWS,RDS,eu-west-1,QA,39.15,112.15
2025-04-28,AWS,RDS,ap-south-1,Engineering,45.2,74.0
2025-04-28,AWS,S3,us-east-1,DevOps,6.73,14.86
2025-04-28,AWS,S3,us-west-2,Marketing,7.72,23.35
2025-04-28,AWS,S3,eu-west-1,Engineering,5.75,20.71
2025-04-28,AWS,S3,ap-south-1,QA,11.87,26.04
2025-04-28,Azure,Blob Storage,East US,DevOps,10.99,36.89
2025-04-28,Azure,Blob Storage,West Europe,Engineering,8.78,23.4
2025-04-28,Azure,Blob Storage,Southeast Asia,Engineering,15.63,56.42
2025-04-28,Azure,CDN,East US,Data Science,9.94,20.36
2025-04-28,Azure,CDN,Southeast Asia,Engineering,8.9,22.42
2025-04-28,Azure,Functions,Central India,QA,7.46,17.6
2025-04-28,Azure,Functions,Southeast Asia,QA,8.02,20.36
2025-04-28,Azure,SQL Database,East US,QA,32.94,100.94
2025-04-28,Azure,SQL Database,Central India,DevOps,42.61,149.73
2025-04-28,Azure,Virtual Machines,East US,DevOps,45.87,69.16
2025-04-28,Azure,Virtual Machines,West Europe,QA,59.91,216.06
2025-04-28,Azure,Virtual Machines,Central India,Data Science,34.93,102.37
2025-04-28,Azure,Virtual Machines,Southeast Asia,Marketing,38.36,70.08
2025-04-28,GCP,BigQuery,us-central1,QA,27.73,81.55
2025-04-28,GCP,BigQuery,europe-west1,DevOps,14.9,24.07
2025-04-28,GCP,Cloud CDN,us-central1,Finance,15.49,39.32
2025-04-28,GCP,Cloud Functions,us-central1,DevOps,7.35,19.0
2025-04-28,GCP,Cloud Functions,asia-south1,Finance,4.7,11.37
2025-04-28,GCP,Cloud Storage,us-central1,DevOps,8.94,32.0
2025-04-28,GCP,Cloud Storage,europe-west1,DevOps,5.34,19.99
2025-04-28,GCP,Cloud Storage,asia-south1,DevOps,12.7,25.33
2025-04-28,GCP,Compute Engine,us-central1,Finance,38.76,82.07
2025-04-28,GCP,Compute Engine,europe-west1,Finance,73.73,153.82
2025-04-28,GCP,Compute Engine,asia-south1,Marketing,70.9,161.22
2025-04-29,AWS,CloudFront,eu-west-1,QA,12.26,42.35
2025-04-29,AWS,EBS,us-west-2,Engineering,10.59,19.18
2025-04-29,AWS,EBS,eu-west-1,Engineering,13.4,24.46
2025-04-29,AWS,EBS,ap-south-1,Finance,8.38,32.85
2025-04-29,AWS,EC2,us-east-1,DevOps,45.74,132.88
2025-04-29,AWS,EC2,us-west-2,Marketing,45.78,113.96
2025-04-29,AWS,EC2,eu-west-1,Finance,35.66,92.22
2025-04-29,AWS,Lambda,us-west-2,DevOps,3.86,6.86
2025-04-29,AWS,Lambda,eu-west-1,QA,4.4,10.97
2025-04-29,AWS,Lambda,ap-south-1,Marketing,4.63,7.7
2025-04-29,AWS,RDS,us-east-1,Engineering,25.78,79.27
2025-04-29,AWS,RDS,us-west-2,Finance,35.08,128.83
2025-04-29,AWS,RDS,eu-west-1,QA,33.25,98.95
2025-04-29,AWS,RDS,ap-south-1,Engineering,40.98,60.67
2025-04-29,AWS,S3,us-east-1,DevOps,8.0,17.68
2025-04-29,AWS,S3,us-west-2,Marketing,6.42,21.85
2025-04-29,AWS,S3,eu-west-1,Engineering,5.5,21.54
2025-04-29,AWS,S3,ap-south-1,QA,11.26,28.31
2025-04-29,Azure,Blob Storage,East US,DevOps,11.54,42.95
2025-04-29,Azure,Blob Storage,West Europe,Engineering,10.65,24.76
2025-04-29,Azure,Blob Storage,Southeast Asia,Engineering,13.5,50.25
2025-04-29,Azure,CDN,East US,Data Science,8.97,20.84
2025-04-29,Azure,CDN,Southeast Asia,Engineering,9.28,24.25
2025-04-29,Azure,Functions,Central India,QA,8.35,20.71
2025-04-29,Azure,Functions,Southeast Asia,QA,8.02,21.71
2025-04-29,Azure,SQL Database,East US,QA,30.42,103.52
2025-04-29,Azure,SQL Database,Central India,DevOps,42.52,145.15
2025-04-29,Azure,Virtual Machines,East US,DevOps,46.86,68.56
2025-04-29,Azure,Virtual Machines,West Europe,QA,51.93,178.79
2025-04-29,Azure,Virtual Machines,Central India,Data Science,40.53,129.25
2025-04-29,Azure,Virtual Machines,Southeast Asia,Marketing,35.66,72.1
2025-04-29,GCP,BigQuery,us-central1,QA,28.04,92.47
2025-04-29,GCP,BigQuery,europe-west1,DevOps,15.56,25.52
2025-04-29,GCP,Cloud CDN,us-central1,Finance,14.09,42.37
2025-04-29,GCP,Cloud Functions,us-central1,DevOps,8.34,19.06
2025-04-29,GCP,Cloud Functions,asia-south1,Finance,4.56,12.01
2025-04-29,GCP,Cloud Storage,us-central1,DevOps,8.4,28.49
2025-04-29,GCP,Cloud Storage,europe-west1,DevOps,5.44,21.57
2025-04-29,GCP,Cloud Storage,asia-south1,DevOps,12.52,23.3
2025-04-29,GCP,Compute Engine,us-central1,Finance,35.82,70.62
2025-04-29,GCP,Compute Engine,europe-west1,Finance,70.32,144.11
2025-04-29,GCP,Compute Engine,asia-south1,Marketing,65.39,147.04
2025-04-30,AWS,CloudFront,eu-west-1,QA,13.06,47.45
2025-04-30,AWS,EBS,us-west-2,Engineering,11.32,22.61
2025-04-30,AWS,EBS,eu-west-1,Engineering,14.02,25.42
2025-04-30,AWS,EBS,ap-south-1,Finance,9.39,38.04
2025-04-30,AWS,EC2,us-east-1,DevOps,45.88,143.56
2025-04-30,AWS,EC2,us-west-2,Marketing,35.15,98.29
2025-04-30,AWS,EC2,eu-west-1,Finance,39.28,101.71
2025-04-30,AWS,Lambda,us-west-2,DevOps,3.94,7.18
2025-04-30,AWS,Lambda,eu-west-1,QA,4.39,10.66
2025-04-30,AWS,Lambda,ap-south-1,Marketing,4.7,7.49
2025-04-30,AWS,RDS,us-east-1,Engineering,28.95,84.87
2025-04-30,AWS,RDS,us-west-2,Finance,25.64,90.57
2025-04-30,AWS,RDS,eu-west-1,QA,35.61,118.61
2025-04-30,AWS,RDS,ap-south-1,Engineering,48.17,77.06
2025-04-30,AWS,S3,us-east-1,DevOps,7.21,14.81
2025-04-30,AWS,S3,us-west-2,Marketing,7.16,21.84
2025-04-30,AWS,S3,eu-west-1,Engineering,6.4,26.13
2025-04-30,AWS,S3,ap-south-1,QA,11.61,30.18
2025-04-30,Azure,Blob Storage,East US,DevOps,12.1,45.43
2025-04-30,Azure,Blob Storage,West Europe,Engineering,9.33,25.39
2025-04-30,Azure,Blob Storage,Southeast Asia,Engineering,13.91,48.34
2025-04-30,Azure,CDN,East US,Data Science,11.01,24.85
2025-04-30,Azure,CDN,Southeast Asia,Engineering,10.6,26.24
2025-04-30,Azure,Functions,Central India,QA,7.13,17.27
2025-04-30,Azure,Functions,Southeast Asia,QA,8.07,21.05
2025-04-30,Azure,SQL Database,East US,QA,34.32,118.48
2025-04-30,Azure,SQL Database,Central India,DevOps,44.78,160.76
2025-04-30,Azure,Virtual Machines,East US,DevOps,53.09,91.29
2025-04-30,Azure,Virtual Machines,West Europe,QA,53.55,183.39
2025-04-30,Azure,Virtual Machines,Central India,Data Science,41.19,138.1
2025-04-30,Azure,Virtual Machines,Southeast Asia,Marketing,42.86,75.61
2025-04-30,GCP,BigQuery,us-central1,QA,29.09,94.31
2025-04-30,GCP,BigQuery,europe-west1,DevOps,14.5,23.95
2025-04-30,GCP,Cloud CDN,us-central1,Finance,16.99,50.77
2025-04-30,GCP,Cloud Functions,us-central1,DevOps,8.37,20.89
2025-04-30,GCP,Cloud Functions,asia-south1,Finance,4.93,13.55
2025-04-30,GCP,Cloud Storage,us-central1,DevOps,9.0,33.37
2025-04-30,GCP,Cloud Storage,europe-west1,DevOps,6.14,25.23
2025-04-30,GCP,Cloud Storage,asia-south1,DevOps,13.66,28.14
2025-04-30,GCP,Compute Engine,us-central1,Finance,44.0,85.0
2025-04-30,GCP,Compute Engine,europe-west1,Finance,69.7,146.43
2025-04-30,GCP,Compute Engine,asia-south1,Marketing,50.71,108.72
2025-05-01,AWS,CloudFront,eu-west-1,QA,11.12,39.92
2025-05-01,AWS,EBS,us-west-2,Engineering,11.74,20.58
2025-05-01,AWS,EBS,eu-west-1,Engineering,13.59,28.78
2025-05-01,AWS,EBS,ap-south-1,Finance,8.34,33.41
2025-05-01,AWS,EC2,us-east-1,DevOps,41.34,127.57
2025-05-01,AWS,EC2,us-west-2,Marketing,38.92,92.5
2025-05-01,AWS,EC2,eu-west-1,Finance,34.21,86.65
2025-05-01,AWS,Lambda,us-west-2,DevOps,4.11,7.26
2025-05-01,AWS,Lambda,eu-west-1,QA,4.08,11.04
2025-05-01,AWS,Lambda,ap-south-1,Marketing,4.97,8.07
2025-05-01,AWS,RDS,us-east-1,Engineering,26.35,87.02
2025-05-01,AWS,RDS,us-west-2,Finance,34.31,121.24
2025-05-01,AWS,RDS,eu-west-1,QA,38.22,131.77
2025-05-01,AWS,RDS,ap-south-1,Engineering,52.16,82.59
2025-05-01,AWS,S3,us-east-1,DevOps,7.28,14.38
2025-05-01,AWS,S3,us-west-2,Marketing,8.15,28.71
2025-05-01,AWS,S3,eu-west-1,Engineering,7.14,26.84
2025-05-01,AWS,S3,ap-south-1,QA,11.07,25.57
2025-05-01,Azure,Blob Storage,East US,DevOps,10.9,40.72
2025-05-01,Azure,Blob Storage,West Europe,Engineering,9.3,25.03
2025-05-01,Azure,Blob Storage,Southeast Asia,Engineering,14.36,56.07
2025-05-01,Azure,CDN,East US,Data Science,11.39,24.1
2025-05-01,Azure,CDN,Southeast Asia,Engineering,9.74,25.75
2025-05-01,Azure,Functions,Central India,QA,6.65,15.25
2025-05-01,Azure,Functions,Southeast Asia,QA,9.09,22.54
2025-05-01,Azure,SQL Database,East US,QA,32.94,98.88
2025-05-01,Azure,SQL Database,Central India,DevOps,46.1,157.06
2025-05-01,Azure,Virtual Machines,East US,DevOps,39.13,57.24
2025-05-01,Azure,Virtual Machines,West Europe,QA,59.32,199.22
2025-05-01,Azure,Virtual Machines,Central India,Data Science,37.66,115.04
2025-05-01,Azure,Virtual Machines,Southeast Asia,Marketing,45.98,84.73
2025-05-01,GCP,BigQuery,us-central1,QA,26.51,80.24
2025-05-01,GCP,BigQuery,europe-west1,DevOps,15.34,24.5
2025-05-01,GCP,Cloud CDN,us-central1,Finance,17.23,46.65
2025-05-01,GCP,Cloud Functions,us-central1,DevOps,8.79,23.83
2025-05-01,GCP,Cloud Functions,asia-south1,Finance,4.02,10.76
2025-05-01,GCP,Cloud Storage,us-central1,DevOps,9.64,37.35
2025-05-01,GCP,Cloud Storage,europe-west1,DevOps,7.53,27.97
2025-05-01,GCP,Cloud Storage,asia-south1,DevOps,14.11,27.61
2025-05-01,GCP,Compute Engine,us-central1,Finance,34.06,68.92
2025-05-01,GCP,Compute Engine,europe-west1,Finance,65.97,121.45
2025-05-01,GCP,Compute Engine,asia-south1,Marketing,55.72,128.7
2025-05-02,AWS,CloudFront,eu-west-1,QA,11.61,37.45
2025-05-02,AWS,EBS,us-west-2,Engineering,10.28,19.03
2025-05-02,AWS,EBS,eu-west-1,Engineering,14.65,26.56
2025-05-02,AWS,EBS,ap-south-1,Finance,8.11,32.88
2025-05-02,AWS,EC2,us-east-1,DevOps,42.94,114.86
2025-05-02,AWS,EC2,us-west-2,Marketing,43.8,123.87
2025-05-02,AWS,EC2,eu-west-1,Finance,37.86,93.52
2025-05-02,AWS,Lambda,us-west-2,DevOps,4.03,6.17
2025-05-02,AWS,Lambda,eu-west-1,QA,9.8,10.24
2025-05-02,AWS,Lambda,ap-south-1,Marketing,4.56,6.94
2025-05-02,AWS,RDS,us-east-1,Engineering,30.96,102.48
2025-05-02,AWS,RDS,us-west-2,Finance,34.11,137.58
2025-05-02,AWS,RDS,eu-west-1,QA,39.05,113.59
2025-05-02,AWS,RDS,ap-south-1,Engineering,40.72,56.26
2025-05-02,AWS,S3,us-east-1,DevOps,7.13,15.6
2025-05-02,AWS,S3,us-west-2,Marketing,8.08,28.31
2025-05-02,AWS,S3,eu-west-1,Engineering,6.28,24.32
2025-05-02,AWS,S3,ap-south-1,QA,10.8,25.3
2025-05-02,Azure,Blob Storage,East US,DevOps,11.27,40.42
2025-05-02,Azure,Blob Storage,West Europe,Engineering,9.41,24.57
2025-05-02,Azure,Blob Storage,Southeast Asia,Engineering,15.18,49.74
2025-05-02,Azure,CDN,East US,Data Science,11.34,24.19
2025-05-02,Azure,CDN,Southeast Asia,Engineering,11.36,27.02
2025-05-02,Azure,Functions,Central India,QA,7.88,19.77
2025-05-02,Azure,Functions,Southeast Asia,QA,8.86,22.98
2025-05-02,Azure,SQL Database,East US,QA,33.86,118.96
2025-05-02,Azure,SQL Database,Central India,DevOps,47.74,167.32
2025-05-02,Azure,Virtual Machines,East US,DevOps,47.28,72.44
2025-05-02,Azure,Virtual Machines,West Europe,QA,61.21,194.87
2025-05-02,Azure,Virtual Machines,Central India,Data Science,41.98,136.84
2025-05-02,Azure,Virtual Machines,Southeast Asia,Marketing,39.64,71.5
2025-05-02,GCP,BigQuery,us-central1,QA,25.3,72.13
2025-05-02,GCP,BigQuery,europe-west1,DevOps,13.8,19.12
2025-05-02,GCP,Cloud CDN,us-central1,Finance,14.67,41.13
2025-05-02,GCP,Cloud Functions,us-central1,DevOps,8.59,20.48
2025-05-02,GCP,Cloud Functions,asia-south1,Finance,4.74,11.24
2025-05-02,GCP,Cloud Storage,us-central1,DevOps,10.57,40.34
2025-05-02,GCP,Cloud Storage,europe-west1,DevOps,5.64,22.37
2025-05-02,GCP,Cloud Storage,asia-south1,DevOps,13.19,23.46
2025-05-02,GCP,Compute Engine,us-central1,Finance,37.72,83.69
2025-05-02,GCP,Compute Engine,europe-west1,Finance,74.53,140.03
2025-05-02,GCP,Compute Engine,asia-south1,Marketing,74.27,161.88
2025-05-03,AWS,CloudFront,eu-west-1,QA,10.63,39.24
2025-05-03,AWS,EBS,us-west-2,Engineering,11.75,24.27
2025-05-03,AWS,EBS,eu-west-1,Engineering,13.1,28.43
2025-05-03,AWS,EBS,ap-south-1,Finance,10.54,41.53
2025-05-03,AWS,EC2,us-east-1,DevOps,47.94,127.65
2025-05-03,AWS,EC2,us-west-2,Marketing,42.12,109.43
2025-05-03,AWS,EC2,eu-west-1,Finance,41.43,106.04
2025-05-03,AWS,Lambda,us-west-2,DevOps,4.31,7.73
2025-05-03,AWS,Lambda,eu-west-1,QA,5.51,13.84
2025-05-03,AWS,Lambda,ap-south-1,Marketing,4.82,7.09
2025-05-03,AWS,RDS,us-east-1,Engineering,32.4,109.31
2025-05-03,AWS,RDS,us-west-2,Finance,38.58,153.7
2025-05-03,AWS,RDS,eu-west-1,QA,36.61,117.43
2025-05-03,AWS,RDS,ap-south-1,Engineering,44.33,68.27
2025-05-03,AWS,S3,us-east-1,DevOps,6.54,12.91
2025-05-03,AWS,S3,us-west-2,Marketing,8.02,23.86
2025-05-03,AWS,S3,eu-west-1,Engineering,5.99,21.27
2025-05-03,AWS,S3,ap-south-1,QA,11.26,24.24
2025-05-03,Azure,Blob Storage,East US,DevOps,11.68,43.9
2025-05-03,Azure,Blob Storage,West Europe,Engineering,9.98,22.98
2025-05-03,Azure,Blob Storage,Southeast Asia,Engineering,16.73,60.6
2025-05-03,Azure,CDN,East US,Data Science,11.57,23.58
2025-05-03,Azure,CDN,Southeast Asia,Engineering,9.5,26.69
2025-05-03,Azure,Functions,Central India,QA,9.01,21.2
2025-05-03,Azure,Functions,Southeast Asia,QA,9.04,23.91
2025-05-03,Azure,SQL Database,East US,QA,33.25,116.35
2025-05-03,Azure,SQL Database,Central India,DevOps,44.84,158.43
2025-05-03,Azure,Virtual Machines,East US,DevOps,48.9,74.21
2025-05-03,Azure,Virtual Machines,West Europe,QA,60.05,204.27
2025-05-03,Azure,Virtual Machines,Central India,Data Science,43.4,140.48
2025-05-03,Azure,Virtual Machines,Southeast Asia,Marketing,39.49,78.26
2025-05-03,GCP,BigQuery,us-central1,QA,25.74,75.59
2025-05-03,GCP,BigQuery,europe-west1,DevOps,14.83,20.34
2025-05-03,GCP,Cloud CDN,us-central1,Finance,16.4,42.03
2025-05-03,GCP,Cloud Functions,us-central1,DevOps,8.33,19.77
2025-05-03,GCP,Cloud Functions,asia-south1,Finance,4.08,11.37
2025-05-03,GCP,Cloud Storage,us-central1,DevOps,8.3,32.75
2025-05-03,GCP,Cloud Storage,europe-west1,DevOps,6.02,23.72
2025-05-03,GCP,Cloud Storage,asia-south1,DevOps,11.94,21.87
2025-05-03,GCP,Compute Engine,us-central1,Finance,35.72,77.28
2025-05-03,GCP,Compute Engine,europe-west1,Finance,61.19,114.27
2025-05-03,GCP,Compute Engine,asia-south1,Marketing,70.84,176.54
2025-05-04,AWS,CloudFront,eu-west-1,QA,12.0,43.81
2025-05-04,AWS,EBS,us-west-2,Engineering,12.92,24.94
2025-05-04,AWS,EBS,eu-west-1,Engineering,14.62,28.12
2025-05-04,AWS,EBS,ap-south-1,Finance,9.78,39.04
2025-05-04,AWS,EC2,us-east-1,DevOps,38.99,116.94
2025-05-04,AWS,EC2,us-west-2,Marketing,43.68,117.5
2025-05-04,AWS,EC2,eu-west-1,Finance,42.58,101.04
2025-05-04,AWS,Lambda,us-west-2,DevOps,3.97,7.25
2025-05-04,AWS,Lambda,eu-west-1,QA,4.35,12.07
2025-05-04,AWS,Lambda,ap-south-1,Marketing,5.81,8.26
2025-05-04,AWS,RDS,us-east-1,Engineering,29.92,85.02
2025-05-04,AWS,RDS,us-west-2,Finance,34.93,131.83
2025-05-04,AWS,RDS,eu-west-1,QA,40.45,121.96
2025-05-04,AWS,RDS,ap-south-1,Engineering,46.6,65.39
2025-05-04,AWS,S3,us-east-1,DevOps,7.91,17.13
2025-05-04,AWS,S3,us-west-2,Marketing,8.62,30.65
2025-05-04,AWS,S3,eu-west-1,Engineering,6.59,26.51
2025-05-04,AWS,S3,ap-south-1,QA,12.16,26.0
2025-05-04,Azure,Blob Storage,East US,DevOps,12.82,44.05
2025-05-04,Azure,Blob Storage,West Europe,Engineering,9.26,21.97
2025-05-04,Azure,Blob Storage,Southeast Asia,Engineering,16.21,53.39
2025-05-04,Azure,CDN,East US,Data Science,12.22,28.53
2025-05-04,Azure,CDN,Southeast Asia,Engineering,10.48,25.83
2025-05-04,Azure,Functions,Central India,QA,8.25,20.69
2025-05-04,Azure,Functions,Southeast Asia,QA,8.61,23.59
2025-05-04,Azure,SQL Database,East US,QA,36.9,120.47
2025-05-04,Azure,SQL Database,Central India,DevOps,43.2,142.97
2025-05-04,Azure,Virtual Machines,East US,DevOps,58.61,99.34
2025-05-04,Azure,Virtual Machines,West Europe,QA,57.05,186.07
2025-05-04,Azure,Virtual Machines,Central India,Data Science,40.87,121.63
2025-05-04,Azure,Virtual Machines,Southeast Asia,Marketing,40.75,69.51
2025-05-04,GCP,BigQuery,us-central1,QA,25.8,83.99
2025-05-04,GCP,BigQuery,europe-west1,DevOps,14.36,22.65
2025-05-04,GCP,Cloud CDN,us-central1,Finance,16.68,44.36
2025-05-04,GCP,Cloud Functions,us-central1,DevOps,7.8,20.82
2025-05-04,GCP,Cloud Functions,asia-south1,Finance,5.27,12.36
2025-05-04,GCP,Cloud Storage,us-central1,DevOps,8.63,34.22
2025-05-04,GCP,Cloud Storage,europe-west1,DevOps,7.42,28.38
2025-05-04,GCP,Cloud Storage,asia-south1,DevOps,13.99,29.13
2025-05-04,GCP,Compute Engine,us-central1,Finance,41.47,91.77
2025-05-04,GCP,Compute Engine,europe-west1,Finance,180.98,134.17
2025-05-04,GCP,Compute Engine,asia-south1,Marketing,74.38,162.8
2025-05-05,AWS,CloudFront,eu-west-1,QA,12.96,46.72
2025-05-05,AWS,EBS,us-west-2,Engineering,12.28,22.35
2025-05-05,AWS,EBS,eu-west-1,Engineering,13.65,26.09
2025-05-05,AWS,EBS,ap-south-1,Finance,9.23,33.58
2025-05-05,AWS,EC2,us-east-1,DevOps,45.6,129.47
2025-05-05,AWS,EC2,us-west-2,Marketing,38.02,102.72
2025-05-05,AWS,EC2,eu-west-1,Finance,40.43,113.43
2025-05-05,AWS,Lambda,us-west-2,DevOps,3.75,6.92
2025-05-05,AWS,Lambda,eu-west-1,QA,4.32,12.1
2025-05-05,AWS,Lambda,ap-south-1,Marketing,5.25,8.81
2025-05-05,AWS,RDS,us-east-1,Engineering,27.85,88.5
2025-05-05,AWS,RDS,us-west-2,Finance,37.02,141.44
2025-05-05,AWS,RDS,eu-west-1,QA,39.16,115.22
2025-05-05,AWS,RDS,ap-south-1,Engineering,54.11,89.65
2025-05-05,AWS,S3,us-east-1,DevOps,8.9,19.72
2025-05-05,AWS,S3,us-west-2,Marketing,8.22,24.52
2025-05-05,AWS,S3,eu-west-1,Engineering,6.86,28.43
2025-05-05,AWS,S3,ap-south-1,QA,10.39,26.67
2025-05-05,Azure,Blob Storage,East US,DevOps,11.3,41.73
2025-05-05,Azure,Blob Storage,West Europe,Engineering,9.49,25.63
2025-05-05,Azure,Blob Storage,Southeast Asia,Engineering,14.51,51.5
2025-05-05,Azure,CDN,East US,Data Science,10.43,22.87
2025-05-05,Azure,CDN,Southeast Asia,Engineering,10.68,29.54
2025-05-05,Azure,Functions,Central India,QA,10.03,23.84
2025-05-05,Azure,Functions,Southeast Asia,QA,10.07,26.38
2025-05-05,Azure,SQL Database,East US,QA,97.91,114.84
2025-05-05,Azure,SQL Database,Central India,DevOps,49.89,167.64
2025-05-05,Azure,Virtual Machines,East US,DevOps,54.51,84.52
2025-05-05,Azure,Virtual Machines,West Europe,QA,65.44,201.93
2025-05-05,Azure,Virtual Machines,Central India,Data Science,46.65,158.12
2025-05-05,Azure,Virtual Machines,Southeast Asia,Marketing,44.84,78.93
2025-05-05,GCP,BigQuery,us-central1,QA,27.33,94.1
2025-05-05,GCP,BigQuery,europe-west1,DevOps,16.05,26.08
2025-05-05,GCP,Cloud CDN,us-central1,Finance,16.41,47.81
2025-05-05,GCP,Cloud Functions,us-central1,DevOps,7.44,16.96
2025-05-05,GCP,Cloud Functions,asia-south1,Finance,4.26,10.24
2025-05-05,GCP,Cloud Storage,us-central1,DevOps,9.33,35.65
2025-05-05,GCP,Cloud Storage,europe-west1,DevOps,6.03,23.61
2025-05-05,GCP,Cloud Storage,asia-south1,DevOps,13.81,26.2
2025-05-05,GCP,Compute Engine,us-central1,Finance,42.17,88.91
2025-05-05,GCP,Compute Engine,europe-west1,Finance,65.9,127.49
2025-05-05,GCP,Compute Engine,asia-south1,Marketing,76.91,192.83
2025-05-06,AWS,CloudFront,eu-west-1,QA,12.14,39.49
2025-05-06,AWS,EBS,us-west-2,Engineering,13.28,27.67
2025-05-06,AWS,EBS,eu-west-1,Engineering,14.39,26.16
2025-05-06,AWS,EBS,ap-south-1,Finance,9.51,39.82
2025-05-06,AWS,EC2,us-east-1,DevOps,51.86,143.03
2025-05-06,AWS,EC2,us-west-2,Marketing,47.32,133.68
2025-05-06,AWS,EC2,eu-west-1,Finance,38.36,102.77
2025-05-06,AWS,Lambda,us-west-2,DevOps,3.64,5.66
2025-05-06,AWS,Lambda,eu-west-1,QA,4.52,11.48
2025-05-06,AWS,Lambda,ap-south-1,Marketing,5.55,8.99
2025-05-06,AWS,RDS,us-east-1,Engineering,31.17,92.23
2025-05-06,AWS,RDS,us-west-2,Finance,42.68,158.56
2025-05-06,AWS,RDS,eu-west-1,QA,31.42,94.04
2025-05-06,AWS,RDS,ap-south-1,Engineering,43.44,69.91
2025-05-06,AWS,S3,us-east-1,DevOps,7.85,17.42
2025-05-06,AWS,S3,us-west-2,Marketing,6.65,20.75
2025-05-06,AWS,S3,eu-west-1,Engineering,6.53,23.58
2025-05-06,AWS,S3,ap-south-1,QA,13.47,29.52
2025-05-06,Azure,Blob Storage,East US,DevOps,12.08,44.23
2025-05-06,Azure,Blob Storage,West Europe,Engineering,10.61,24.72
2025-05-06,Azure,Blob Storage,Southeast Asia,Engineering,28.01,52.75
2025-05-06,Azure,CDN,East US,Data Science,11.05,24.45
2025-05-06,Azure,CDN,Southeast Asia,Engineering,10.04,26.95
2025-05-06,Azure,Functions,Central India,QA,8.26,20.89
2025-05-06,Azure,Functions,Southeast Asia,QA,8.68,22.06
2025-05-06,Azure,SQL Database,East US,QA,85.1,109.5
2025-05-06,Azure,SQL Database,Central India,DevOps,48.46,151.99
2025-05-06,Azure,Virtual Machines,East US,DevOps,52.96,77.34
2025-05-06,Azure,Virtual Machines,West Europe,QA,61.29,211.28
2025-05-06,Azure,Virtual Machines,Central India,Data Science,47.66,150.98
2025-05-06,Azure,Virtual Machines,Southeast Asia,Marketing,47.46,83.8
2025-05-06,GCP,BigQuery,us-central1,QA,27.96,84.63
2025-05-06,GCP,BigQuery,europe-west1,DevOps,14.65,20.58
2025-05-06,GCP,Cloud CDN,us-central1,Finance,14.34,42.28
2025-05-06,GCP,Cloud Functions,us-central1,DevOps,8.51,22.85
2025-05-06,GCP,Cloud Functions,asia-south1,Finance,5.2,12.34
2025-05-06,GCP,Cloud Storage,us-central1,DevOps,9.01,31.26
2025-05-06,GCP,Cloud Storage,europe-west1,DevOps,6.56,22.44
2025-05-06,GCP,Cloud Storage,asia-south1,DevOps,14.32,29.57
2025-05-06,GCP,Compute Engine,us-central1,Finance,40.61,90.5
2025-05-06,GCP,Compute Engine,europe-west1,Finance,67.55,138.15
2025-05-06,GCP,Compute Engine,asia-south1,Marketing,77.2,167.68
2025-05-07,AWS,CloudFront,eu-west-1,QA,14.38,47.92
2025-05-07,AWS,EBS,us-west-2,Engineering,12.46,22.58
2025-05-07,AWS,EBS,eu-west-1,Engineering,13.12,26.42
2025-05-07,AWS,EBS,ap-south-1,Finance,9.98,35.63
2025-05-07,AWS,EC2,us-east-1,DevOps,52.26,155.5
2025-05-07,AWS,EC2,us-west-2,Marketing,45.66,122.82
2025-05-07,AWS,EC2,eu-west-1,Finance,34.7,97.2
2025-05-07,AWS,Lambda,us-west-2,DevOps,4.45,7.65
2025-05-07,AWS,Lambda,eu-west-1,QA,4.43,11.45
2025-05-07,AWS,Lambda,ap-south-1,Marketing,5.83,8.7
2025-05-07,AWS,RDS,us-east-1,Engineering,35.35,107.43
2025-05-07,AWS,RDS,us-west-2,Finance,41.37,151.13
2025-05-07,AWS,RDS,eu-west-1,QA,38.06,122.56
2025-05-07,AWS,RDS,ap-south-1,Engineering,43.03,60.11
2025-05-07,AWS,S3,us-east-1,DevOps,6.78,15.19
2025-05-07,AWS,S3,us-west-2,Marketing,7.75,23.14
2025-05-07,AWS,S3,eu-west-1,Engineering,7.41,28.05
2025-05-07,AWS,S3,ap-south-1,QA,12.55,29.39
2025-05-07,Azure,Blob Storage,East US,DevOps,13.69,47.8
2025-05-07,Azure,Blob Storage,West Europe,Engineering,9.36,21.97
2025-05-07,Azure,Blob Storage,Southeast Asia,Engineering,15.36,59.97
2025-05-07,Azure,CDN,East US,Data Science,10.31,24.29
2025-05-07,Azure,CDN,Southeast Asia,Engineering,11.05,28.86
2025-05-07,Azure,Functions,Central India,QA,8.26,20.77
2025-05-07,Azure,Functions,Southeast Asia,QA,9.62,23.61
2025-05-07,Azure,SQL Database,East US,QA,34.44,117.07
2025-05-07,Azure,SQL Database,Central India,DevOps,48.44,179.98
2025-05-07,Azure,Virtual Machines,East US,DevOps,53.11,75.65
2025-05-07,Azure,Virtual Machines,West Europe,QA,62.08,190.93
2025-05-07,Azure,Virtual Machines,Central India,Data Science,42.96,130.49
2025-05-07,Azure,Virtual Machines,Southeast Asia,Marketing,39.23,80.77
2025-05-07,GCP,BigQuery,us-central1,QA,29.91,99.46
2025-05-07,GCP,BigQuery,europe-west1,DevOps,14.31,23.44
2025-05-07,GCP,Cloud CDN,us-central1,Finance,20.14,54.39
2025-05-07,GCP,Cloud Functions,us-central1,DevOps,8.17,21.3
2025-05-07,GCP,Cloud Functions,asia-south1,Finance,5.18,13.67
2025-05-07,GCP,Cloud Storage,us-central1,DevOps,9.83,33.6
2025-05-07,GCP,Cloud Storage,europe-west1,DevOps,7.34,27.33
2025-05-07,GCP,Cloud Storage,asia-south1,DevOps,12.95,26.18
2025-05-07,GCP,Compute Engine,us-central1,Finance,37.32,78.82
2025-05-07,GCP,Compute Engine,europe-west1,Finance,73.56,137.95
2025-05-07,GCP,Compute Engine,asia-south1,Marketing,61.95,145.45
2025-05-08,AWS,CloudFront,eu-west-1,QA,12.82,43.86
2025-05-08,AWS,EBS,us-west-2,Engineering,11.29,23.31
2025-05-08,AWS,EBS,eu-west-1,Engineering,15.9,32.0
2025-05-08,AWS,EBS,ap-south-1,Finance,10.42,37.47
2025-05-08,AWS,EC2,us-east-1,DevOps,38.48,109.11
2025-05-08,AWS,EC2,us-west-2,Marketing,44.74,119.81
2025-05-08,AWS,EC2,eu-west-1,Finance,37.67,91.48
2025-05-08,AWS,Lambda,us-west-2,DevOps,4.14,6.54
2025-05-08,AWS,Lambda,eu-west-1,QA,4.6,13.48
2025-05-08,AWS,Lambda,ap-south-1,Marketing,5.31,8.23
2025-05-08,AWS,RDS,us-east-1,Engineering,34.85,115.61
2025-05-08,AWS,RDS,us-west-2,Finance,41.43,167.57
2025-05-08,AWS,RDS,eu-west-1,QA,38.25,110.75
2025-05-08,AWS,RDS,ap-south-1,Engineering,43.35,60.71
2025-05-08,AWS,S3,us-east-1,DevOps,8.52,19.52
2025-05-08,AWS,S3,us-west-2,Marketing,8.02,25.55
2025-05-08,AWS,S3,eu-west-1,Engineering,6.28,21.83
2025-05-08,AWS,S3,ap-south-1,QA,11.57,29.14
2025-05-08,Azure,Blob Storage,East US,DevOps,11.99,45.86
2025-05-08,Azure,Blob Storage,West Europe,Engineering,10.72,27.26
2025-05-08,Azure,Blob Storage,Southeast Asia,Engineering,14.48,46.92
2025-05-08,Azure,CDN,East US,Data Science,12.0,23.72
2025-05-08,Azure,CDN,Southeast Asia,Engineering,9.61,27.14
2025-05-08,Azure,Functions,Central India,QA,6.76,16.48
2025-05-08,Azure,Functions,Southeast Asia,QA,7.56,20.52
2025-05-08,Azure,SQL Database,East US,QA,33.42,99.12
2025-05-08,Azure,SQL Database,Central India,DevOps,46.36,169.16
2025-05-08,Azure,Virtual Machines,East US,DevOps,54.54,89.95
2025-05-08,Azure,Virtual Machines,West Europe,QA,60.88,189.7
2025-05-08,Azure,Virtual Machines,Central India,Data Science,45.77,133.55
2025-05-08,Azure,Virtual Machines,Southeast Asia,Marketing,38.61,73.4
2025-05-08,GCP,BigQuery,us-central1,QA,27.48,92.51
2025-05-08,GCP,BigQuery,europe-west1,DevOps,14.42,22.19
2025-05-08,GCP,Cloud CDN,us-central1,Finance,15.83,41.93
2025-05-08,GCP,Cloud Functions,us-central1,DevOps,8.3,20.06
2025-05-08,GCP,Cloud Functions,asia-south1,Finance,5.48,14.87
2025-05-08,GCP,Cloud Storage,us-central1,DevOps,9.51,34.11
2025-05-08,GCP,Cloud Storage,europe-west1,DevOps,5.94,23.67
2025-05-08,GCP,Cloud Storage,asia-south1,DevOps,17.17,32.27
2025-05-08,GCP,Compute Engine,us-central1,Finance,38.55,74.93
2025-05-08,GCP,Compute Engine,europe-west1,Finance,69.31,153.09
2025-05-08,GCP,Compute Engine,asia-south1,Marketing,69.22,159.4
2025-05-09,AWS,CloudFront,eu-west-1,QA,12.7,42.43
2025-05-09,AWS,EBS,us-west-2,Engineering,13.04,26.02
2025-05-09,AWS,EBS,eu-west-1,Engineering,14.54,28.75
2025-05-09,AWS,EBS,ap-south-1,Finance,9.16,33.45
2025-05-09,AWS,EC2,us-east-1,DevOps,43.12,127.22
2025-05-09,AWS,EC2,us-west-2,Marketing,41.31,98.78
2025-05-09,AWS,EC2,eu-west-1,Finance,38.91,107.54
2025-05-09,AWS,Lambda,us-west-2,DevOps,3.95,6.32
2025-05-09,AWS,Lambda,eu-west-1,QA,5.06,13.18
2025-05-09,AWS,Lambda,ap-south-1,Marketing,5.17,8.63
2025-05-09,AWS,RDS,us-east-1,Engineering,27.66,81.45
2025-05-09,AWS,RDS,us-west-2,Finance,37.4,129.22
2025-05-09,AWS,RDS,eu-west-1,QA,42.67,133.54
2025-05-09,AWS,RDS,ap-south-1,Engineering,51.89,80.11
2025-05-09,AWS,S3,us-east-1,DevOps,7.03,14.99
2025-05-09,AWS,S3,us-west-2,Marketing,8.0,26.43
2025-05-09,AWS,S3,eu-west-1,Engineering,6.62,25.36
2025-05-09,AWS,S3,ap-south-1,QA,12.98,33.14
2025-05-09,Azure,Blob Storage,East US,DevOps,11.61,38.55
2025-05-09,Azure,Blob Storage,West Europe,Engineering,31.42,26.55
2025-05-09,Azure,Blob Storage,Southeast Asia,Engineering,16.59,58.26
2025-05-09,Azure,CDN,East US,Data Science,12.82,25.63
2025-05-09,Azure,CDN,Southeast Asia,Engineering,10.81,26.19
2025-05-09,Azure,Functions,Central India,QA,8.52,21.56
2025-05-09,Azure,Functions,Southeast Asia,QA,9.11,24.29
2025-05-09,Azure,SQL Database,East US,QA,35.15,106.7
2025-05-09,Azure,SQL Database,Central India,DevOps,119.03,167.15
2025-05-09,Azure,Virtual Machines,East US,DevOps,55.53,91.45
2025-05-09,Azure,Virtual Machines,West Europe,QA,58.58,206.92
2025-05-09,Azure,Virtual Machines,Central India,Data Science,37.35,116.22
2025-05-09,Azure,Virtual Machines,Southeast Asia,Marketing,52.47,91.24
2025-05-09,GCP,BigQuery,us-central1,QA,24.54,70.01
2025-05-09,GCP,BigQuery,europe-west1,DevOps,14.99,20.88
2025-05-09,GCP,Cloud CDN,us-central1,Finance,17.0,48.51
2025-05-09,GCP,Cloud Functions,us-central1,DevOps,9.35,21.18
2025-05-09,GCP,Cloud Functions,asia-south1,Finance,4.58,11.09
2025-05-09,GCP,Cloud Storage,us-central1,DevOps,10.08,40.13
2025-05-09,GCP,Cloud Storage,europe-west1,DevOps,6.32,23.7
2025-05-09,GCP,Cloud Storage,asia-south1,DevOps,12.02,21.79
2025-05-09,GCP,Compute Engine,us-central1,Finance,44.98,87.35
2025-05-09,GCP,Compute Engine,europe-west1,Finance,68.24,148.49
2025-05-09,GCP,Compute Engine,asia-south1,Marketing,65.87,158.4
2025-05-10,AWS,CloudFront,eu-west-1,QA,12.54,41.43
2025-05-10,AWS,EBS,us-west-2,Engineering,11.23,22.47
2025-05-10,AWS,EBS,eu-west-1,Engineering,16.18,30.82
2025-05-10,AWS,EBS,ap-south-1,Finance,10.12,42.23
2025-05-10,AWS,EC2,us-east-1,DevOps,46.91,136.29
2025-05-10,AWS,EC2,us-west-2,Marketing,45.2,118.77
2025-05-10,AWS,EC2,eu-west-1,Finance,38.48,104.95
2025-05-10,AWS,Lambda,us-west-2,DevOps,4.17,7.35
2025-05-10,AWS,Lambda,eu-west-1,QA,4.58,12.87
2025-05-10,AWS,Lambda,ap-south-1,Marketing,4.69,7.45
2025-05-10,AWS,RDS,us-east-1,Engineering,27.76,89.54
2025-05-10,AWS,RDS,us-west-2,Finance,40.98,150.54
2025-05-10,AWS,RDS,eu-west-1,QA,43.04,126.51
2025-05-10,AWS,RDS,ap-south-1,Engineering,44.94,65.98
2025-05-10,AWS,S3,us-east-1,DevOps,7.35,16.4
2025-05-10,AWS,S3,us-west-2,Marketing,7.76,27.08
2025-05-10,AWS,S3,eu-west-1,Engineering,6.99,26.48
2025-05-10,AWS,S3,ap-south-1,QA,13.49,32.06
2025-05-10,Azure,Blob Storage,East US,DevOps,12.91,43.7
2025-05-10,Azure,Blob Storage,West Europe,Engineering,10.98,26.14
2025-05-10,Azure,Blob Storage,Southeast Asia,Engineering,12.36,46.87
2025-05-10,Azure,CDN,East US,Data Science,27.01,22.95
2025-05-10,Azure,CDN,Southeast Asia,Engineering,9.34,22.44
2025-05-10,Azure,Functions,Central India,QA,8.41,20.29
2025-05-10,Azure,Functions,Southeast Asia,QA,8.87,20.44
2025-05-10,Azure,SQL Database,East US,QA,33.79,103.45
2025-05-10,Azure,SQL Database,Central India,DevOps,42.44,143.26
2025-05-10,Azure,Virtual Machines,East US,DevOps,55.46,86.13
2025-05-10,Azure,Virtual Machines,West Europe,QA,68.33,234.21
2025-05-10,Azure,Virtual Machines,Central India,Data Science,47.29,154.72
2025-05-10,Azure,Virtual Machines,Southeast Asia,Marketing,43.88,78.5
2025-05-10,GCP,BigQuery,us-central1,QA,26.94,91.52
2025-05-10,GCP,BigQuery,europe-west1,DevOps,17.82,25.04
2025-05-10,GCP,Cloud CDN,us-central1,Finance,17.89,51.39
2025-05-10,GCP,Cloud Functions,us-central1,DevOps,9.6,21.44
2025-05-10,GCP,Cloud Functions,asia-south1,Finance,4.96,13.9
2025-05-10,GCP,Cloud Storage,us-central1,DevOps,10.19,36.29
2025-05-10,GCP,Cloud Storage,europe-west1,DevOps,6.28,25.42
2025-05-10,GCP,Cloud Storage,asia-south1,DevOps,14.2,29.5
2025-05-10,GCP,Compute Engine,us-central1,Finance,42.03,95.03
2025-05-10,GCP,Compute Engine,europe-west1,Finance,68.45,152.22
2025-05-10,GCP,Compute Engine,asia-south1,Marketing,72.34,171.15
2025-05-11,AWS,CloudFront,eu-west-1,QA,11.58,42.95
2025-05-11,AWS,EBS,us-west-2,Engineering,12.24,24.61
2025-05-11,AWS,EBS,eu-west-1,Engineering,14.29,27.53
2025-05-11,AWS,EBS,ap-south-1,Finance,9.5,39.77
2025-05-11,AWS,EC2,us-east-1,DevOps,41.72,124.25
2025-05-11,AWS,EC2,us-west-2,Marketing,43.37,105.59
2025-05-11,AWS,EC2,eu-west-1,Finance,41.27,109.77
2025-05-11,AWS,Lambda,us-west-2,DevOps,5.11,9.41
2025-05-11,AWS,Lambda,eu-west-1,QA,4.23,11.19
2025-05-11,AWS,Lambda,ap-south-1,Marketing,5.17,7.82
2025-05-11,AWS,RDS,us-east-1,Engineering,27.31,88.35
2025-05-11,AWS,RDS,us-west-2,Finance,38.85,140.55
2025-05-11,AWS,RDS,eu-west-1,QA,35.56,107.63
2025-05-11,AWS,RDS,ap-south-1,Engineering,44.73,61.47
2025-05-11,AWS,S3,us-east-1,DevOps,8.04,17.56
2025-05-11,AWS,S3,us-west-2,Marketing,7.54,24.04
2025-05-11,AWS,S3,eu-west-1,Engineering,7.09,24.96
2025-05-11,AWS,S3,ap-south-1,QA,12.05,28.91
2025-05-11,Azure,Blob Storage,East US,DevOps,12.22,44.04
2025-05-11,Azure,Blob Storage,West Europe,Engineering,10.7,27.37
2025-05-11,Azure,Blob Storage,Southeast Asia,Engineering,16.85,56.72
2025-05-11,Azure,CDN,East US,Data Science,12.53,24.85
2025-05-11,Azure,CDN,Southeast Asia,Engineering,9.22,23.13
2025-05-11,Azure,Functions,Central India,QA,8.08,18.16
2025-05-11,Azure,Functions,Southeast Asia,QA,9.37,24.53
2025-05-11,Azure,SQL Database,East US,QA,33.31,114.96
2025-05-11,Azure,SQL Database,Central India,DevOps,50.92,173.95
2025-05-11,Azure,Virtual Machines,East US,DevOps,63.96,93.45
2025-05-11,Azure,Virtual Machines,West Europe,QA,59.93,204.26
2025-05-11,Azure,Virtual Machines,Central India,Data Science,49.02,157.11
2025-05-11,Azure,Virtual Machines,Southeast Asia,Marketing,45.73,80.02
2025-05-11,GCP,BigQuery,us-central1,QA,31.54,98.25
2025-05-11,GCP,BigQuery,europe-west1,DevOps,18.62,25.6
2025-05-11,GCP,Cloud CDN,us-central1,Finance,16.24,49.03
2025-05-11,GCP,Cloud Functions,us-central1,DevOps,7.86,18.94
2025-05-11,GCP,Cloud Functions,asia-south1,Finance,5.42,12.85
2025-05-11,GCP,Cloud Storage,us-central1,DevOps,9.04,30.77
2025-05-11,GCP,Cloud Storage,europe-west1,DevOps,5.78,23.23
2025-05-11,GCP,Cloud Storage,asia-south1,DevOps,15.01,30.24
2025-05-11,GCP,Compute Engine,us-central1,Finance,41.06,89.33
2025-05-11,GCP,Compute Engine,europe-west1,Finance,60.43,111.56
2025-05-11,GCP,Compute Engine,asia-south1,Marketing,64.12,154.12
2025-05-12,AWS,CloudFront,eu-west-1,QA,12.99,46.68
2025-05-12,AWS,EBS,us-west-2,Engineering,12.26,23.45
2025-05-12,AWS,EBS,eu-west-1,Engineering,15.27,29.15
2025-05-12,AWS,EBS,ap-south-1,Finance,9.83,39.68
2025-05-12,AWS,EC2,us-east-1,DevOps,44.49,127.71
2025-05-12,AWS,EC2,us-west-2,Marketing,38.83,106.49
2025-05-12,AWS,EC2,eu-west-1,Finance,40.25,105.99
2025-05-12,AWS,Lambda,us-west-2,DevOps,4.06,6.95
2025-05-12,AWS,Lambda,eu-west-1,QA,4.64,13.11
2025-05-12,AWS,Lambda,ap-south-1,Marketing,5.3,7.97
2025-05-12,AWS,RDS,us-east-1,Engineering,28.92,99.02
2025-05-12,AWS,RDS,us-west-2,Finance,39.27,146.57
2025-05-12,AWS,RDS,eu-west-1,QA,42.78,127.26
2025-05-12,AWS,RDS,ap-south-1,Engineering,49.24,75.22
2025-05-12,AWS,S3,us-east-1,DevOps,8.34,16.66
2025-05-12,AWS,S3,us-west-2,Marketing,9.87,33.84
2025-05-12,AWS,S3,eu-west-1,Engineering,6.95,26.04
2025-05-12,AWS,S3,ap-south-1,QA,12.25,30.01
2025-05-12,Azure,Blob Storage,East US,DevOps,10.28,40.15
2025-05-12,Azure,Blob Storage,West Europe,Engineering,9.05,22.23
2025-05-12,Azure,Blob Storage,Southeast Asia,Engineering,16.23,61.95
2025-05-12,Azure,CDN,East US,Data Science,11.2,25.28
2025-05-12,Azure,CDN,Southeast Asia,Engineering,10.36,28.73
2025-05-12,Azure,Functions,Central India,QA,8.32,18.96
2025-05-12,Azure,Functions,Southeast Asia,QA,8.15,20.67
2025-05-12,Azure,SQL Database,East US,QA,36.03,116.89
2025-05-12,Azure,SQL Database,Central India,DevOps,51.25,171.99
2025-05-12,Azure,Virtual Machines,East US,DevOps,53.81,82.79
2025-05-12,Azure,Virtual Machines,West Europe,QA,72.31,236.24
2025-05-12,Azure,Virtual Machines,Central India,Data Science,40.6,132.76
2025-05-12,Azure,Virtual Machines,Southeast Asia,Marketing,42.63,73.91
2025-05-12,GCP,BigQuery,us-central1,QA,24.73,84.75
2025-05-12,GCP,BigQuery,europe-west1,DevOps,16.24,22.71
2025-05-12,GCP,Cloud CDN,us-central1,Finance,18.6,53.23
2025-05-12,GCP,Cloud Functions,us-central1,DevOps,8.64,22.23
2025-05-12,GCP,Cloud Functions,asia-south1,Finance,5.21,12.81
2025-05-12,GCP,Cloud Storage,us-central1,DevOps,10.04,39.61
2025-05-12,GCP,Cloud Storage,europe-west1,DevOps,7.46,30.14
2025-05-12,GCP,Cloud Storage,asia-south1,DevOps,15.26,28.68
2025-05-12,GCP,Compute Engine,us-central1,Finance,40.53,82.14
2025-05-12,GCP,Compute Engine,europe-west1,Finance,76.82,167.08
2025-05-12,GCP,Compute Engine,asia-south1,Marketing,72.67,154.18
2025-05-13,AWS,CloudFront,eu-west-1,QA,13.56,48.01
2025-05-13,AWS,EBS,us-west-2,Engineering,27.23,24.24
2025-05-13,AWS,EBS,eu-west-1,Engineering,16.53,32.23
2025-05-13,AWS,EBS,ap-south-1,Finance,10.18,39.83
2025-05-13,AWS,EC2,us-east-1,DevOps,46.84,142.59
2025-05-13,AWS,EC2,us-west-2,Marketing,44.89,117.81
2025-05-13,AWS,EC2,eu-west-1,Finance,42.27,104.59
2025-05-13,AWS,Lambda,us-west-2,DevOps,4.74,8.53
2025-05-13,AWS,Lambda,eu-west-1,QA,4.56,12.83
2025-05-13,AWS,Lambda,ap-south-1,Marketing,5.05,7.52
2025-05-13,AWS,RDS,us-east-1,Engineering,32.67,108.18
2025-05-13,AWS,RDS,us-west-2,Finance,41.51,153.68
2025-05-13,AWS,RDS,eu-west-1,QA,41.35,141.17
2025-05-13,AWS,RDS,ap-south-1,Engineering,49.89,73.89
2025-05-13,AWS,S3,us-east-1,DevOps,7.64,14.75
2025-05-13,AWS,S3,us-west-2,Marketing,17.77,24.93
2025-05-13,AWS,S3,eu-west-1,Engineering,6.26,22.94
2025-05-13,AWS,S3,ap-south-1,QA,14.06,36.37
2025-05-13,Azure,Blob Storage,East US,DevOps,13.49,49.63
2025-05-13,Azure,Blob Storage,West Europe,Engineering,9.62,22.5
2025-05-13,Azure,Blob Storage,Southeast Asia,Engineering,13.54,52.13
2025-05-13,Azure,CDN,East US,Data Science,23.1,28.39
2025-05-13,Azure,CDN,Southeast Asia,Engineering,10.29,24.28
2025-05-13,Azure,Functions,Central India,QA,8.43,19.46
2025-05-13,Azure,Functions,Southeast Asia,QA,10.67,24.73
2025-05-13,Azure,SQL Database,East US,QA,35.87,118.85
2025-05-13,Azure,SQL Database,Central India,DevOps,44.69,164.39
2025-05-13,Azure,Virtual Machines,East US,DevOps,56.97,91.58
2025-05-13,Azure,Virtual Machines,West Europe,QA,59.91,194.86
2025-05-13,Azure,Virtual Machines,Central India,Data Science,46.69,154.57
2025-05-13,Azure,Virtual Machines,Southeast Asia,Marketing,47.21,93.74
2025-05-13,GCP,BigQuery,us-central1,QA,30.12,95.19
2025-05-13,GCP,BigQuery,europe-west1,DevOps,14.8,23.31
2025-05-13,GCP,Cloud CDN,us-central1,Finance,17.05,44.5
2025-05-13,GCP,Cloud Functions,us-central1,DevOps,8.55,21.07
2025-05-13,GCP,Cloud Functions,asia-south1,Finance,5.31,13.53
2025-05-13,GCP,Cloud Storage,us-central1,DevOps,9.63,34.08
2025-05-13,GCP,Cloud Storage,europe-west1,DevOps,6.36,22.19
2025-05-13,GCP,Cloud Storage,asia-south1,DevOps,14.43,28.39
2025-05-13,GCP,Compute Engine,us-central1,Finance,42.81,95.44
2025-05-13,GCP,Compute Engine,europe-west1,Finance,67.08,144.58
2025-05-13,GCP,Compute Engine,asia-south1,Marketing,62.86,137.11
2025-05-14,AWS,CloudFront,eu-west-1,QA,13.14,43.43
2025-05-14,AWS,EBS,us-west-2,Engineering,15.14,30.84
2025-05-14,AWS,EBS,eu-west-1,Engineering,14.03,26.89
2025-05-14,AWS,EBS,ap-south-1,Finance,10.12,38.74
2025-05-14,AWS,EC2,us-east-1,DevOps,53.04,145.4
2025-05-14,AWS,EC2,us-west-2,Marketing,44.82,121.58
2025-05-14,AWS,EC2,eu-west-1,Finance,46.03,125.73
2025-05-14,AWS,Lambda,us-west-2,DevOps,4.67,7.07
2025-05-14,AWS,Lambda,eu-west-1,QA,5.31,14.66
2025-05-14,AWS,Lambda,ap-south-1,Marketing,6.11,10.26
2025-05-14,AWS,RDS,us-east-1,Engineering,30.79,102.51
2025-05-14,AWS,RDS,us-west-2,Finance,38.55,144.48
2025-05-14,AWS,RDS,eu-west-1,QA,42.28,139.66
2025-05-14,AWS,RDS,ap-south-1,Engineering,53.22,74.2
2025-05-14,AWS,S3,us-east-1,DevOps,8.18,16.69
2025-05-14,AWS,S3,us-west-2,Marketing,9.96,34.46
2025-05-14,AWS,S3,eu-west-1,Engineering,8.34,31.73
2025-05-14,AWS,S3,ap-south-1,QA,14.79,35.75
2025-05-14,Azure,Blob Storage,East US,DevOps,14.3,55.37
2025-05-14,Azure,Blob Storage,West Europe,Engineering,9.56,24.25
2025-05-14,Azure,Blob Storage,Southeast Asia,Engineering,14.62,54.67
2025-05-14,Azure,CDN,East US,Data Science,9.93,20.48
2025-05-14,Azure,CDN,Southeast Asia,Engineering,9.54,23.52
2025-05-14,Azure,Functions,Central India,QA,8.41,18.66
2025-05-14,Azure,Functions,Southeast Asia,QA,9.63,24.56
2025-05-14,Azure,SQL Database,East US,QA,39.01,135.06
2025-05-14,Azure,SQL Database,Central India,DevOps,45.83,166.26
2025-05-14,Azure,Virtual Machines,East US,DevOps,56.77,93.3
2025-05-14,Azure,Virtual Machines,West Europe,QA,66.28,228.52
2025-05-14,Azure,Virtual Machines,Central India,Data Science,38.08,117.72
2025-05-14,Azure,Virtual Machines,Southeast Asia,Marketing,49.23,92.19
2025-05-14,GCP,BigQuery,us-central1,QA,27.73,82.36
2025-05-14,GCP,BigQuery,europe-west1,DevOps,16.51,23.45
2025-05-14,GCP,Cloud CDN,us-central1,Finance,16.3,40.93
2025-05-14,GCP,Cloud Functions,us-central1,DevOps,9.15,23.68
2025-05-14,GCP,Cloud Functions,asia-south1,Finance,5.45,14.77
2025-05-14,GCP,Cloud Storage,us-central1,DevOps,11.3,42.49
2025-05-14,GCP,Cloud Storage,europe-west1,DevOps,6.24,22.33
2025-05-14,GCP,Cloud Storage,asia-south1,DevOps,15.25,30.52
2025-05-14,GCP,Compute Engine,us-central1,Finance,45.5,89.44
2025-05-14,GCP,Compute Engine,europe-west1,Finance,84.41,185.32
2025-05-14,GCP,Compute Engine,asia-south1,Marketing,71.34,168.71
2025-05-15,AWS,CloudFront,eu-west-1,QA,13.6,51.52
2025-05-15,AWS,EBS,us-west-2,Engineering,12.73,23.62
2025-05-15,AWS,EBS,eu-west-1,Engineering,14.48,29.66
2025-05-15,AWS,EBS,ap-south-1,Finance,10.8,45.03
2025-05-15,AWS,EC2,us-east-1,DevOps,47.85,145.65
2025-05-15,AWS,EC2,us-west-2,Marketing,49.59,117.93
2025-05-15,AWS,EC2,eu-west-1,Finance,40.91,105.11
2025-05-15,AWS,Lambda,us-west-2,DevOps,5.03,7.67
2025-05-15,AWS,Lambda,eu-west-1,QA,5.25,15.02
2025-05-15,AWS,Lambda,ap-south-1,Marketing,5.95,9.54
2025-05-15,AWS,RDS,us-east-1,Engineering,30.25,95.53
2025-05-15,AWS,RDS,us-west-2,Finance,45.63,158.12
2025-05-15,AWS,RDS,eu-west-1,QA,40.05,136.34
2025-05-15,AWS,RDS,ap-south-1,Engineering,49.7,79.86
2025-05-15,AWS,S3,us-east-1,DevOps,8.9,18.76
2025-05-15,AWS,S3,us-west-2,Marketing,7.67,23.91
2025-05-15,AWS,S3,eu-west-1,Engineering,6.94,26.74
2025-05-15,AWS,S3,ap-south-1,QA,12.76,30.59
2025-05-15,Azure,Blob Storage,East US,DevOps,13.43,48.85
2025-05-15,Azure,Blob Storage,West Europe,Engineering,10.46,25.77
2025-05-15,Azure,Blob Storage,Southeast Asia,Engineering,13.41,45.33
2025-05-15,Azure,CDN,East US,Data Science,13.65,27.79
2025-05-15,Azure,CDN,Southeast Asia,Engineering,11.18,28.63
2025-05-15,Azure,Functions,Central India,QA,10.02,25.4
2025-05-15,Azure,Functions,Southeast Asia,QA,11.29,26.69
2025-05-15,Azure,SQL Database,East US,QA,34.98,111.19
2025-05-15,Azure,SQL Database,Central India,DevOps,43.75,160.0
2025-05-15,Azure,Virtual Machines,East US,DevOps,61.28,88.61
2025-05-15,Azure,Virtual Machines,West Europe,QA,65.43,227.75
2025-05-15,Azure,Virtual Machines,Central India,Data Science,42.25,132.69
2025-05-15,Azure,Virtual Machines,Southeast Asia,Marketing,47.1,90.59
2025-05-15,GCP,BigQuery,us-central1,QA,26.77,91.92
2025-05-15,GCP,BigQuery,europe-west1,DevOps,18.9,28.81
2025-05-15,GCP,Cloud CDN,us-central1,Finance,15.32,40.13
2025-05-15,GCP,Cloud Functions,us-central1,DevOps,7.36,18.79
2025-05-15,GCP,Cloud Functions,asia-south1,Finance,5.04,12.56
2025-05-15,GCP,Cloud Storage,us-central1,DevOps,9.86,37.77
2025-05-15,GCP,Cloud Storage,europe-west1,DevOps,6.52,22.25
2025-05-15,GCP,Cloud Storage,asia-south1,DevOps,15.69,27.65
2025-05-15,GCP,Compute Engine,us-central1,Finance,42.94,93.69
2025-05-15,GCP,Compute Engine,europe-west1,Finance,72.3,147.74
2025-05-15,GCP,Compute Engine,asia-south1,Marketing,82.44,183.81
2025-05-16,AWS,CloudFront,eu-west-1,QA,12.72,41.71
2025-05-16,AWS,EBS,us-west-2,Engineering,14.75,27.59
2025-05-16,AWS,EBS,eu-west-1,Engineering,16.69,31.68
2025-05-16,AWS,EBS,ap-south-1,Finance,10.66,42.25
2025-05-16,AWS,EC2,us-east-1,DevOps,49.19,141.5
2025-05-16,AWS,EC2,us-west-2,Marketing,37.79,90.71
2025-05-16,AWS,EC2,eu-west-1,Finance,37.85,88.89
2025-05-16,AWS,Lambda,us-west-2,DevOps,4.53,7.75
2025-05-16,AWS,Lambda,eu-west-1,QA,4.87,14.16
2025-05-16,AWS,Lambda,ap-south-1,Marketing,5.94,9.75
2025-05-16,AWS,RDS,us-east-1,Engineering,35.32,103.91
2025-05-16,AWS,RDS,us-west-2,Finance,40.51,151.67
2025-05-16,AWS,RDS,eu-west-1,QA,42.15,130.54
2025-05-16,AWS,RDS,ap-south-1,Engineering,50.64,83.11
2025-05-16,AWS,S3,us-east-1,DevOps,9.05,19.74
2025-05-16,AWS,S3,us-west-2,Marketing,8.93,27.32
2025-05-16,AWS,S3,eu-west-1,Engineering,7.18,24.53
2025-05-16,AWS,S3,ap-south-1,QA,11.63,24.87
2025-05-16,Azure,Blob Storage,East US,DevOps,14.67,56.2
2025-05-16,Azure,Blob Storage,West Europe,Engineering,10.88,28.71
2025-05-16,Azure,Blob Storage,Southeast Asia,Engineering,18.36,62.93
2025-05-16,Azure,CDN,East US,Data Science,11.18,22.73
2025-05-16,Azure,CDN,Southeast Asia,Engineering,11.92,32.32
2025-05-16,Azure,Functions,Central India,QA,8.38,19.85
2025-05-16,Azure,Functions,Southeast Asia,QA,10.24,26.86
2025-05-16,Azure,SQL Database,East US,QA,30.63,105.58
2025-05-16,Azure,SQL Database,Central India,DevOps,51.06,191.55
2025-05-16,Azure,Virtual Machines,East US,DevOps,54.2,86.56
2025-05-16,Azure,Virtual Machines,West Europe,QA,64.92,216.06
2025-05-16,Azure,Virtual Machines,Central India,Data Science,43.48,149.24
2025-05-16,Azure,Virtual Machines,Southeast Asia,Marketing,52.71,95.45
2025-05-16,GCP,BigQuery,us-central1,QA,29.9,88.94
2025-05-16,GCP,BigQuery,europe-west1,DevOps,17.43,27.4
2025-05-16,GCP,Cloud CDN,us-central1,Finance,16.89,43.95
2025-05-16,GCP,Cloud Functions,us-central1,DevOps,7.99,20.03
2025-05-16,GCP,Cloud Functions,asia-south1,Finance,4.81,11.51
2025-05-16,GCP,Cloud Storage,us-central1,DevOps,10.07,39.0
2025-05-16,GCP,Cloud Storage,europe-west1,DevOps,7.31,30.19
2025-05-16,GCP,Cloud Storage,asia-south1,DevOps,14.85,30.07
2025-05-16,GCP,Compute Engine,us-central1,Finance,45.6,106.15
2025-05-16,GCP,Compute Engine,europe-west1,Finance,82.31,176.89
2025-05-16,GCP,Compute Engine,asia-south1,Marketing,70.22,151.48
2025-05-17,AWS,CloudFront,eu-west-1,QA,12.17,45.06
2025-05-17,AWS,EBS,us-west-2,Engineering,13.32,27.4
2025-05-17,AWS,EBS,eu-west-1,Engineering,17.46,33.52
2025-05-17,AWS,EBS,ap-south-1,Finance,9.08,37.71
2025-05-17,AWS,EC2,us-east-1,DevOps,50.65,159.44
2025-05-17,AWS,EC2,us-west-2,Marketing,47.18,128.85
2025-05-17,AWS,EC2,eu-west-1,Finance,40.43,99.97
2025-05-17,AWS,Lambda,us-west-2,DevOps,4.03,6.61
2025-05-17,AWS,Lambda,eu-west-1,QA,4.37,11.85
2025-05-17,AWS,Lambda,ap-south-1,Marketing,5.48,9.27
2025-05-17,AWS,RDS,us-east-1,Engineering,34.18,105.68
2025-05-17,AWS,RDS,us-west-2,Finance,43.34,153.51
2025-05-17,AWS,RDS,eu-west-1,QA,46.51,141.98
2025-05-17,AWS,RDS,ap-south-1,Engineering,49.54,78.91
2025-05-17,AWS,S3,us-east-1,DevOps,9.37,21.38
2025-05-17,AWS,S3,us-west-2,Marketing,8.69,26.82
2025-05-17,AWS,S3,eu-west-1,Engineering,7.52,29.96
2025-05-17,AWS,S3,ap-south-1,QA,12.41,26.93
2025-05-17,Azure,Blob Storage,East US,DevOps,14.32,50.1
2025-05-17,Azure,Blob Storage,West Europe,Engineering,9.88,22.91
2025-05-17,Azure,Blob Storage,Southeast Asia,Engineering,14.98,50.21
2025-05-17,Azure,CDN,East US,Data Science,12.49,29.8
2025-05-17,Azure,CDN,Southeast Asia,Engineering,10.38,25.91
2025-05-17,Azure,Functions,Central India,QA,8.8,19.68
2025-05-17,Azure,Functions,Southeast Asia,QA,9.9,23.84
2025-05-17,Azure,SQL Database,East US,QA,35.55,115.37
2025-05-17,Azure,SQL Database,Central India,DevOps,39.14,138.45
2025-05-17,Azure,Virtual Machines,East US,DevOps,56.07,84.57
2025-05-17,Azure,Virtual Machines,West Europe,QA,69.53,252.61
2025-05-17,Azure,Virtual Machines,Central India,Data Science,40.26,137.71
2025-05-17,Azure,Virtual Machines,Southeast Asia,Marketing,45.31,85.82
2025-05-17,GCP,BigQuery,us-central1,QA,32.79,110.69
2025-05-17,GCP,BigQuery,europe-west1,DevOps,15.2,24.7
2025-05-17,GCP,Cloud CDN,us-central1,Finance,18.03,45.6
2025-05-17,GCP,Cloud Functions,us-central1,DevOps,9.02,24.37
2025-05-17,GCP,Cloud Functions,asia-south1,Finance,4.92,12.47
2025-05-17,GCP,Cloud Storage,us-central1,DevOps,9.79,37.74
2025-05-17,GCP,Cloud Storage,europe-west1,DevOps,6.9,24.64
2025-05-17,GCP,Cloud Storage,asia-south1,DevOps,15.09,30.47
2025-05-17,GCP,Compute Engine,us-central1,Finance,38.79,76.5
2025-05-17,GCP,Compute Engine,europe-west1,Finance,64.14,118.64
2025-05-17,GCP,Compute Engine,asia-south1,Marketing,70.56,156.91
2025-05-18,AWS,CloudFront,eu-west-1,QA,13.48,51.52
2025-05-18,AWS,EBS,us-west-2,Engineering,12.18,23.37
2025-05-18,AWS,EBS,eu-west-1,Engineering,15.86,30.99
2025-05-18,AWS,EBS,ap-south-1,Finance,9.26,34.02
2025-05-18,AWS,EC2,us-east-1,DevOps,51.08,150.06
2025-05-18,AWS,EC2,us-west-2,Marketing,42.28,101.22
2025-05-18,AWS,EC2,eu-west-1,Finance,45.11,125.96
2025-05-18,AWS,Lambda,us-west-2,DevOps,4.99,9.05
2025-05-18,AWS,Lambda,eu-west-1,QA,4.41,11.17
2025-05-18,AWS,Lambda,ap-south-1,Marketing,5.1,8.83
2025-05-18,AWS,RDS,us-east-1,Engineering,28.47,90.23
2025-05-18,AWS,RDS,us-west-2,Finance,46.39,162.31
2025-05-18,AWS,RDS,eu-west-1,QA,43.2,133.71
2025-05-18,AWS,RDS,ap-south-1,Engineering,45.0,72.59
2025-05-18,AWS,S3,us-east-1,DevOps,9.87,19.78
2025-05-18,AWS,S3,us-west-2,Marketing,7.94,24.5
2025-05-18,AWS,S3,eu-west-1,Engineering,6.84,27.01
2025-05-18,AWS,S3,ap-south-1,QA,14.04,33.77
2025-05-18,Azure,Blob Storage,East US,DevOps,12.76,49.16
2025-05-18,Azure,Blob Storage,West Europe,Engineering,10.83,27.94
2025-05-18,Azure,Blob Storage,Southeast Asia,Engineering,17.57,59.09
2025-05-18,Azure,CDN,East US,Data Science,13.78,31.33
2025-05-18,Azure,CDN,Southeast Asia,Engineering,11.61,29.87
2025-05-18,Azure,Functions,Central India,QA,8.45,21.88
2025-05-18,Azure,Functions,Southeast Asia,QA,9.77,22.89
2025-05-18,Azure,SQL Database,East US,QA,32.03,102.58
2025-05-18,Azure,SQL Database,Central India,DevOps,50.48,179.23
2025-05-18,Azure,Virtual Machines,East US,DevOps,51.09,82.57
2025-05-18,Azure,Virtual Machines,West Europe,QA,70.54,255.63
2025-05-18,Azure,Virtual Machines,Central India,Data Science,45.03,138.45
2025-05-18,Azure,Virtual Machines,Southeast Asia,Marketing,45.78,81.65
2025-05-18,GCP,BigQuery,us-central1,QA,30.11,88.24
2025-05-18,GCP,BigQuery,europe-west1,DevOps,19.83,30.4
2025-05-18,GCP,Cloud CDN,us-central1,Finance,17.19,46.8
2025-05-18,GCP,Cloud Functions,us-central1,DevOps,9.74,25.16
2025-05-18,GCP,Cloud Functions,asia-south1,Finance,5.24,13.34
2025-05-18,GCP,Cloud Storage,us-central1,DevOps,10.59,40.95
2025-05-18,GCP,Cloud Storage,europe-west1,DevOps,6.44,23.64
2025-05-18,GCP,Cloud Storage,asia-south1,DevOps,15.68,28.13
2025-05-18,GCP,Compute Engine,us-central1,Finance,48.63,95.74
2025-05-18,GCP,Compute Engine,europe-west1,Finance,79.88,148.55
2025-05-18,GCP,Compute Engine,asia-south1,Marketing,75.86,188.8
2025-05-19,AWS,CloudFront,eu-west-1,QA,13.91,50.84
2025-05-19,AWS,EBS,us-west-2,Engineering,12.68,25.98
2025-05-19,AWS,EBS,eu-west-1,Engineering,14.69,26.18
2025-05-19,AWS,EBS,ap-south-1,Finance,10.14,37.39
2025-05-19,AWS,EC2,us-east-1,DevOps,49.35,158.21
2025-05-19,AWS,EC2,us-west-2,Marketing,48.05,115.02
2025-05-19,AWS,EC2,eu-west-1,Finance,45.7,125.62
2025-05-19,AWS,Lambda,us-west-2,DevOps,4.56,7.36
2025-05-19,AWS,Lambda,eu-west-1,QA,4.93,12.89
2025-05-19,AWS,Lambda,ap-south-1,Marketing,6.18,9.26
2025-05-19,AWS,RDS,us-east-1,Engineering,35.73,116.14
2025-05-19,AWS,RDS,us-west-2,Finance,45.25,154.26
2025-05-19,AWS,RDS,eu-west-1,QA,42.88,122.88
2025-05-19,AWS,RDS,ap-south-1,Engineering,49.72,71.06
2025-05-19,AWS,S3,us-east-1,DevOps,9.17,18.09
2025-05-19,AWS,S3,us-west-2,Marketing,8.3,27.4
2025-05-19,AWS,S3,eu-west-1,Engineering,7.28,26.84
2025-05-19,AWS,S3,ap-south-1,QA,11.97,30.82
2025-05-19,Azure,Blob Storage,East US,DevOps,25.65,56.95
2025-05-19,Azure,Blob Storage,West Europe,Engineering,11.64,28.96
2025-05-19,Azure,Blob Storage,Southeast Asia,Engineering,17.72,57.72
2025-05-19,Azure,CDN,East US,Data Science,11.29,25.13
2025-05-19,Azure,CDN,Southeast Asia,Engineering,10.22,25.71
2025-05-19,Azure,Functions,Central India,QA,9.33,23.54
2025-05-19,Azure,Functions,Southeast Asia,QA,10.34,23.86
2025-05-19,Azure,SQL Database,East US,QA,38.25,121.38
2025-05-19,Azure,SQL Database,Central India,DevOps,46.8,169.65
2025-05-19,Azure,Virtual Machines,East US,DevOps,63.08,102.56
2025-05-19,Azure,Virtual Machines,West Europe,QA,69.6,227.12
2025-05-19,Azure,Virtual Machines,Central India,Data Science,45.03,146.06
2025-05-19,Azure,Virtual Machines,Southeast Asia,Marketing,47.87,86.28
2025-05-19,GCP,BigQuery,us-central1,QA,28.84,93.61
2025-05-19,GCP,BigQuery,europe-west1,DevOps,16.9,25.79
2025-05-19,GCP,Cloud CDN,us-central1,Finance,18.67,49.21
2025-05-19,GCP,Cloud Functions,us-central1,DevOps,9.27,24.81
2025-05-19,GCP,Cloud Functions,asia-south1,Finance,5.0,11.53
2025-05-19,GCP,Cloud Storage,us-central1,DevOps,10.54,39.48
2025-05-19,GCP,Cloud Storage,europe-west1,DevOps,7.14,25.71
2025-05-19,GCP,Cloud Storage,asia-south1,DevOps,15.03,31.12
2025-05-19,GCP,Compute Engine,us-central1,Finance,44.69,94.16
2025-05-19,GCP,Compute Engine,europe-west1,Finance,81.91,153.76
2025-05-19,GCP,Compute Engine,asia-south1,Marketing,76.58,182.01
2025-05-20,AWS,CloudFront,eu-west-1,QA,13.56,52.05
2025-05-20,AWS,EBS,us-west-2,Engineering,13.13,25.71
2025-05-20,AWS,EBS,eu-west-1,Engineering,15.59,30.81
2025-05-20,AWS,EBS,ap-south-1,Finance,12.05,49.19
2025-05-20,AWS,EC2,us-east-1,DevOps,44.77,133.79
2025-05-20,AWS,EC2,us-west-2,Marketing,48.53,114.65
2025-05-20,AWS,EC2,eu-west-1,Finance,45.0,126.74
2025-05-20,AWS,Lambda,us-west-2,DevOps,5.15,8.54
2025-05-20,AWS,Lambda,eu-west-1,QA,5.08,14.28
2025-05-20,AWS,Lambda,ap-south-1,Marketing,5.77,8.51
2025-05-20,AWS,RDS,us-east-1,Engineering,34.63,111.03
2025-05-20,AWS,RDS,us-west-2,Finance,37.3,146.58
2025-05-20,AWS,RDS,eu-west-1,QA,41.57,137.74
2025-05-20,AWS,RDS,ap-south-1,Engineering,51.04,73.68
2025-05-20,AWS,S3,us-east-1,DevOps,8.5,19.81
2025-05-20,AWS,S3,us-west-2,Marketing,8.65,30.45
2025-05-20,AWS,S3,eu-west-1,Engineering,6.89,23.77
2025-05-20,AWS,S3,ap-south-1,QA,12.9,32.78
2025-05-20,Azure,Blob Storage,East US,DevOps,14.2,52.06
2025-05-20,Azure,Blob Storage,West Europe,Engineering,10.2,25.24
2025-05-20,Azure,Blob Storage,Southeast Asia,Engineering,16.41,63.12
2025-05-20,Azure,CDN,East US,Data Science,14.28,30.14
2025-05-20,Azure,CDN,Southeast Asia,Engineering,10.65,25.43
2025-05-20,Azure,Functions,Central India,QA,8.95,21.56
2025-05-20,Azure,Functions,Southeast Asia,QA,10.47,26.33
2025-05-20,Azure,SQL Database,East US,QA,32.22,115.62
2025-05-20,Azure,SQL Database,Central India,DevOps,46.14,165.95
2025-05-20,Azure,Virtual Machines,East US,DevOps,51.63,88.23
2025-05-20,Azure,Virtual Machines,West Europe,QA,61.4,217.02
2025-05-20,Azure,Virtual Machines,Central India,Data Science,48.68,145.18
2025-05-20,Azure,Virtual Machines,Southeast Asia,Marketing,48.98,94.59
2025-05-20,GCP,BigQuery,us-central1,QA,26.54,81.74
2025-05-20,GCP,BigQuery,europe-west1,DevOps,16.73,27.27
2025-05-20,GCP,Cloud CDN,us-central1,Finance,20.2,60.34
2025-05-20,GCP,Cloud Functions,us-central1,DevOps,9.77,22.89
2025-05-20,GCP,Cloud Functions,asia-south1,Finance,5.22,12.06
2025-05-20,GCP,Cloud Storage,us-central1,DevOps,12.0,42.65
2025-05-20,GCP,Cloud Storage,europe-west1,DevOps,7.4,25.33
2025-05-20,GCP,Cloud Storage,asia-south1,DevOps,16.7,34.82
2025-05-20,GCP,Compute Engine,us-central1,Finance,41.52,90.56
2025-05-20,GCP,Compute Engine,europe-west1,Finance,84.3,185.52
2025-05-20,GCP,Compute Engine,asia-south1,Marketing,77.75,171.91
2025-05-21,AWS,CloudFront,eu-west-1,QA,14.03,50.53
2025-05-21,AWS,EBS,us-west-2,Engineering,12.88,25.05
2025-05-21,AWS,EBS,eu-west-1,Engineering,18.6,35.01
2025-05-21,AWS,EBS,ap-south-1,Finance,9.84,34.91
2025-05-21,AWS,EC2,us-east-1,DevOps,52.91,146.41
2025-05-21,AWS,EC2,us-west-2,Marketing,47.03,134.37
2025-05-21,AWS,EC2,eu-west-1,Finance,48.37,127.44
2025-05-21,AWS,Lambda,us-west-2,DevOps,5.0,8.46
2025-05-21,AWS,Lambda,eu-west-1,QA,4.83,13.28
2025-05-21,AWS,Lambda,ap-south-1,Marketing,5.99,9.37
2025-05-21,AWS,RDS,us-east-1,Engineering,34.84,107.03
2025-05-21,AWS,RDS,us-west-2,Finance,43.76,161.03
2025-05-21,AWS,RDS,eu-west-1,QA,47.07,144.78
2025-05-21,AWS,RDS,ap-south-1,Engineering,49.22,70.24
2025-05-21,AWS,S3,us-east-1,DevOps,9.29,18.26
2025-05-21,AWS,S3,us-west-2,Marketing,8.11,24.47
2025-05-21,AWS,S3,eu-west-1,Engineering,7.56,30.12
2025-05-21,AWS,S3,ap-south-1,QA,13.49,35.03
2025-05-21,Azure,Blob Storage,East US,DevOps,14.39,48.75
2025-05-21,Azure,Blob Storage,West Europe,Engineering,10.41,24.84
2025-05-21,Azure,Blob Storage,Southeast Asia,Engineering,15.77,56.94
2025-05-21,Azure,CDN,East US,Data Science,14.69,31.72
2025-05-21,Azure,CDN,Southeast Asia,Engineering,10.83,29.5
2025-05-21,Azure,Functions,Central India,QA,8.67,20.02
2025-05-21,Azure,Functions,Southeast Asia,QA,10.33,24.45
2025-05-21,Azure,SQL Database,East US,QA,34.42,119.15
2025-05-21,Azure,SQL Database,Central India,DevOps,42.74,159.34
2025-05-21,Azure,Virtual Machines,East US,DevOps,61.66,95.62
2025-05-21,Azure,Virtual Machines,West Europe,QA,61.15,204.86
2025-05-21,Azure,Virtual Machines,Central India,Data Science,40.96,119.23
2025-05-21,Azure,Virtual Machines,Southeast Asia,Marketing,48.3,84.19
2025-05-21,GCP,BigQuery,us-central1,QA,29.51,101.27
2025-05-21,GCP,BigQuery,europe-west1,DevOps,19.2,27.72
2025-05-21,GCP,Cloud CDN,us-central1,Finance,17.5,47.25
2025-05-21,GCP,Cloud Functions,us-central1,DevOps,9.47,24.39
2025-05-21,GCP,Cloud Functions,asia-south1,Finance,5.36,13.09
2025-05-21,GCP,Cloud Storage,us-central1,DevOps,10.76,40.28
2025-05-21,GCP,Cloud Storage,europe-west1,DevOps,6.97,25.02
2025-05-21,GCP,Cloud Storage,asia-south1,DevOps,16.38,30.72
2025-05-21,GCP,Compute Engine,us-central1,Finance,46.87,89.98
2025-05-21,GCP,Compute Engine,europe-west1,Finance,67.37,124.88
2025-05-21,GCP,Compute Engine,asia-south1,Marketing,71.35,151.89
2025-05-22,AWS,CloudFront,eu-west-1,QA,14.73,48.58
2025-05-22,AWS,EBS,us-west-2,Engineering,13.01,22.51
2025-05-22,AWS,EBS,eu-west-1,Engineering,14.41,25.99
2025-05-22,AWS,EBS,ap-south-1,Finance,10.44,43.35
2025-05-22,AWS,EC2,us-east-1,DevOps,51.74,161.29
2025-05-22,AWS,EC2,us-west-2,Marketing,50.67,138.95
2025-05-22,AWS,EC2,eu-west-1,Finance,43.37,105.78
2025-05-22,AWS,Lambda,us-west-2,DevOps,5.09,8.17
2025-05-22,AWS,Lambda,eu-west-1,QA,4.81,12.01
2025-05-22,AWS,Lambda,ap-south-1,Marketing,5.94,8.5
2025-05-22,AWS,RDS,us-east-1,Engineering,32.03,95.81
2025-05-22,AWS,RDS,us-west-2,Finance,45.35,173.65
2025-05-22,AWS,RDS,eu-west-1,QA,39.13,119.43
2025-05-22,AWS,RDS,ap-south-1,Engineering,44.85,71.57
2025-05-22,AWS,S3,us-east-1,DevOps,9.06,19.23
2025-05-22,AWS,S3,us-west-2,Marketing,8.55,29.34
2025-05-22,AWS,S3,eu-west-1,Engineering,7.19,29.73
2025-05-22,AWS,S3,ap-south-1,QA,12.27,29.21
2025-05-22,Azure,Blob Storage,East US,DevOps,12.86,50.53
2025-05-22,Azure,Blob Storage,West Europe,Engineering,12.25,27.97
2025-05-22,Azure,Blob Storage,Southeast Asia,Engineering,17.43,60.41
2025-05-22,Azure,CDN,East US,Data Science,13.33,26.77
2025-05-22,Azure,CDN,Southeast Asia,Engineering,11.64,30.04
2025-05-22,Azure,Functions,Central India,QA,7.53,17.05
2025-05-22,Azure,Functions,Southeast Asia,QA,11.79,31.79
2025-05-22,Azure,SQL Database,East US,QA,36.45,108.19
2025-05-22,Azure,SQL Database,Central India,DevOps,46.93,171.7
2025-05-22,Azure,Virtual Machines,East US,DevOps,67.4,107.23
2025-05-22,Azure,Virtual Machines,West Europe,QA,61.13,203.51
2025-05-22,Azure,Virtual Machines,Central India,Data Science,49.15,162.0
2025-05-22,Azure,Virtual Machines,Southeast Asia,Marketing,42.73,81.97
2025-05-22,GCP,BigQuery,us-central1,QA,26.69,78.41
2025-05-22,GCP,BigQuery,europe-west1,DevOps,18.02,25.52
2025-05-22,GCP,Cloud CDN,us-central1,Finance,19.67,58.24
2025-05-22,GCP,Cloud Functions,us-central1,DevOps,10.32,26.0
2025-05-22,GCP,Cloud Functions,asia-south1,Finance,6.06,16.22
2025-05-22,GCP,Cloud Storage,us-central1,DevOps,12.0,46.4
2025-05-22,GCP,Cloud Storage,europe-west1,DevOps,6.88,23.86
2025-05-22,GCP,Cloud Storage,asia-south1,DevOps,14.87,27.15
2025-05-22,GCP,Compute Engine,us-central1,Finance,46.14,97.82
2025-05-22,GCP,Compute Engine,europe-west1,Finance,72.8,136.1
2025-05-22,GCP,Compute Engine,asia-south1,Marketing,72.83,166.78
2025-05-23,AWS,CloudFront,eu-west-1,QA,14.79,48.63
2025-05-23,AWS,EBS,us-west-2,Engineering,13.97,25.49
2025-05-23,AWS,EBS,eu-west-1,Engineering,16.88,36.15
2025-05-23,AWS,EBS,ap-south-1,Finance,10.21,38.98
2025-05-23,AWS,EC2,us-east-1,DevOps,45.84,130.08
2025-05-23,AWS,EC2,us-west-2,Marketing,43.05,109.39
2025-05-23,AWS,EC2,eu-west-1,Finance,51.49,123.35
2025-05-23,AWS,Lambda,us-west-2,DevOps,5.64,10.25
2025-05-23,AWS,Lambda,eu-west-1,QA,4.78,11.63
2025-05-23,AWS,Lambda,ap-south-1,Marketing,5.83,9.72
2025-05-23,AWS,RDS,us-east-1,Engineering,33.18,97.24
2025-05-23,AWS,RDS,us-west-2,Finance,45.7,178.44
2025-05-23,AWS,RDS,eu-west-1,QA,40.95,132.39
2025-05-23,AWS,RDS,ap-south-1,Engineering,46.81,77.29
2025-05-23,AWS,S3,us-east-1,DevOps,9.12,19.78
2025-05-23,AWS,S3,us-west-2,Marketing,7.11,24.13
2025-05-23,AWS,S3,eu-west-1,Engineering,7.55,27.1
2025-05-23,AWS,S3,ap-south-1,QA,14.47,36.24
2025-05-23,Azure,Blob Storage,East US,DevOps,12.3,46.35
2025-05-23,Azure,Blob Storage,West Europe,Engineering,10.4,28.04
2025-05-23,Azure,Blob Storage,Southeast Asia,Engineering,17.11,58.84
2025-05-23,Azure,CDN,East US,Data Science,12.7,30.56
2025-05-23,Azure,CDN,Southeast Asia,Engineering,10.89,30.08
2025-05-23,Azure,Functions,Central India,QA,9.12,21.99
2025-05-23,Azure,Functions,Southeast Asia,QA,10.96,24.85
2025-05-23,Azure,SQL Database,East US,QA,42.35,151.75
2025-05-23,Azure,SQL Database,Central India,DevOps,56.5,181.24
2025-05-23,Azure,Virtual Machines,East US,DevOps,68.88,103.73
2025-05-23,Azure,Virtual Machines,West Europe,QA,66.8,202.12
2025-05-23,Azure,Virtual Machines,Central India,Data Science,44.05,136.02
2025-05-23,Azure,Virtual Machines,Southeast Asia,Marketing,49.0,98.31
2025-05-23,GCP,BigQuery,us-central1,QA,29.25,90.04
2025-05-23,GCP,BigQuery,europe-west1,DevOps,19.52,31.58
2025-05-23,GCP,Cloud CDN,us-central1,Finance,18.37,48.61
2025-05-23,GCP,Cloud Functions,us-central1,DevOps,10.53,28.22
2025-05-23,GCP,Cloud Functions,asia-south1,Finance,9.4,12.31
2025-05-23,GCP,Cloud Storage,us-central1,DevOps,12.22,42.95
2025-05-23,GCP,Cloud Storage,europe-west1,DevOps,7.62,28.1
2025-05-23,GCP,Cloud Storage,asia-south1,DevOps,14.43,29.32
2025-05-23,GCP,Compute Engine,us-central1,Finance,41.57,80.79
2025-05-23,GCP,Compute Engine,europe-west1,Finance,81.08,178.93
2025-05-23,GCP,Compute Engine,asia-south1,Marketing,77.23,176.85
2025-05-24,AWS,CloudFront,eu-west-1,QA,14.94,50.39
2025-05-24,AWS,EBS,us-west-2,Engineering,31.19,26.36
2025-05-24,AWS,EBS,eu-west-1,Engineering,16.41,31.33
2025-05-24,AWS,EBS,ap-south-1,Finance,10.24,42.35
2025-05-24,AWS,EC2,us-east-1,DevOps,47.71,135.46
2025-05-24,AWS,EC2,us-west-2,Marketing,52.27,131.27
2025-05-24,AWS,EC2,eu-west-1,Finance,47.32,113.95
2025-05-24,AWS,Lambda,us-west-2,DevOps,4.86,8.12
2025-05-24,AWS,Lambda,eu-west-1,QA,5.03,13.94
2025-05-24,AWS,Lambda,ap-south-1,Marketing,6.62,11.23
2025-05-24,AWS,RDS,us-east-1,Engineering,28.47,92.81
2025-05-24,AWS,RDS,us-west-2,Finance,39.03,150.97
2025-05-24,AWS,RDS,eu-west-1,QA,39.2,122.73
2025-05-24,AWS,RDS,ap-south-1,Engineering,51.53,81.47
2025-05-24,AWS,S3,us-east-1,DevOps,8.92,19.18
2025-05-24,AWS,S3,us-west-2,Marketing,9.3,32.9
2025-05-24,AWS,S3,eu-west-1,Engineering,6.8,24.84
2025-05-24,AWS,S3,ap-south-1,QA,14.1,35.66
2025-05-24,Azure,Blob Storage,East US,DevOps,12.86,49.96
2025-05-24,Azure,Blob Storage,West Europe,Engineering,11.59,28.19
2025-05-24,Azure,Blob Storage,Southeast Asia,Engineering,18.16,65.78
2025-05-24,Azure,CDN,East US,Data Science,12.54,28.85
2025-05-24,Azure,CDN,Southeast Asia,Engineering,9.24,24.96
2025-05-24,Azure,Functions,Central India,QA,8.75,22.93
2025-05-24,Azure,Functions,Southeast Asia,QA,9.56,25.73
2025-05-24,Azure,SQL Database,East US,QA,34.59,119.81
2025-05-24,Azure,SQL Database,Central India,DevOps,47.95,180.71
2025-05-24,Azure,Virtual Machines,East US,DevOps,58.48,88.41
2025-05-24,Azure,Virtual Machines,West Europe,QA,80.01,269.67
2025-05-24,Azure,Virtual Machines,Central India,Data Science,42.37,123.97
2025-05-24,Azure,Virtual Machines,Southeast Asia,Marketing,89.39,80.59
2025-05-24,GCP,BigQuery,us-central1,QA,29.95,96.54
2025-05-24,GCP,BigQuery,europe-west1,DevOps,17.57,24.19
2025-05-24,GCP,Cloud CDN,us-central1,Finance,18.63,54.7
2025-05-24,GCP,Cloud Functions,us-central1,DevOps,8.88,21.98
2025-05-24,GCP,Cloud Functions,asia-south1,Finance,5.12,12.33
2025-05-24,GCP,Cloud Storage,us-central1,DevOps,10.61,36.89
2025-05-24,GCP,Cloud Storage,europe-west1,DevOps,6.97,28.72
2025-05-24,GCP,Cloud Storage,asia-south1,DevOps,16.33,29.57
2025-05-24,GCP,Compute Engine,us-central1,Finance,45.4,91.28
2025-05-24,GCP,Compute Engine,europe-west1,Finance,78.77,147.49
2025-05-24,GCP,Compute Engine,asia-south1,Marketing,83.15,205.21
2025-05-25,AWS,CloudFront,eu-west-1,QA,15.16,47.76
2025-05-25,AWS,EBS,us-west-2,Engineering,14.2,27.59
2025-05-25,AWS,EBS,eu-west-1,Engineering,14.79,28.85
2025-05-25,AWS,EBS,ap-south-1,Finance,10.91,40.22
2025-05-25,AWS,EC2,us-east-1,DevOps,54.26,144.02
2025-05-25,AWS,EC2,us-west-2,Marketing,45.47,115.47
2025-05-25,AWS,EC2,eu-west-1,Finance,35.59,82.64
2025-05-25,AWS,Lambda,us-west-2,DevOps,5.33,8.81
2025-05-25,AWS,Lambda,eu-west-1,QA,4.1,10.4
2025-05-25,AWS,Lambda,ap-south-1,Marketing,5.42,8.86
2025-05-25,AWS,RDS,us-east-1,Engineering,36.26,117.11
2025-05-25,AWS,RDS,us-west-2,Finance,40.75,151.28
2025-05-25,AWS,RDS,eu-west-1,QA,44.75,155.53
2025-05-25,AWS,RDS,ap-south-1,Engineering,55.75,90.92
2025-05-25,AWS,S3,us-east-1,DevOps,8.18,16.0
2025-05-25,AWS,S3,us-west-2,Marketing,9.69,30.28
2025-05-25,AWS,S3,eu-west-1,Engineering,6.95,24.67
2025-05-25,AWS,S3,ap-south-1,QA,15.56,37.94
2025-05-25,Azure,Blob Storage,East US,DevOps,15.18,51.77
2025-05-25,Azure,Blob Storage,West Europe,Engineering,12.44,32.48
2025-05-25,Azure,Blob Storage,Southeast Asia,Engineering,15.37,53.27
2025-05-25,Azure,CDN,East US,Data Science,13.36,29.95
2025-05-25,Azure,CDN,Southeast Asia,Engineering,12.09,28.66
2025-05-25,Azure,Functions,Central India,QA,8.96,20.44
2025-05-25,Azure,Functions,Southeast Asia,QA,9.47,23.95
2025-05-25,Azure,SQL Database,East US,QA,38.0,116.01
2025-05-25,Azure,SQL Database,Central India,DevOps,52.75,189.82
2025-05-25,Azure,Virtual Machines,East US,DevOps,58.53,84.03
2025-05-25,Azure,Virtual Machines,West Europe,QA,68.43,245.5
2025-05-25,Azure,Virtual Machines,Central India,Data Science,46.62,153.37
2025-05-25,Azure,Virtual Machines,Southeast Asia,Marketing,45.88,92.83
2025-05-25,GCP,BigQuery,us-central1,QA,24.5,84.16
2025-05-25,GCP,BigQuery,europe-west1,DevOps,17.71,25.01
2025-05-25,GCP,Cloud CDN,us-central1,Finance,18.28,49.86
2025-05-25,GCP,Cloud Functions,us-central1,DevOps,10.16,24.0
2025-05-25,GCP,Cloud Functions,asia-south1,Finance,5.46,12.86
2025-05-25,GCP,Cloud Storage,us-central1,DevOps,10.81,37.94
2025-05-25,GCP,Cloud Storage,europe-west1,DevOps,8.01,31.38
2025-05-25,GCP,Cloud Storage,asia-south1,DevOps,15.55,32.63
2025-05-25,GCP,Compute Engine,us-central1,Finance,44.1,97.48
2025-05-25,GCP,Compute Engine,europe-west1,Finance,79.99,174.57
2025-05-25,GCP,Compute Engine,asia-south1,Marketing,72.82,186.03
2025-05-26,AWS,CloudFront,eu-west-1,QA,14.64,53.02
2025-05-26,AWS,EBS,us-west-2,Engineering,15.15,29.68
2025-05-26,AWS,EBS,eu-west-1,Engineering,15.94,33.61
2025-05-26,AWS,EBS,ap-south-1,Finance,12.0,47.73
2025-05-26,AWS,EC2,us-east-1,DevOps,53.3,157.63
2025-05-26,AWS,EC2,us-west-2,Marketing,42.35,116.97
2025-05-26,AWS,EC2,eu-west-1,Finance,51.2,128.64
2025-05-26,AWS,Lambda,us-west-2,DevOps,4.63,8.33
2025-05-26,AWS,Lambda,eu-west-1,QA,9.74,12.38
2025-05-26,AWS,Lambda,ap-south-1,Marketing,5.6,8.41
2025-05-26,AWS,RDS,us-east-1,Engineering,31.28,101.86
2025-05-26,AWS,RDS,us-west-2,Finance,46.61,170.14
2025-05-26,AWS,RDS,eu-west-1,QA,48.33,148.84
2025-05-26,AWS,RDS,ap-south-1,Engineering,59.06,91.96
2025-05-26,AWS,S3,us-east-1,DevOps,8.12,15.79
2025-05-26,AWS,S3,us-west-2,Marketing,9.17,29.9
2025-05-26,AWS,S3,eu-west-1,Engineering,6.65,25.6
2025-05-26,AWS,S3,ap-south-1,QA,14.29,32.75
2025-05-26,Azure,Blob Storage,East US,DevOps,16.12,53.36
2025-05-26,Azure,Blob Storage,West Europe,Engineering,10.28,28.22
2025-05-26,Azure,Blob Storage,Southeast Asia,Engineering,18.42,70.93
2025-05-26,Azure,CDN,East US,Data Science,27.23,30.24
2025-05-26,Azure,CDN,Southeast Asia,Engineering,11.16,29.03
2025-05-26,Azure,Functions,Central India,QA,8.18,20.17
2025-05-26,Azure,Functions,Southeast Asia,QA,10.51,28.71
2025-05-26,Azure,SQL Database,East US,QA,39.85,119.74
2025-05-26,Azure,SQL Database,Central India,DevOps,46.72,150.07
2025-05-26,Azure,Virtual Machines,East US,DevOps,60.06,90.78
2025-05-26,Azure,Virtual Machines,West Europe,QA,80.55,282.52
2025-05-26,Azure,Virtual Machines,Central India,Data Science,50.38,170.65
2025-05-26,Azure,Virtual Machines,Southeast Asia,Marketing,48.38,83.05
2025-05-26,GCP,BigQuery,us-central1,QA,33.65,101.39
2025-05-26,GCP,BigQuery,europe-west1,DevOps,17.19,25.42
2025-05-26,GCP,Cloud CDN,us-central1,Finance,18.9,47.18
2025-05-26,GCP,Cloud Functions,us-central1,DevOps,9.92,23.93
2025-05-26,GCP,Cloud Functions,asia-south1,Finance,5.04,12.32
2025-05-26,GCP,Cloud Storage,us-central1,DevOps,10.49,38.41
2025-05-26,GCP,Cloud Storage,europe-west1,DevOps,6.69,26.24
2025-05-26,GCP,Cloud Storage,asia-south1,DevOps,14.77,28.8
2025-05-26,GCP,Compute Engine,us-central1,Finance,41.47,92.14
2025-05-26,GCP,Compute Engine,europe-west1,Finance,76.19,163.78
2025-05-26,GCP,Compute Engine,asia-south1,Marketing,76.34,175.33
2025-05-27,AWS,CloudFront,eu-west-1,QA,14.52,48.4
2025-05-27,AWS,EBS,us-west-2,Engineering,13.03,25.96
2025-05-27,AWS,EBS,eu-west-1,Engineering,14.02,25.9
2025-05-27,AWS,EBS,ap-south-1,Finance,11.22,42.63
2025-05-27,AWS,EC2,us-east-1,DevOps,48.07,141.74
2025-05-27,AWS,EC2,us-west-2,Marketing,47.47,128.3
2025-05-27,AWS,EC2,eu-west-1,Finance,42.14,101.57
2025-05-27,AWS,Lambda,us-west-2,DevOps,5.01,8.11
2025-05-27,AWS,Lambda,eu-west-1,QA,4.84,13.57
2025-05-27,AWS,Lambda,ap-south-1,Marketing,6.51,9.48
2025-05-27,AWS,RDS,us-east-1,Engineering,31.71,96.98
2025-05-27,AWS,RDS,us-west-2,Finance,40.68,148.12
2025-05-27,AWS,RDS,eu-west-1,QA,43.1,139.79
2025-05-27,AWS,RDS,ap-south-1,Engineering,51.44,76.19
2025-05-27,AWS,S3,us-east-1,DevOps,8.81,17.3
2025-05-27,AWS,S3,us-west-2,Marketing,10.48,37.44
2025-05-27,AWS,S3,eu-west-1,Engineering,7.07,24.92
2025-05-27,AWS,S3,ap-south-1,QA,12.46,29.32
2025-05-27,Azure,Blob Storage,East US,DevOps,14.55,51.0
2025-05-27,Azure,Blob Storage,West Europe,Engineering,10.37,26.49
2025-05-27,Azure,Blob Storage,Southeast Asia,Engineering,18.92,64.01
2025-05-27,Azure,CDN,East US,Data Science,10.78,23.62
2025-05-27,Azure,CDN,Southeast Asia,Engineering,9.05,25.85
2025-05-27,Azure,Functions,Central India,QA,10.1,26.83
2025-05-27,Azure,Functions,Southeast Asia,QA,10.34,24.5
2025-05-27,Azure,SQL Database,East US,QA,42.72,134.87
2025-05-27,Azure,SQL Database,Central India,DevOps,55.52,203.21
2025-05-27,Azure,Virtual Machines,East US,DevOps,64.99,93.67
2025-05-27,Azure,Virtual Machines,West Europe,QA,69.01,242.32
2025-05-27,Azure,Virtual Machines,Central India,Data Science,45.8,155.69
2025-05-27,Azure,Virtual Machines,Southeast Asia,Marketing,44.65,81.16
2025-05-27,GCP,BigQuery,us-central1,QA,27.36,84.03
2025-05-27,GCP,BigQuery,europe-west1,DevOps,18.13,26.54
2025-05-27,GCP,Cloud CDN,us-central1,Finance,17.18,47.19
2025-05-27,GCP,Cloud Functions,us-central1,DevOps,11.48,26.76
2025-05-27,GCP,Cloud Functions,asia-south1,Finance,4.17,10.62
2025-05-27,GCP,Cloud Storage,us-central1,DevOps,9.95,32.82
2025-05-27,GCP,Cloud Storage,europe-west1,DevOps,6.69,24.98
2025-05-27,GCP,Cloud Storage,asia-south1,DevOps,14.96,31.68
2025-05-27,GCP,Compute Engine,us-central1,Finance,44.73,99.19
2025-05-27,GCP,Compute Engine,europe-west1,Finance,88.48,163.27
2025-05-27,GCP,Compute Engine,asia-south1,Marketing,65.72,160.74
2025-05-28,AWS,CloudFront,eu-west-1,QA,16.35,60.76
2025-05-28,AWS,EBS,us-west-2,Engineering,14.79,29.12
2025-05-28,AWS,EBS,eu-west-1,Engineering,16.8,35.58
2025-05-28,AWS,EBS,ap-south-1,Finance,10.16,39.72
2025-05-28,AWS,EC2,us-east-1,DevOps,50.05,142.36
2025-05-28,AWS,EC2,us-west-2,Marketing,40.52,99.39
2025-05-28,AWS,EC2,eu-west-1,Finance,41.3,104.22
2025-05-28,AWS,Lambda,us-west-2,DevOps,4.62,8.26
2025-05-28,AWS,Lambda,eu-west-1,QA,5.61,15.17
2025-05-28,AWS,Lambda,ap-south-1,Marketing,5.8,8.93
2025-05-28,AWS,RDS,us-east-1,Engineering,31.74,94.88
2025-05-28,AWS,RDS,us-west-2,Finance,42.4,162.77
2025-05-28,AWS,RDS,eu-west-1,QA,40.56,123.78
2025-05-28,AWS,RDS,ap-south-1,Engineering,49.34,73.65
2025-05-28,AWS,S3,us-east-1,DevOps,9.0,19.53
2025-05-28,AWS,S3,us-west-2,Marketing,9.37,31.86
2025-05-28,AWS,S3,eu-west-1,Engineering,5.97,21.95
2025-05-28,AWS,S3,ap-south-1,QA,14.1,35.79
2025-05-28,Azure,Blob Storage,East US,DevOps,14.36,52.21
2025-05-28,Azure,Blob Storage,West Europe,Engineering,11.2,27.64
2025-05-28,Azure,Blob Storage,Southeast Asia,Engineering,16.78,64.86
2025-05-28,Azure,CDN,East US,Data Science,12.59,26.21
2025-05-28,Azure,CDN,Southeast Asia,Engineering,12.38,30.95
2025-05-28,Azure,Functions,Central India,QA,9.7,24.25
2025-05-28,Azure,Functions,Southeast Asia,QA,10.45,24.21
2025-05-28,Azure,SQL Database,East US,QA,40.66,136.8
2025-05-28,Azure,SQL Database,Central India,DevOps,53.91,181.83
2025-05-28,Azure,Virtual Machines,East US,DevOps,60.16,103.82
2025-05-28,Azure,Virtual Machines,West Europe,QA,70.29,217.58
2025-05-28,Azure,Virtual Machines,Central India,Data Science,49.73,158.56
2025-05-28,Azure,Virtual Machines,Southeast Asia,Marketing,44.07,84.42
2025-05-28,GCP,BigQuery,us-central1,QA,29.99,93.32
2025-05-28,GCP,BigQuery,europe-west1,DevOps,17.9,28.05
2025-05-28,GCP,Cloud CDN,us-central1,Finance,17.37,45.2
2025-05-28,GCP,Cloud Functions,us-central1,DevOps,8.98,20.94
2025-05-28,GCP,Cloud Functions,asia-south1,Finance,5.26,12.34
2025-05-28,GCP,Cloud Storage,us-central1,DevOps,13.15,50.3
2025-05-28,GCP,Cloud Storage,europe-west1,DevOps,6.64,26.57
2025-05-28,GCP,Cloud Storage,asia-south1,DevOps,16.41,33.04
2025-05-28,GCP,Compute Engine,us-central1,Finance,42.52,82.32
2025-05-28,GCP,Compute Engine,europe-west1,Finance,95.43,175.38
2025-05-28,GCP,Compute Engine,asia-south1,Marketing,75.22,182.07
2025-05-29,AWS,CloudFront,eu-west-1,QA,15.07,51.2
2025-05-29,AWS,EBS,us-west-2,Engineering,15.13,30.89
2025-05-29,AWS,EBS,eu-west-1,Engineering,17.02,31.95
2025-05-29,AWS,EBS,ap-south-1,Finance,13.28,50.69
2025-05-29,AWS,EC2,us-east-1,DevOps,50.7,160.19
2025-05-29,AWS,EC2,us-west-2,Marketing,49.79,121.85
2025-05-29,AWS,EC2,eu-west-1,Finance,47.03,131.33
2025-05-29,AWS,Lambda,us-west-2,DevOps,5.01,7.79
2025-05-29,AWS,Lambda,eu-west-1,QA,4.79,11.74
2025-05-29,AWS,Lambda,ap-south-1,Marketing,5.71,9.61
2025-05-29,AWS,RDS,us-east-1,Engineering,39.14,129.22
2025-05-29,AWS,RDS,us-west-2,Finance,49.05,182.96
2025-05-29,AWS,RDS,eu-west-1,QA,50.25,174.98
2025-05-29,AWS,RDS,ap-south-1,Engineering,78.45,70.57
2025-05-29,AWS,S3,us-east-1,DevOps,8.43,18.14
2025-05-29,AWS,S3,us-west-2,Marketing,9.72,31.29
2025-05-29,AWS,S3,eu-west-1,Engineering,7.35,28.93
2025-05-29,AWS,S3,ap-south-1,QA,14.63,33.26
2025-05-29,Azure,Blob Storage,East US,DevOps,15.39,59.14
2025-05-29,Azure,Blob Storage,West Europe,Engineering,11.49,27.63
2025-05-29,Azure,Blob Storage,Southeast Asia,Engineering,15.87,58.83
2025-05-29,Azure,CDN,East US,Data Science,12.31,25.46
2025-05-29,Azure,CDN,Southeast Asia,Engineering,12.45,32.33
2025-05-29,Azure,Functions,Central India,QA,10.14,24.37
2025-05-29,Azure,Functions,Southeast Asia,QA,8.92,23.02
2025-05-29,Azure,SQL Database,East US,QA,41.71,140.13
2025-05-29,Azure,SQL Database,Central India,DevOps,50.57,186.3
2025-05-29,Azure,Virtual Machines,East US,DevOps,59.63,96.51
2025-05-29,Azure,Virtual Machines,West Europe,QA,72.9,235.28
2025-05-29,Azure,Virtual Machines,Central India,Data Science,48.94,152.46
2025-05-29,Azure,Virtual Machines,Southeast Asia,Marketing,38.4,72.82
2025-05-29,GCP,BigQuery,us-central1,QA,31.8,94.8
2025-05-29,GCP,BigQuery,europe-west1,DevOps,16.97,23.47
2025-05-29,GCP,Cloud CDN,us-central1,Finance,17.6,46.6
2025-05-29,GCP,Cloud Functions,us-central1,DevOps,9.53,23.4
2025-05-29,GCP,Cloud Functions,asia-south1,Finance,5.43,12.53
2025-05-29,GCP,Cloud Storage,us-central1,DevOps,10.58,35.57
2025-05-29,GCP,Cloud Storage,europe-west1,DevOps,7.03,28.67
2025-05-29,GCP,Cloud Storage,asia-south1,DevOps,15.06,28.22
2025-05-29,GCP,Compute Engine,us-central1,Finance,41.95,94.06
2025-05-29,GCP,Compute Engine,europe-west1,Finance,79.83,163.33
2025-05-29,GCP,Compute Engine,asia-south1,Marketing,79.34,184.1
2025-05-30,AWS,CloudFront,eu-west-1,QA,13.25,46.12
2025-05-30,AWS,EBS,us-west-2,Engineering,15.05,27.55
2025-05-30,AWS,EBS,eu-west-1,Engineering,14.67,29.56
2025-05-30,AWS,EBS,ap-south-1,Finance,10.98,45.76
2025-05-30,AWS,EC2,us-east-1,DevOps,53.94,146.24
2025-05-30,AWS,EC2,us-west-2,Marketing,47.89,115.31
2025-05-30,AWS,EC2,eu-west-1,Finance,38.95,98.67
2025-05-30,AWS,Lambda,us-west-2,DevOps,4.98,7.84
2025-05-30,AWS,Lambda,eu-west-1,QA,5.21,13.05
2025-05-30,AWS,Lambda,ap-south-1,Marketing,5.66,8.66
2025-05-30,AWS,RDS,us-east-1,Engineering,32.43,107.34
2025-05-30,AWS,RDS,us-west-2,Finance,43.49,173.73
2025-05-30,AWS,RDS,eu-west-1,QA,46.1,144.58
2025-05-30,AWS,RDS,ap-south-1,Engineering,48.16,66.13
2025-05-30,AWS,S3,us-east-1,DevOps,9.23,18.64
2025-05-30,AWS,S3,us-west-2,Marketing,9.8,29.89
2025-05-30,AWS,S3,eu-west-1,Engineering,7.22,27.69
2025-05-30,AWS,S3,ap-south-1,QA,14.72,37.81
2025-05-30,Azure,Blob Storage,East US,DevOps,15.89,56.41
2025-05-30,Azure,Blob Storage,West Europe,Engineering,10.86,29.76
2025-05-30,Azure,Blob Storage,Southeast Asia,Engineering,16.55,64.87
2025-05-30,Azure,CDN,East US,Data Science,12.18,26.91
2025-05-30,Azure,CDN,Southeast Asia,Engineering,10.19,27.31
2025-05-30,Azure,Functions,Central India,QA,9.95,25.25
2025-05-30,Azure,Functions,Southeast Asia,QA,11.0,28.86
2025-05-30,Azure,SQL Database,East US,QA,41.08,128.81
2025-05-30,Azure,SQL Database,Central India,DevOps,52.54,199.0
2025-05-30,Azure,Virtual Machines,East US,DevOps,66.36,97.93
2025-05-30,Azure,Virtual Machines,West Europe,QA,68.12,214.19
2025-05-30,Azure,Virtual Machines,Central India,Data Science,59.99,174.19
2025-05-30,Azure,Virtual Machines,Southeast Asia,Marketing,55.42,95.49
2025-05-30,GCP,BigQuery,us-central1,QA,33.75,112.55
2025-05-30,GCP,BigQuery,europe-west1,DevOps,15.58,23.34
2025-05-30,GCP,Cloud CDN,us-central1,Finance,15.94,45.51
2025-05-30,GCP,Cloud Functions,us-central1,DevOps,8.84,23.56
2025-05-30,GCP,Cloud Functions,asia-south1,Finance,5.64,13.34
2025-05-30,GCP,Cloud Storage,us-central1,DevOps,10.31,34.6
2025-05-30,GCP,Cloud Storage,europe-west1,DevOps,7.18,29.57
2025-05-30,GCP,Cloud Storage,asia-south1,DevOps,17.49,34.03
2025-05-30,GCP,Compute Engine,us-central1,Finance,48.44,101.32
2025-05-30,GCP,Compute Engine,europe-west1,Finance,82.23,183.72
2025-05-30,GCP,Compute Engine,asia-south1,Marketing,83.65,180.05
2025-05-31,AWS,CloudFront,eu-west-1,QA,12.11,46.27
2025-05-31,AWS,EBS,us-west-2,Engineering,11.73,23.04
2025-05-31,AWS,EBS,eu-west-1,Engineering,17.23,35.36
2025-05-31,AWS,EBS,ap-south-1,Finance,10.42,41.27
2025-05-31,AWS,EC2,us-east-1,DevOps,56.64,160.26
2025-05-31,AWS,EC2,us-west-2,Marketing,53.83,145.45
2025-05-31,AWS,EC2,eu-west-1,Finance,42.8,118.27
2025-05-31,AWS,Lambda,us-west-2,DevOps,4.04,7.41
2025-05-31,AWS,Lambda,eu-west-1,QA,5.24,13.21
2025-05-31,AWS,Lambda,ap-south-1,Marketing,6.1,8.72
2025-05-31,AWS,RDS,us-east-1,Engineering,36.88,114.72
2025-05-31,AWS,RDS,us-west-2,Finance,41.2,165.36
2025-05-31,AWS,RDS,eu-west-1,QA,45.53,148.24
2025-05-31,AWS,RDS,ap-south-1,Engineering,55.96,88.1
2025-05-31,AWS,S3,us-east-1,DevOps,10.43,22.85
2025-05-31,AWS,S3,us-west-2,Marketing,6.96,21.84
2025-05-31,AWS,S3,eu-west-1,Engineering,7.65,28.32
2025-05-31,AWS,S3,ap-south-1,QA,12.77,28.6
2025-05-31,Azure,Blob Storage,East US,DevOps,12.67,43.79
2025-05-31,Azure,Blob Storage,West Europe,Engineering,13.27,34.68
2025-05-31,Azure,Blob Storage,Southeast Asia,Engineering,16.37,53.08
2025-05-31,Azure,CDN,East US,Data Science,12.21,24.43
2025-05-31,Azure,CDN,Southeast Asia,Engineering,9.9,24.21
2025-05-31,Azure,Functions,Central India,QA,9.56,24.76
2025-05-31,Azure,Functions,Southeast Asia,QA,9.99,24.5
2025-05-31,Azure,SQL Database,East US,QA,34.75,112.85
2025-05-31,Azure,SQL Database,Central India,DevOps,52.96,174.82
2025-05-31,Azure,Virtual Machines,East US,DevOps,61.45,89.59
2025-05-31,Azure,Virtual Machines,West Europe,QA,71.16,227.64
2025-05-31,Azure,Virtual Machines,Central India,Data Science,46.83,155.06
2025-05-31,Azure,Virtual Machines,Southeast Asia,Marketing,50.84,100.99
2025-05-31,GCP,BigQuery,us-central1,QA,28.65,82.51
2025-05-31,GCP,BigQuery,europe-west1,DevOps,18.72,29.92
2025-05-31,GCP,Cloud CDN,us-central1,Finance,16.77,46.45
2025-05-31,GCP,Cloud Functions,us-central1,DevOps,8.91,20.65
2025-05-31,GCP,Cloud Functions,asia-south1,Finance,5.14,13.75
2025-05-31,GCP,Cloud Storage,us-central1,DevOps,10.18,34.66
2025-05-31,GCP,Cloud Storage,europe-west1,DevOps,6.43,22.29
2025-05-31,GCP,Cloud Storage,asia-south1,DevOps,14.46,28.47
2025-05-31,GCP,Compute Engine,us-central1,Finance,47.8,100.85
2025-05-31,GCP,Compute Engine,europe-west1,Finance,79.87,174.6
2025-05-31,GCP,Compute Engine,asia-south1,Marketing,73.37,172.02
2025-06-01,AWS,CloudFront,eu-west-1,QA,13.97,46.31
2025-06-01,AWS,EBS,us-west-2,Engineering,15.64,27.18
2025-06-01,AWS,EBS,eu-west-1,Engineering,15.63,33.43
2025-06-01,AWS,EBS,ap-south-1,Finance,12.18,44.14
2025-06-01,AWS,EC2,us-east-1,DevOps,51.85,146.43
2025-06-01,AWS,EC2,us-west-2,Marketing,51.62,142.28
2025-06-01,AWS,EC2,eu-west-1,Finance,51.05,133.9
2025-06-01,AWS,Lambda,us-west-2,DevOps,4.61,8.28
2025-06-01,AWS,Lambda,eu-west-1,QA,5.69,14.47
2025-06-01,AWS,Lambda,ap-south-1,Marketing,12.88,8.56
2025-06-01,AWS,RDS,us-east-1,Engineering,34.25,109.91
2025-06-01,AWS,RDS,us-west-2,Finance,40.73,142.08
2025-06-01,AWS,RDS,eu-west-1,QA,43.89,128.79
2025-06-01,AWS,RDS,ap-south-1,Engineering,61.72,92.37
2025-06-01,AWS,S3,us-east-1,DevOps,7.7,17.47
2025-06-01,AWS,S3,us-west-2,Marketing,9.23,30.91
2025-06-01,AWS,S3,eu-west-1,Engineering,7.6,28.32
2025-06-01,AWS,S3,ap-south-1,QA,12.65,31.46
2025-06-01,Azure,Blob Storage,East US,DevOps,16.22,57.27
2025-06-01,Azure,Blob Storage,West Europe,Engineering,11.97,31.17
2025-06-01,Azure,Blob Storage,Southeast Asia,Engineering,17.03,55.76
2025-06-01,Azure,CDN,East US,Data Science,11.62,23.27
2025-06-01,Azure,CDN,Southeast Asia,Engineering,12.2,33.0
2025-06-01,Azure,Functions,Central India,QA,16.01,20.56
2025-06-01,Azure,Functions,Southeast Asia,QA,12.15,27.61
2025-06-01,Azure,SQL Database,East US,QA,39.62,122.58
2025-06-01,Azure,SQL Database,Central India,DevOps,47.54,176.83
2025-06-01,Azure,Virtual Machines,East US,DevOps,60.58,93.18
2025-06-01,Azure,Virtual Machines,West Europe,QA,60.46,204.02
2025-06-01,Azure,Virtual Machines,Central India,Data Science,47.44,161.62
2025-06-01,Azure,Virtual Machines,Southeast Asia,Marketing,48.26,99.01
2025-06-01,GCP,BigQuery,us-central1,QA,24.47,79.88
2025-06-01,GCP,BigQuery,europe-west1,DevOps,18.51,28.89
2025-06-01,GCP,Cloud CDN,us-central1,Finance,18.47,54.79
2025-06-01,GCP,Cloud Functions,us-central1,DevOps,9.97,23.59
2025-06-01,GCP,Cloud Functions,asia-south1,Finance,6.33,16.06
2025-06-01,GCP,Cloud Storage,us-central1,DevOps,10.58,38.93
2025-06-01,GCP,Cloud Storage,europe-west1,DevOps,7.25,29.42
2025-06-01,GCP,Cloud Storage,asia-south1,DevOps,15.1,31.44
2025-06-01,GCP,Compute Engine,us-central1,Finance,45.75,95.45
2025-06-01,GCP,Compute Engine,europe-west1,Finance,87.83,171.69
2025-06-01,GCP,Compute Engine,asia-south1,Marketing,79.44,181.78
2025-06-02,AWS,CloudFront,eu-west-1,QA,14.97,54.64
2025-06-02,AWS,EBS,us-west-2,Engineering,12.99,24.7
2025-06-02,AWS,EBS,eu-west-1,Engineering,15.51,31.36
2025-06-02,AWS,EBS,ap-south-1,Finance,10.55,43.51
2025-06-02,AWS,EC2,us-east-1,DevOps,56.47,151.89
2025-06-02,AWS,EC2,us-west-2,Marketing,43.66,108.92
2025-06-02,AWS,EC2,eu-west-1,Finance,47.47,115.77
2025-06-02,AWS,Lambda,us-west-2,DevOps,4.94,8.12
2025-06-02,AWS,Lambda,eu-west-1,QA,5.68,15.38
2025-06-02,AWS,Lambda,ap-south-1,Marketing,5.63,9.75
2025-06-02,AWS,RDS,us-east-1,Engineering,32.05,98.06
2025-06-02,AWS,RDS,us-west-2,Finance,45.03,155.91
2025-06-02,AWS,RDS,eu-west-1,QA,46.97,155.88
2025-06-02,AWS,RDS,ap-south-1,Engineering,49.83,76.29
2025-06-02,AWS,S3,us-east-1,DevOps,9.37,18.15
2025-06-02,AWS,S3,us-west-2,Marketing,7.95,27.31
2025-06-02,AWS,S3,eu-west-1,Engineering,8.34,31.98
2025-06-02,AWS,S3,ap-south-1,QA,12.4,30.13
2025-06-02,Azure,Blob Storage,East US,DevOps,13.92,52.5
2025-06-02,Azure,Blob Storage,West Europe,Engineering,10.75,26.68
2025-06-02,Azure,Blob Storage,Southeast Asia,Engineering,16.28,58.48
2025-06-02,Azure,CDN,East US,Data Science,14.58,32.3
2025-06-02,Azure,CDN,Southeast Asia,Engineering,12.21,32.75
2025-06-02,Azure,Functions,Central India,QA,10.49,27.41
2025-06-02,Azure,Functions,Southeast Asia,QA,10.52,26.0
2025-06-02,Azure,SQL Database,East US,QA,41.15,122.96
2025-06-02,Azure,SQL Database,Central India,DevOps,48.34,176.98
2025-06-02,Azure,Virtual Machines,East US,DevOps,57.11,86.71
2025-06-02,Azure,Virtual Machines,West Europe,QA,65.1,210.39
2025-06-02,Azure,Virtual Machines,Central India,Data Science,52.39,176.62
2025-06-02,Azure,Virtual Machines,Southeast Asia,Marketing,46.13,80.95
2025-06-02,GCP,BigQuery,us-central1,QA,33.28,105.06
2025-06-02,GCP,BigQuery,europe-west1,DevOps,17.67,27.31
2025-06-02,GCP,Cloud CDN,us-central1,Finance,17.77,53.19
2025-06-02,GCP,Cloud Functions,us-central1,DevOps,9.85,26.05
2025-06-02,GCP,Cloud Functions,asia-south1,Finance,5.94,15.0
2025-06-02,GCP,Cloud Storage,us-central1,DevOps,10.88,37.73
2025-06-02,GCP,Cloud Storage,europe-west1,DevOps,7.53,26.82
2025-06-02,GCP,Cloud Storage,asia-south1,DevOps,14.58,30.62
2025-06-02,GCP,Compute Engine,us-central1,Finance,38.36,87.15
2025-06-02,GCP,Compute Engine,europe-west1,Finance,85.04,168.88
2025-06-02,GCP,Compute Engine,asia-south1,Marketing,80.11,190.71
2025-06-03,AWS,CloudFront,eu-west-1,QA,15.36,56.42
2025-06-03,AWS,EBS,us-west-2,Engineering,11.68,21.26
2025-06-03,AWS,EBS,eu-west-1,Engineering,15.22,29.85
2025-06-03,AWS,EBS,ap-south-1,Finance,12.43,45.43
2025-06-03,AWS,EC2,us-east-1,DevOps,55.29,161.32
2025-06-03,AWS,EC2,us-west-2,Marketing,45.87,108.58
2025-06-03,AWS,EC2,eu-west-1,Finance,48.44,120.84
2025-06-03,AWS,Lambda,us-west-2,DevOps,3.98,6.87
2025-06-03,AWS,Lambda,eu-west-1,QA,5.14,13.75
2025-06-03,AWS,Lambda,ap-south-1,Marketing,6.1,9.96
2025-06-03,AWS,RDS,us-east-1,Engineering,31.55,103.04
2025-06-03,AWS,RDS,us-west-2,Finance,39.22,150.27
2025-06-03,AWS,RDS,eu-west-1,QA,45.52,137.67
2025-06-03,AWS,RDS,ap-south-1,Engineering,47.74,73.18
2025-06-03,AWS,S3,us-east-1,DevOps,8.91,18.99
2025-06-03,AWS,S3,us-west-2,Marketing,8.09,24.64
2025-06-03,AWS,S3,eu-west-1,Engineering,9.15,31.25
2025-06-03,AWS,S3,ap-south-1,QA,15.4,38.3
2025-06-03,Azure,Blob Storage,East US,DevOps,15.61,54.71
2025-06-03,Azure,Blob Storage,West Europe,Engineering,10.23,27.57
2025-06-03,Azure,Blob Storage,Southeast Asia,Engineering,17.95,69.78
2025-06-03,Azure,CDN,East US,Data Science,12.37,29.34
2025-06-03,Azure,CDN,Southeast Asia,Engineering,11.61,29.45
2025-06-03,Azure,Functions,Central India,QA,8.46,20.65
2025-06-03,Azure,Functions,Southeast Asia,QA,10.24,24.42
2025-06-03,Azure,SQL Database,East US,QA,35.6,117.27
2025-06-03,Azure,SQL Database,Central India,DevOps,55.5,199.26
2025-06-03,Azure,Virtual Machines,East US,DevOps,66.52,100.4
2025-06-03,Azure,Virtual Machines,West Europe,QA,60.72,204.11
2025-06-03,Azure,Virtual Machines,Central India,Data Science,47.94,157.51
2025-06-03,Azure,Virtual Machines,Southeast Asia,Marketing,37.52,75.88
2025-06-03,GCP,BigQuery,us-central1,QA,27.58,82.02
2025-06-03,GCP,BigQuery,europe-west1,DevOps,19.42,27.72
2025-06-03,GCP,Cloud CDN,us-central1,Finance,18.57,53.09
2025-06-03,GCP,Cloud Functions,us-central1,DevOps,10.12,24.19
2025-06-03,GCP,Cloud Functions,asia-south1,Finance,5.1,11.77
2025-06-03,GCP,Cloud Storage,us-central1,DevOps,12.27,43.27
2025-06-03,GCP,Cloud Storage,europe-west1,DevOps,6.36,23.49
2025-06-03,GCP,Cloud Storage,asia-south1,DevOps,14.23,28.88
2025-06-03,GCP,Compute Engine,us-central1,Finance,46.5,102.14
2025-06-03,GCP,Compute Engine,europe-west1,Finance,73.02,145.05
2025-06-03,GCP,Compute Engine,asia-south1,Marketing,67.17,146.46
2025-06-04,AWS,CloudFront,eu-west-1,QA,12.84,42.37
2025-06-04,AWS,EBS,us-west-2,Engineering,15.64,29.14
2025-06-04,AWS,EBS,eu-west-1,Engineering,17.38,34.89
2025-06-04,AWS,EBS,ap-south-1,Finance,10.21,37.92
2025-06-04,AWS,EC2,us-east-1,DevOps,52.56,159.7
2025-06-04,AWS,EC2,us-west-2,Marketing,51.24,122.93
2025-06-04,AWS,EC2,eu-west-1,Finance,43.11,101.53
2025-06-04,AWS,Lambda,us-west-2,DevOps,4.82,8.82
2025-06-04,AWS,Lambda,eu-west-1,QA,4.97,12.49
2025-06-04,AWS,Lambda,ap-south-1,Marketing,5.83,9.93
2025-06-04,AWS,RDS,us-east-1,Engineering,32.59,109.16
2025-06-04,AWS,RDS,us-west-2,Finance,43.05,154.38
2025-06-04,AWS,RDS,eu-west-1,QA,42.85,134.48
2025-06-04,AWS,RDS,ap-south-1,Engineering,57.04,82.58
2025-06-04,AWS,S3,us-east-1,DevOps,9.28,20.54
2025-06-04,AWS,S3,us-west-2,Marketing,8.21,27.58
2025-06-04,AWS,S3,eu-west-1,Engineering,8.27,28.7
2025-06-04,AWS,S3,ap-south-1,QA,14.34,33.53
2025-06-04,Azure,Blob Storage,East US,DevOps,13.14,52.17
2025-06-04,Azure,Blob Storage,West Europe,Engineering,11.43,30.04
2025-06-04,Azure,Blob Storage,Southeast Asia,Engineering,18.21,68.42
2025-06-04,Azure,CDN,East US,Data Science,12.83,30.4
2025-06-04,Azure,CDN,Southeast Asia,Engineering,10.78,26.83
2025-06-04,Azure,Functions,Central India,QA,8.95,23.2
2025-06-04,Azure,Functions,Southeast Asia,QA,10.75,26.24
2025-06-04,Azure,SQL Database,East US,QA,36.76,116.99
2025-06-04,Azure,SQL Database,Central India,DevOps,58.09,196.99
2025-06-04,Azure,Virtual Machines,East US,DevOps,62.72,98.41
2025-06-04,Azure,Virtual Machines,West Europe,QA,74.27,243.63
2025-06-04,Azure,Virtual Machines,Central India,Data Science,49.11,138.39
2025-06-04,Azure,Virtual Machines,Southeast Asia,Marketing,45.88,86.96
2025-06-04,GCP,BigQuery,us-central1,QA,31.52,98.69
2025-06-04,GCP,BigQuery,europe-west1,DevOps,18.27,26.92
2025-06-04,GCP,Cloud CDN,us-central1,Finance,19.59,57.85
2025-06-04,GCP,Cloud Functions,us-central1,DevOps,10.11,27.28
2025-06-04,GCP,Cloud Functions,asia-south1,Finance,5.32,14.18
2025-06-04,GCP,Cloud Storage,us-central1,DevOps,12.78,50.29
2025-06-04,GCP,Cloud Storage,europe-west1,DevOps,6.91,25.23
2025-06-04,GCP,Cloud Storage,asia-south1,DevOps,14.77,27.73
2025-06-04,GCP,Compute Engine,us-central1,Finance,49.61,105.2
2025-06-04,GCP,Compute Engine,europe-west1,Finance,75.96,161.58
2025-06-04,GCP,Compute Engine,asia-south1,Marketing,70.51,173.66
2025-06-05,AWS,CloudFront,eu-west-1,QA,15.09,52.76
2025-06-05,AWS,EBS,us-west-2,Engineering,14.25,26.42
2025-06-05,AWS,EBS,eu-west-1,Engineering,14.29,26.59
2025-06-05,AWS,EBS,ap-south-1,Finance,12.23,42.92
2025-06-05,AWS,EC2,us-east-1,DevOps,45.74,134.27
2025-06-05,AWS,EC2,us-west-2,Marketing,52.53,150.39
2025-06-05,AWS,EC2,eu-west-1,Finance,39.91,99.1
2025-06-05,AWS,Lambda,us-west-2,DevOps,5.25,8.31
2025-06-05,AWS,Lambda,eu-west-1,QA,4.9,11.94
2025-06-05,AWS,Lambda,ap-south-1,Marketing,11.58,8.85
2025-06-05,AWS,RDS,us-east-1,Engineering,34.09,111.02
2025-06-05,AWS,RDS,us-west-2,Finance,45.1,152.2
2025-06-05,AWS,RDS,eu-west-1,QA,43.42,148.22
2025-06-05,AWS,RDS,ap-south-1,Engineering,54.12,81.61
2025-06-05,AWS,S3,us-east-1,DevOps,8.64,17.52
2025-06-05,AWS,S3,us-west-2,Marketing,15.18,28.95
2025-06-05,AWS,S3,eu-west-1,Engineering,7.31,29.79
2025-06-05,AWS,S3,ap-south-1,QA,12.76,32.83
2025-06-05,Azure,Blob Storage,East US,DevOps,15.55,52.68
2025-06-05,Azure,Blob Storage,West Europe,Engineering,11.89,28.66
2025-06-05,Azure,Blob Storage,Southeast Asia,Engineering,32.45,61.93
2025-06-05,Azure,CDN,East US,Data Science,12.65,24.97
2025-06-05,Azure,CDN,Southeast Asia,Engineering,10.47,29.5
2025-06-05,Azure,Functions,Central India,QA,9.66,25.61
2025-06-05,Azure,Functions,Southeast Asia,QA,9.8,24.72
2025-06-05,Azure,SQL Database,East US,QA,36.05,119.39
2025-06-05,Azure,SQL Database,Central India,DevOps,52.27,167.27
2025-06-05,Azure,Virtual Machines,East US,DevOps,61.46,105.07
2025-06-05,Azure,Virtual Machines,West Europe,QA,62.55,198.89
2025-06-05,Azure,Virtual Machines,Central India,Data Science,41.37,127.01
2025-06-05,Azure,Virtual Machines,Southeast Asia,Marketing,51.47,104.88
2025-06-05,GCP,BigQuery,us-central1,QA,31.66,105.82
2025-06-05,GCP,BigQuery,europe-west1,DevOps,18.67,26.31
2025-06-05,GCP,Cloud CDN,us-central1,Finance,19.03,49.19
2025-06-05,GCP,Cloud Functions,us-central1,DevOps,9.52,22.44
2025-06-05,GCP,Cloud Functions,asia-south1,Finance,5.29,12.71
2025-06-05,GCP,Cloud Storage,us-central1,DevOps,9.3,36.03
2025-06-05,GCP,Cloud Storage,europe-west1,DevOps,7.53,29.38
2025-06-05,GCP,Cloud Storage,asia-south1,DevOps,15.14,29.81
2025-06-05,GCP,Compute Engine,us-central1,Finance,51.29,116.01
2025-06-05,GCP,Compute Engine,europe-west1,Finance,73.44,144.5
2025-06-05,GCP,Compute Engine,asia-south1,Marketing,81.51,203.16
2025-06-06,AWS,CloudFront,eu-west-1,QA,15.55,52.71
2025-06-06,AWS,EBS,us-west-2,Engineering,14.29,24.89
2025-06-06,AWS,EBS,eu-west-1,Engineering,14.38,29.54
2025-06-06,AWS,EBS,ap-south-1,Finance,11.15,45.9
2025-06-06,AWS,EC2,us-east-1,DevOps,47.45,129.43
2025-06-06,AWS,EC2,us-west-2,Marketing,53.99,135.57
2025-06-06,AWS,EC2,eu-west-1,Finance,48.07,127.87
2025-06-06,AWS,Lambda,us-west-2,DevOps,5.36,8.21
2025-06-06,AWS,Lambda,eu-west-1,QA,5.07,12.65
2025-06-06,AWS,Lambda,ap-south-1,Marketing,5.79,9.21
2025-06-06,AWS,RDS,us-east-1,Engineering,35.91,112.98
2025-06-06,AWS,RDS,us-west-2,Finance,48.49,195.13
2025-06-06,AWS,RDS,eu-west-1,QA,40.86,141.75
2025-06-06,AWS,RDS,ap-south-1,Engineering,54.16,81.59
2025-06-06,AWS,S3,us-east-1,DevOps,8.84,18.13
2025-06-06,AWS,S3,us-west-2,Marketing,9.38,30.98
2025-06-06,AWS,S3,eu-west-1,Engineering,7.28,25.25
2025-06-06,AWS,S3,ap-south-1,QA,13.79,33.52
2025-06-06,Azure,Blob Storage,East US,DevOps,12.71,48.37
2025-06-06,Azure,Blob Storage,West Europe,Engineering,13.16,33.84
2025-06-06,Azure,Blob Storage,Southeast Asia,Engineering,14.62,47.59
2025-06-06,Azure,CDN,East US,Data Science,12.39,24.99
2025-06-06,Azure,CDN,Southeast Asia,Engineering,11.7,28.15
2025-06-06,Azure,Functions,Central India,QA,9.68,23.57
2025-06-06,Azure,Functions,Southeast Asia,QA,11.73,30.74
2025-06-06,Azure,SQL Database,East US,QA,40.88,146.21
2025-06-06,Azure,SQL Database,Central India,DevOps,54.47,188.46
2025-06-06,Azure,Virtual Machines,East US,DevOps,52.35,83.79
2025-06-06,Azure,Virtual Machines,West Europe,QA,78.13,238.5
2025-06-06,Azure,Virtual Machines,Central India,Data Science,47.63,146.33
2025-06-06,Azure,Virtual Machines,Southeast Asia,Marketing,52.3,91.67
2025-06-06,GCP,BigQuery,us-central1,QA,22.64,70.21
2025-06-06,GCP,BigQuery,europe-west1,DevOps,18.02,27.17
2025-06-06,GCP,Cloud CDN,us-central1,Finance,18.49,46.63
2025-06-06,GCP,Cloud Functions,us-central1,DevOps,9.52,23.24
2025-06-06,GCP,Cloud Functions,asia-south1,Finance,5.12,12.01
2025-06-06,GCP,Cloud Storage,us-central1,DevOps,12.57,48.75
2025-06-06,GCP,Cloud Storage,europe-west1,DevOps,6.57,25.25
2025-06-06,GCP,Cloud Storage,asia-south1,DevOps,15.25,27.65
2025-06-06,GCP,Compute Engine,us-central1,Finance,50.53,113.69
2025-06-06,GCP,Compute Engine,europe-west1,Finance,97.11,183.43
2025-06-06,GCP,Compute Engine,asia-south1,Marketing,78.66,181.27
2025-06-07,AWS,CloudFront,eu-west-1,QA,14.93,55.03
2025-06-07,AWS,EBS,us-west-2,Engineering,13.31,25.24
2025-06-07,AWS,EBS,eu-west-1,Engineering,15.68,29.08
2025-06-07,AWS,EBS,ap-south-1,Finance,12.1,44.15
2025-06-07,AWS,EC2,us-east-1,DevOps,54.73,156.37
2025-06-07,AWS,EC2,us-west-2,Marketing,53.93,148.79
2025-06-07,AWS,EC2,eu-west-1,Finance,48.86,114.76
2025-06-07,AWS,Lambda,us-west-2,DevOps,4.54,7.69
2025-06-07,AWS,Lambda,eu-west-1,QA,4.99,14.61
2025-06-07,AWS,Lambda,ap-south-1,Marketing,6.42,9.4
2025-06-07,AWS,RDS,us-east-1,Engineering,32.92,102.47
2025-06-07,AWS,RDS,us-west-2,Finance,46.24,163.25
2025-06-07,AWS,RDS,eu-west-1,QA,40.36,126.04
2025-06-07,AWS,RDS,ap-south-1,Engineering,59.4,87.99
2025-06-07,AWS,S3,us-east-1,DevOps,9.03,19.69
2025-06-07,AWS,S3,us-west-2,Marketing,9.21,31.5
2025-06-07,AWS,S3,eu-west-1,Engineering,8.1,31.95
2025-06-07,AWS,S3,ap-south-1,QA,13.5,30.63
2025-06-07,Azure,Blob Storage,East US,DevOps,15.63,57.63
2025-06-07,Azure,Blob Storage,West Europe,Engineering,11.53,28.66
2025-06-07,Azure,Blob Storage,Southeast Asia,Engineering,17.94,62.54
2025-06-07,Azure,CDN,East US,Data Science,13.38,29.77
2025-06-07,Azure,CDN,Southeast Asia,Engineering,10.58,27.13
2025-06-07,Azure,Functions,Central India,QA,9.54,23.69
2025-06-07,Azure,Functions,Southeast Asia,QA,12.3,33.86
2025-06-07,Azure,SQL Database,East US,QA,38.25,116.62
2025-06-07,Azure,SQL Database,Central India,DevOps,56.51,180.67
2025-06-07,Azure,Virtual Machines,East US,DevOps,66.18,104.95
2025-06-07,Azure,Virtual Machines,West Europe,QA,72.17,258.48
2025-06-07,Azure,Virtual Machines,Central India,Data Science,45.34,153.02
2025-06-07,Azure,Virtual Machines,Southeast Asia,Marketing,51.06,101.29
2025-06-07,GCP,BigQuery,us-central1,QA,26.61,77.15
2025-06-07,GCP,BigQuery,europe-west1,DevOps,15.72,24.06
2025-06-07,GCP,Cloud CDN,us-central1,Finance,15.89,42.29
2025-06-07,GCP,Cloud Functions,us-central1,DevOps,8.95,20.32
2025-06-07,GCP,Cloud Functions,asia-south1,Finance,6.11,16.68
2025-06-07,GCP,Cloud Storage,us-central1,DevOps,12.64,46.5
2025-06-07,GCP,Cloud Storage,europe-west1,DevOps,7.01,24.36
2025-06-07,GCP,Cloud Storage,asia-south1,DevOps,13.04,24.15
2025-06-07,GCP,Compute Engine,us-central1,Finance,42.24,80.69
2025-06-07,GCP,Compute Engine,europe-west1,Finance,83.91,178.93
2025-06-07,GCP,Compute Engine,asia-south1,Marketing,78.78,173.63
2025-06-08,AWS,CloudFront,eu-west-1,QA,14.69,52.61
2025-06-08,AWS,EBS,us-west-2,Engineering,13.85,29.07
2025-06-08,AWS,EBS,eu-west-1,Engineering,15.7,31.42
2025-06-08,AWS,EBS,ap-south-1,Finance,12.62,45.8
2025-06-08,AWS,EC2,us-east-1,DevOps,44.56,117.52
2025-06-08,AWS,EC2,us-west-2,Marketing,48.76,130.83
2025-06-08,AWS,EC2,eu-west-1,Finance,48.65,117.6
2025-06-08,AWS,Lambda,us-west-2,DevOps,5.37,8.38
2025-06-08,AWS,Lambda,eu-west-1,QA,5.39,14.3
2025-06-08,AWS,Lambda,ap-south-1,Marketing,6.11,9.35
2025-06-08,AWS,RDS,us-east-1,Engineering,32.76,105.75
2025-06-08,AWS,RDS,us-west-2,Finance,41.36,167.69
2025-06-08,AWS,RDS,eu-west-1,QA,43.29,146.48
2025-06-08,AWS,RDS,ap-south-1,Engineering,46.88,75.6
2025-06-08,AWS,S3,us-east-1,DevOps,8.71,20.04
2025-06-08,AWS,S3,us-west-2,Marketing,8.88,31.22
2025-06-08,AWS,S3,eu-west-1,Engineering,6.55,26.88
2025-06-08,AWS,S3,ap-south-1,QA,12.56,30.58
2025-06-08,Azure,Blob Storage,East US,DevOps,15.06,51.65
2025-06-08,Azure,Blob Storage,West Europe,Engineering,11.22,25.5
2025-06-08,Azure,Blob Storage,Southeast Asia,Engineering,15.27,53.13
2025-06-08,Azure,CDN,East US,Data Science,12.61,29.52
2025-06-08,Azure,CDN,Southeast Asia,Engineering,10.57,28.94
2025-06-08,Azure,Functions,Central India,QA,8.82,21.92
2025-06-08,Azure,Functions,Southeast Asia,QA,10.94,25.58
2025-06-08,Azure,SQL Database,East US,QA,37.42,110.62
2025-06-08,Azure,SQL Database,Central India,DevOps,50.12,173.97
2025-06-08,Azure,Virtual Machines,East US,DevOps,55.86,93.62
2025-06-08,Azure,Virtual Machines,West Europe,QA,75.49,226.24
2025-06-08,Azure,Virtual Machines,Central India,Data Science,46.15,131.81
2025-06-08,Azure,Virtual Machines,Southeast Asia,Marketing,49.1,83.92
2025-06-08,GCP,BigQuery,us-central1,QA,29.39,83.7
2025-06-08,GCP,BigQuery,europe-west1,DevOps,19.85,30.67
2025-06-08,GCP,Cloud CDN,us-central1,Finance,18.71,49.7
2025-06-08,GCP,Cloud Functions,us-central1,DevOps,9.15,24.83
2025-06-08,GCP,Cloud Functions,asia-south1,Finance,5.12,13.03
2025-06-08,GCP,Cloud Storage,us-central1,DevOps,10.58,41.13
2025-06-08,GCP,Cloud Storage,europe-west1,DevOps,7.81,31.09
2025-06-08,GCP,Cloud Storage,asia-south1,DevOps,14.25,26.81
2025-06-08,GCP,Compute Engine,us-central1,Finance,43.72,92.31
2025-06-08,GCP,Compute Engine,europe-west1,Finance,75.98,153.11
2025-06-08,GCP,Compute Engine,asia-south1,Marketing,72.26,174.52
2025-06-09,AWS,CloudFront,eu-west-1,QA,14.05,48.86
2025-06-09,AWS,EBS,us-west-2,Engineering,13.48,24.71
2025-06-09,AWS,EBS,eu-west-1,Engineering,17.22,35.08
2025-06-09,AWS,EBS,ap-south-1,Finance,9.95,41.12
2025-06-09,AWS,EC2,us-east-1,DevOps,52.05,163.67
2025-06-09,AWS,EC2,us-west-2,Marketing,50.47,129.01
2025-06-09,AWS,EC2,eu-west-1,Finance,46.13,115.69
2025-06-09,AWS,Lambda,us-west-2,DevOps,5.3,8.35
2025-06-09,AWS,Lambda,eu-west-1,QA,5.33,15.28
2025-06-09,AWS,Lambda,ap-south-1,Marketing,6.45,10.34
2025-06-09,AWS,RDS,us-east-1,Engineering,31.68,102.99
2025-06-09,AWS,RDS,us-west-2,Finance,47.94,186.79
2025-06-09,AWS,RDS,eu-west-1,QA,48.34,139.59
2025-06-09,AWS,RDS,ap-south-1,Engineering,46.69,70.06
2025-06-09,AWS,S3,us-east-1,DevOps,7.82,17.71
2025-06-09,AWS,S3,us-west-2,Marketing,9.38,29.81
2025-06-09,AWS,S3,eu-west-1,Engineering,7.36,26.61
2025-06-09,AWS,S3,ap-south-1,QA,13.64,30.93
2025-06-09,Azure,Blob Storage,East US,DevOps,12.5,47.58
2025-06-09,Azure,Blob Storage,West Europe,Engineering,10.53,28.18
2025-06-09,Azure,Blob Storage,Southeast Asia,Engineering,17.64,63.86
2025-06-09,Azure,CDN,East US,Data Science,13.53,32.31
2025-06-09,Azure,CDN,Southeast Asia,Engineering,11.81,28.54
2025-06-09,Azure,Functions,Central India,QA,8.65,22.23
2025-06-09,Azure,Functions,Southeast Asia,QA,10.87,28.36
2025-06-09,Azure,SQL Database,East US,QA,34.41,103.41
2025-06-09,Azure,SQL Database,Central India,DevOps,51.03,188.5
2025-06-09,Azure,Virtual Machines,East US,DevOps,63.59,90.45
2025-06-09,Azure,Virtual Machines,West Europe,QA,66.41,198.58
2025-06-09,Azure,Virtual Machines,Central India,Data Science,48.9,153.9
2025-06-09,Azure,Virtual Machines,Southeast Asia,Marketing,53.43,107.82
2025-06-09,GCP,BigQuery,us-central1,QA,24.16,79.98
2025-06-09,GCP,BigQuery,europe-west1,DevOps,18.48,29.91
2025-06-09,GCP,Cloud CDN,us-central1,Finance,17.6,50.06
2025-06-09,GCP,Cloud Functions,us-central1,DevOps,9.64,25.67
2025-06-09,GCP,Cloud Functions,asia-south1,Finance,5.63,15.11
2025-06-09,GCP,Cloud Storage,us-central1,DevOps,10.3,39.41
2025-06-09,GCP,Cloud Storage,europe-west1,DevOps,8.2,30.53
2025-06-09,GCP,Cloud Storage,asia-south1,DevOps,15.97,28.59
2025-06-09,GCP,Compute Engine,us-central1,Finance,45.92,88.46
2025-06-09,GCP,Compute Engine,europe-west1,Finance,75.39,140.23
2025-06-09,GCP,Compute Engine,asia-south1,Marketing,68.89,177.17
2025-06-10,AWS,CloudFront,eu-west-1,QA,13.65,50.36
2025-06-10,AWS,EBS,us-west-2,Engineering,12.93,25.85
2025-06-10,AWS,EBS,eu-west-1,Engineering,16.24,34.7
2025-06-10,AWS,EBS,ap-south-1,Finance,12.04,48.7
2025-06-10,AWS,EC2,us-east-1,DevOps,55.6,149.3
2025-06-10,AWS,EC2,us-west-2,Marketing,54.05,133.18
2025-06-10,AWS,EC2,eu-west-1,Finance,41.8,117.71
2025-06-10,AWS,Lambda,us-west-2,DevOps,3.99,7.24
2025-06-10,AWS,Lambda,eu-west-1,QA,5.39,15.4
2025-06-10,AWS,Lambda,ap-south-1,Marketing,5.4,9.14
2025-06-10,AWS,RDS,us-east-1,Engineering,30.75,97.64
2025-06-10,AWS,RDS,us-west-2,Finance,42.69,167.79
2025-06-10,AWS,RDS,eu-west-1,QA,40.49,137.33
2025-06-10,AWS,RDS,ap-south-1,Engineering,51.78,80.08
2025-06-10,AWS,S3,us-east-1,DevOps,8.72,18.9
2025-06-10,AWS,S3,us-west-2,Marketing,9.4,33.38
2025-06-10,AWS,S3,eu-west-1,Engineering,7.4,27.29
2025-06-10,AWS,S3,ap-south-1,QA,13.79,31.3
2025-06-10,Azure,Blob Storage,East US,DevOps,15.72,56.38
2025-06-10,Azure,Blob Storage,West Europe,Engineering,11.74,27.35
2025-06-10,Azure,Blob Storage,Southeast Asia,Engineering,17.37,59.34
2025-06-10,Azure,CDN,East US,Data Science,14.5,34.02
2025-06-10,Azure,CDN,Southeast Asia,Engineering,11.96,33.78
2025-06-10,Azure,Functions,Central India,QA,10.91,28.26
2025-06-10,Azure,Functions,Southeast Asia,QA,9.82,23.42
2025-06-10,Azure,SQL Database,East US,QA,38.05,124.0
2025-06-10,Azure,SQL Database,Central India,DevOps,54.16,206.7
2025-06-10,Azure,Virtual Machines,East US,DevOps,57.46,85.24
2025-06-10,Azure,Virtual Machines,West Europe,QA,63.64,225.19
2025-06-10,Azure,Virtual Machines,Central India,Data Science,47.61,138.07
2025-06-10,Azure,Virtual Machines,Southeast Asia,Marketing,47.0,91.16
2025-06-10,GCP,BigQuery,us-central1,QA,27.14,82.22
2025-06-10,GCP,BigQuery,europe-west1,DevOps,16.0,21.97
2025-06-10,GCP,Cloud CDN,us-central1,Finance,19.61,57.67
2025-06-10,GCP,Cloud Functions,us-central1,DevOps,9.82,25.81
2025-06-10,GCP,Cloud Functions,asia-south1,Finance,5.35,14.54
2025-06-10,GCP,Cloud Storage,us-central1,DevOps,11.56,45.66
2025-06-10,GCP,Cloud Storage,europe-west1,DevOps,7.41,25.14
2025-06-10,GCP,Cloud Storage,asia-south1,DevOps,14.83,31.28
2025-06-10,GCP,Compute Engine,us-central1,Finance,46.17,94.11
2025-06-10,GCP,Compute Engine,europe-west1,Finance,84.71,182.11
2025-06-10,GCP,Compute Engine,asia-south1,Marketing,80.72,197.87
2025-06-11,AWS,CloudFront,eu-west-1,QA,15.02,49.73
2025-06-11,AWS,EBS,us-west-2,Engineering,13.6,26.22
2025-06-11,AWS,EBS,eu-west-1,Engineering,16.19,31.73
2025-06-11,AWS,EBS,ap-south-1,Finance,9.67,34.23
2025-06-11,AWS,EC2,us-east-1,DevOps,52.01,155.27
2025-06-11,AWS,EC2,us-west-2,Marketing,47.69,115.39
2025-06-11,AWS,EC2,eu-west-1,Finance,54.03,146.7
2025-06-11,AWS,Lambda,us-west-2,DevOps,4.86,7.36
2025-06-11,AWS,Lambda,eu-west-1,QA,5.65,15.14
2025-06-11,AWS,Lambda,ap-south-1,Marketing,6.21,9.34
2025-06-11,AWS,RDS,us-east-1,Engineering,30.44,97.91
2025-06-11,AWS,RDS,us-west-2,Finance,39.34,138.14
2025-06-11,AWS,RDS,eu-west-1,QA,46.97,152.8
2025-06-11,AWS,RDS,ap-south-1,Engineering,52.61,86.01
2025-06-11,AWS,S3,us-east-1,DevOps,7.86,17.53
2025-06-11,AWS,S3,us-west-2,Marketing,9.14,28.05
2025-06-11,AWS,S3,eu-west-1,Engineering,7.88,30.25
2025-06-11,AWS,S3,ap-south-1,QA,15.65,36.31
2025-06-11,Azure,Blob Storage,East US,DevOps,13.12,49.29
2025-06-11,Azure,Blob Storage,West Europe,Engineering,12.3,31.06
2025-06-11,Azure,Blob Storage,Southeast Asia,Engineering,16.78,57.45
2025-06-11,Azure,CDN,East US,Data Science,11.72,26.56
2025-06-11,Azure,CDN,Southeast Asia,Engineering,12.38,32.37
2025-06-11,Azure,Functions,Central India,QA,9.02,19.88
2025-06-11,Azure,Functions,Southeast Asia,QA,10.28,24.45
2025-06-11,Azure,SQL Database,East US,QA,36.43,124.57
2025-06-11,Azure,SQL Database,Central India,DevOps,60.02,195.75
2025-06-11,Azure,Virtual Machines,East US,DevOps,55.92,88.23
2025-06-11,Azure,Virtual Machines,West Europe,QA,67.86,247.78
2025-06-11,Azure,Virtual Machines,Central India,Data Science,50.65,163.58
2025-06-11,Azure,Virtual Machines,Southeast Asia,Marketing,52.32,95.51
2025-06-11,GCP,BigQuery,us-central1,QA,30.62,104.28
2025-06-11,GCP,BigQuery,europe-west1,DevOps,17.2,25.32
2025-06-11,GCP,Cloud CDN,us-central1,Finance,17.36,45.86
2025-06-11,GCP,Cloud Functions,us-central1,DevOps,10.2,23.48
2025-06-11,GCP,Cloud Functions,asia-south1,Finance,5.48,15.3
2025-06-11,GCP,Cloud Storage,us-central1,DevOps,10.5,34.74
2025-06-11,GCP,Cloud Storage,europe-west1,DevOps,7.04,26.09
2025-06-11,GCP,Cloud Storage,asia-south1,DevOps,17.0,30.77
2025-06-11,GCP,Compute Engine,us-central1,Finance,46.46,104.49
2025-06-11,GCP,Compute Engine,europe-west1,Finance,85.19,176.06
2025-06-11,GCP,Compute Engine,asia-south1,Marketing,78.57,171.25
2025-06-12,AWS,CloudFront,eu-west-1,QA,14.76,54.19
2025-06-12,AWS,EBS,us-west-2,Engineering,13.67,25.18
2025-06-12,AWS,EBS,eu-west-1,Engineering,14.15,29.56
2025-06-12,AWS,EBS,ap-south-1,Finance,9.97,40.04
2025-06-12,AWS,EC2,us-east-1,DevOps,48.8,156.81
2025-06-12,AWS,EC2,us-west-2,Marketing,50.24,134.56
2025-06-12,AWS,EC2,eu-west-1,Finance,46.84,125.94
2025-06-12,AWS,Lambda,us-west-2,DevOps,4.89,8.73
2025-06-12,AWS,Lambda,eu-west-1,QA,5.89,16.38
2025-06-12,AWS,Lambda,ap-south-1,Marketing,5.41,7.88
2025-06-12,AWS,RDS,us-east-1,Engineering,36.47,105.23
2025-06-12,AWS,RDS,us-west-2,Finance,42.96,151.9
2025-06-12,AWS,RDS,eu-west-1,QA,41.08,129.98
2025-06-12,AWS,RDS,ap-south-1,Engineering,50.72,82.49
2025-06-12,AWS,S3,us-east-1,DevOps,9.3,19.3
2025-06-12,AWS,S3,us-west-2,Marketing,7.58,23.34
2025-06-12,AWS,S3,eu-west-1,Engineering,7.87,32.11
2025-06-12,AWS,S3,ap-south-1,QA,12.81,32.47
2025-06-12,Azure,Blob Storage,East US,DevOps,15.5,57.97
2025-06-12,Azure,Blob Storage,West Europe,Engineering,9.72,23.7
2025-06-12,Azure,Blob Storage,Southeast Asia,Engineering,18.09,66.51
2025-06-12,Azure,CDN,East US,Data Science,13.15,27.05
2025-06-12,Azure,CDN,Southeast Asia,Engineering,9.42,24.52
2025-06-12,Azure,Functions,Central India,QA,8.91,22.69
2025-06-12,Azure,Functions,Southeast Asia,QA,10.72,27.7
2025-06-12,Azure,SQL Database,East US,QA,38.8,129.45
2025-06-12,Azure,SQL Database,Central India,DevOps,53.99,176.47
2025-06-12,Azure,Virtual Machines,East US,DevOps,65.57,107.79
2025-06-12,Azure,Virtual Machines,West Europe,QA,75.58,262.43
2025-06-12,Azure,Virtual Machines,Central India,Data Science,51.21,169.55
2025-06-12,Azure,Virtual Machines,Southeast Asia,Marketing,46.52,81.79
2025-06-12,GCP,BigQuery,us-central1,QA,30.02,96.33
2025-06-12,GCP,BigQuery,europe-west1,DevOps,18.61,28.53
2025-06-12,GCP,Cloud CDN,us-central1,Finance,16.81,45.59
2025-06-12,GCP,Cloud Functions,us-central1,DevOps,16.03,27.3
2025-06-12,GCP,Cloud Functions,asia-south1,Finance,6.02,15.75
2025-06-12,GCP,Cloud Storage,us-central1,DevOps,12.36,40.57
2025-06-12,GCP,Cloud Storage,europe-west1,DevOps,6.83,25.84
2025-06-12,GCP,Cloud Storage,asia-south1,DevOps,15.35,31.24
2025-06-12,GCP,Compute Engine,us-central1,Finance,50.36,116.27
2025-06-12,GCP,Compute Engine,europe-west1,Finance,84.33,171.0
2025-06-12,GCP,Compute Engine,asia-south1,Marketing,65.31,150.77
2025-06-13,AWS,CloudFront,eu-west-1,QA,13.69,51.34
2025-06-13,AWS,EBS,us-west-2,Engineering,12.08,21.17
2025-06-13,AWS,EBS,eu-west-1,Engineering,15.91,29.39
2025-06-13,AWS,EBS,ap-south-1,Finance,10.15,41.9
2025-06-13,AWS,EC2,us-east-1,DevOps,47.67,140.63
2025-06-13,AWS,EC2,us-west-2,Marketing,47.36,130.81
2025-06-13,AWS,EC2,eu-west-1,Finance,44.37,105.22
2025-06-13,AWS,Lambda,us-west-2,DevOps,5.37,9.05
2025-06-13,AWS,Lambda,eu-west-1,QA,5.16,12.94
2025-06-13,AWS,Lambda,ap-south-1,Marketing,5.12,8.17
2025-06-13,AWS,RDS,us-east-1,Engineering,32.26,110.39
2025-06-13,AWS,RDS,us-west-2,Finance,48.45,181.7
2025-06-13,AWS,RDS,eu-west-1,QA,37.49,128.15
2025-06-13,AWS,RDS,ap-south-1,Engineering,62.31,101.78
2025-06-13,AWS,S3,us-east-1,DevOps,7.5,16.43
2025-06-13,AWS,S3,us-west-2,Marketing,8.25,25.9
2025-06-13,AWS,S3,eu-west-1,Engineering,7.04,29.02
2025-06-13,AWS,S3,ap-south-1,QA,11.64,27.56
2025-06-13,Azure,Blob Storage,East US,DevOps,14.32,47.84
2025-06-13,Azure,Blob Storage,West Europe,Engineering,11.37,27.76
2025-06-13,Azure,Blob Storage,Southeast Asia,Engineering,17.66,69.03
2025-06-13,Azure,CDN,East US,Data Science,13.08,26.17
2025-06-13,Azure,CDN,Southeast Asia,Engineering,10.55,27.02
2025-06-13,Azure,Functions,Central India,QA,8.49,21.81
2025-06-13,Azure,Functions,Southeast Asia,QA,9.3,24.72
2025-06-13,Azure,SQL Database,East US,QA,34.47,113.07
2025-06-13,Azure,SQL Database,Central India,DevOps,52.0,191.74
2025-06-13,Azure,Virtual Machines,East US,DevOps,61.38,96.64
2025-06-13,Azure,Virtual Machines,West Europe,QA,81.23,243.65
2025-06-13,Azure,Virtual Machines,Central India,Data Science,46.77,150.44
2025-06-13,Azure,Virtual Machines,Southeast Asia,Marketing,44.46,88.6
2025-06-13,GCP,BigQuery,us-central1,QA,30.87,95.56
2025-06-13,GCP,BigQuery,europe-west1,DevOps,19.88,30.35
2025-06-13,GCP,Cloud CDN,us-central1,Finance,20.56,52.13
2025-06-13,GCP,Cloud Functions,us-central1,DevOps,10.81,28.99
2025-06-13,GCP,Cloud Functions,asia-south1,Finance,5.69,13.27
2025-06-13,GCP,Cloud Storage,us-central1,DevOps,11.44,38.76
2025-06-13,GCP,Cloud Storage,europe-west1,DevOps,7.61,26.22
2025-06-13,GCP,Cloud Storage,asia-south1,DevOps,16.36,32.06
2025-06-13,GCP,Compute Engine,us-central1,Finance,46.81,94.13
2025-06-13,GCP,Compute Engine,europe-west1,Finance,76.38,160.6
2025-06-13,GCP,Compute Engine,asia-south1,Marketing,76.45,195.17
2025-06-14,AWS,CloudFront,eu-west-1,QA,16.86,63.39
2025-06-14,AWS,EBS,us-west-2,Engineering,13.52,24.35
2025-06-14,AWS,EBS,eu-west-1,Engineering,13.04,24.03
2025-06-14,AWS,EBS,ap-south-1,Finance,11.25,39.29
2025-06-14,AWS,EC2,us-east-1,DevOps,54.31,172.56
2025-06-14,AWS,EC2,us-west-2,Marketing,46.36,124.86
2025-06-14,AWS,EC2,eu-west-1,Finance,44.26,120.07
2025-06-14,AWS,Lambda,us-west-2,DevOps,4.88,8.3
2025-06-14,AWS,Lambda,eu-west-1,QA,5.55,15.37
2025-06-14,AWS,Lambda,ap-south-1,Marketing,5.3,7.81
2025-06-14,AWS,RDS,us-east-1,Engineering,32.38,107.53
2025-06-14,AWS,RDS,us-west-2,Finance,43.9,153.19
2025-06-14,AWS,RDS,eu-west-1,QA,45.48,154.19
2025-06-14,AWS,RDS,ap-south-1,Engineering,50.6,73.15
2025-06-14,AWS,S3,us-east-1,DevOps,9.5,20.13
2025-06-14,AWS,S3,us-west-2,Marketing,8.75,26.64
2025-06-14,AWS,S3,eu-west-1,Engineering,7.21,28.64
2025-06-14,AWS,S3,ap-south-1,QA,12.31,30.2
2025-06-14,Azure,Blob Storage,East US,DevOps,12.7,49.15
2025-06-14,Azure,Blob Storage,West Europe,Engineering,10.35,25.96
2025-06-14,Azure,Blob Storage,Southeast Asia,Engineering,17.64,65.37
2025-06-14,Azure,CDN,East US,Data Science,11.54,22.96
2025-06-14,Azure,CDN,Southeast Asia,Engineering,10.65,29.73
2025-06-14,Azure,Functions,Central India,QA,9.14,23.14
2025-06-14,Azure,Functions,Southeast Asia,QA,11.51,31.74
2025-06-14,Azure,SQL Database,East US,QA,38.35,122.25
2025-06-14,Azure,SQL Database,Central India,DevOps,48.21,166.31
2025-06-14,Azure,Virtual Machines,East US,DevOps,60.92,89.72
2025-06-14,Azure,Virtual Machines,West Europe,QA,72.1,226.39
2025-06-14,Azure,Virtual Machines,Central India,Data Science,48.42,160.37
2025-06-14,Azure,Virtual Machines,Southeast Asia,Marketing,43.82,83.83
2025-06-14,GCP,BigQuery,us-central1,QA,31.11,98.82
2025-06-14,GCP,BigQuery,europe-west1,DevOps,18.08,24.61
2025-06-14,GCP,Cloud CDN,us-central1,Finance,15.75,42.62
2025-06-14,GCP,Cloud Functions,us-central1,DevOps,8.84,21.55
2025-06-14,GCP,Cloud Functions,asia-south1,Finance,5.69,14.71
2025-06-14,GCP,Cloud Storage,us-central1,DevOps,10.31,40.57
2025-06-14,GCP,Cloud Storage,europe-west1,DevOps,7.71,27.05
2025-06-14,GCP,Cloud Storage,asia-south1,DevOps,15.11,31.55
2025-06-14,GCP,Compute Engine,us-central1,Finance,50.39,96.63
2025-06-14,GCP,Compute Engine,europe-west1,Finance,80.79,164.34
2025-06-14,GCP,Compute Engine,asia-south1,Marketing,87.73,212.34
2025-06-15,AWS,CloudFront,eu-west-1,QA,12.27,45.34
2025-06-15,AWS,EBS,us-west-2,Engineering,11.5,23.19
2025-06-15,AWS,EBS,eu-west-1,Engineering,16.39,32.6
2025-06-15,AWS,EBS,ap-south-1,Finance,10.81,43.9
2025-06-15,AWS,EC2,us-east-1,DevOps,52.74,146.31
2025-06-15,AWS,EC2,us-west-2,Marketing,48.53,127.81
2025-06-15,AWS,EC2,eu-west-1,Finance,45.26,122.88
2025-06-15,AWS,Lambda,us-west-2,DevOps,5.28,9.19
2025-06-15,AWS,Lambda,eu-west-1,QA,4.94,12.59
2025-06-15,AWS,Lambda,ap-south-1,Marketing,5.7,9.18
2025-06-15,AWS,RDS,us-east-1,Engineering,31.64,96.81
2025-06-15,AWS,RDS,us-west-2,Finance,43.24,155.17
2025-06-15,AWS,RDS,eu-west-1,QA,49.06,149.25
2025-06-15,AWS,RDS,ap-south-1,Engineering,49.43,67.94
2025-06-15,AWS,S3,us-east-1,DevOps,9.05,18.1
2025-06-15,AWS,S3,us-west-2,Marketing,9.21,28.7
2025-06-15,AWS,S3,eu-west-1,Engineering,7.7,26.76
2025-06-15,AWS,S3,ap-south-1,QA,12.44,28.82
2025-06-15,Azure,Blob Storage,East US,DevOps,12.92,48.51
2025-06-15,Azure,Blob Storage,West Europe,Engineering,10.01,27.73
2025-06-15,Azure,Blob Storage,Southeast Asia,Engineering,18.18,67.46
2025-06-15,Azure,CDN,East US,Data Science,26.23,29.86
2025-06-15,Azure,CDN,Southeast Asia,Engineering,10.89,30.86
2025-06-15,Azure,Functions,Central India,QA,9.08,23.02
2025-06-15,Azure,Functions,Southeast Asia,QA,8.93,23.71
2025-06-15,Azure,SQL Database,East US,QA,36.35,114.82
2025-06-15,Azure,SQL Database,Central India,DevOps,50.15,188.57
2025-06-15,Azure,Virtual Machines,East US,DevOps,69.98,120.0
2025-06-15,Azure,Virtual Machines,West Europe,QA,61.8,224.64
2025-06-15,Azure,Virtual Machines,Central India,Data Science,39.45,126.05
2025-06-15,Azure,Virtual Machines,Southeast Asia,Marketing,43.43,79.12
2025-06-15,GCP,BigQuery,us-central1,QA,25.89,80.5
2025-06-15,GCP,BigQuery,europe-west1,DevOps,18.64,26.32
2025-06-15,GCP,Cloud CDN,us-central1,Finance,20.83,54.08
2025-06-15,GCP,Cloud Functions,us-central1,DevOps,9.38,24.0
2025-06-15,GCP,Cloud Functions,asia-south1,Finance,5.65,14.47
2025-06-15,GCP,Cloud Storage,us-central1,DevOps,11.19,41.41
2025-06-15,GCP,Cloud Storage,europe-west1,DevOps,6.4,26.49
2025-06-15,GCP,Cloud Storage,asia-south1,DevOps,16.66,34.2
2025-06-15,GCP,Compute Engine,us-central1,Finance,42.94,89.26
2025-06-15,GCP,Compute Engine,europe-west1,Finance,79.31,165.96
2025-06-15,GCP,Compute Engine,asia-south1,Marketing,80.16,175.61
2025-06-16,AWS,CloudFront,eu-west-1,QA,13.65,46.83
2025-06-16,AWS,EBS,us-west-2,Engineering,15.42,28.14
2025-06-16,AWS,EBS,eu-west-1,Engineering,16.88,34.06
2025-06-16,AWS,EBS,ap-south-1,Finance,10.6,40.81
2025-06-16,AWS,EC2,us-east-1,DevOps,49.49,152.48
2025-06-16,AWS,EC2,us-west-2,Marketing,45.52,108.26
2025-06-16,AWS,EC2,eu-west-1,Finance,48.38,126.78
2025-06-16,AWS,Lambda,us-west-2,DevOps,4.44,7.36
2025-06-16,AWS,Lambda,eu-west-1,QA,5.54,15.79
2025-06-16,AWS,Lambda,ap-south-1,Marketing,6.08,9.13
2025-06-16,AWS,RDS,us-east-1,Engineering,32.44,103.09
2025-06-16,AWS,RDS,us-west-2,Finance,48.68,175.3
2025-06-16,AWS,RDS,eu-west-1,QA,40.26,135.1
2025-06-16,AWS,RDS,ap-south-1,Engineering,52.03,75.07
2025-06-16,AWS,S3,us-east-1,DevOps,9.01,20.0
2025-06-16,AWS,S3,us-west-2,Marketing,7.74,23.49
2025-06-16,AWS,S3,eu-west-1,Engineering,6.94,27.16
2025-06-16,AWS,S3,ap-south-1,QA,12.89,29.08
2025-06-16,Azure,Blob Storage,East US,DevOps,18.38,70.32
2025-06-16,Azure,Blob Storage,West Europe,Engineering,12.7,31.42
2025-06-16,Azure,Blob Storage,Southeast Asia,Engineering,16.44,64.77
2025-06-16,Azure,CDN,East US,Data Science,12.37,24.57
2025-06-16,Azure,CDN,Southeast Asia,Engineering,9.76,24.76
2025-06-16,Azure,Functions,Central India,QA,8.89,19.64
2025-06-16,Azure,Functions,Southeast Asia,QA,8.47,19.87
2025-06-16,Azure,SQL Database,East US,QA,33.78,108.15
2025-06-16,Azure,SQL Database,Central India,DevOps,52.93,193.63
2025-06-16,Azure,Virtual Machines,East US,DevOps,69.67,106.24
2025-06-16,Azure,Virtual Machines,West Europe,QA,63.49,223.88
2025-06-16,Azure,Virtual Machines,Central India,Data Science,48.11,141.16
2025-06-16,Azure,Virtual Machines,Southeast Asia,Marketing,49.76,92.21
2025-06-16,GCP,BigQuery,us-central1,QA,26.73,90.64
2025-06-16,GCP,BigQuery,europe-west1,DevOps,19.84,31.94
2025-06-16,GCP,Cloud CDN,us-central1,Finance,18.45,49.59
2025-06-16,GCP,Cloud Functions,us-central1,DevOps,8.85,24.01
2025-06-16,GCP,Cloud Functions,asia-south1,Finance,5.71,13.29
2025-06-16,GCP,Cloud Storage,us-central1,DevOps,10.96,39.11
2025-06-16,GCP,Cloud Storage,europe-west1,DevOps,7.53,30.49
2025-06-16,GCP,Cloud Storage,asia-south1,DevOps,12.58,25.92
2025-06-16,GCP,Compute Engine,us-central1,Finance,44.17,90.57
2025-06-16,GCP,Compute Engine,europe-west1,Finance,72.48,158.12
2025-06-16,GCP,Compute Engine,asia-south1,Marketing,70.72,174.18
2025-06-17,AWS,CloudFront,eu-west-1,QA,12.99,49.8
2025-06-17,AWS,EBS,us-west-2,Engineering,13.2,23.41
2025-06-17,AWS,EBS,eu-west-1,Engineering,14.95,30.37
2025-06-17,AWS,EBS,ap-south-1,Finance,10.83,42.69
2025-06-17,AWS,EC2,us-east-1,DevOps,161.62,161.37
2025-06-17,AWS,EC2,us-west-2,Marketing,47.49,135.97
2025-06-17,AWS,EC2,eu-west-1,Finance,45.07,127.13
2025-06-17,AWS,Lambda,us-west-2,DevOps,4.11,6.38
2025-06-17,AWS,Lambda,eu-west-1,QA,5.47,13.4
2025-06-17,AWS,Lambda,ap-south-1,Marketing,5.73,8.54
2025-06-17,AWS,RDS,us-east-1,Engineering,34.11,97.37
2025-06-17,AWS,RDS,us-west-2,Finance,37.97,132.15
2025-06-17,AWS,RDS,eu-west-1,QA,37.62,109.72
2025-06-17,AWS,RDS,ap-south-1,Engineering,55.29,80.07
2025-06-17,AWS,S3,us-east-1,DevOps,7.17,15.47
2025-06-17,AWS,S3,us-west-2,Marketing,8.62,30.2
2025-06-17,AWS,S3,eu-west-1,Engineering,8.09,30.11
2025-06-17,AWS,S3,ap-south-1,QA,12.18,31.47
2025-06-17,Azure,Blob Storage,East US,DevOps,16.52,59.23
2025-06-17,Azure,Blob Storage,West Europe,Engineering,11.92,28.14
2025-06-17,Azure,Blob Storage,Southeast Asia,Engineering,16.36,54.67
2025-06-17,Azure,CDN,East US,Data Science,14.17,32.51
2025-06-17,Azure,CDN,Southeast Asia,Engineering,11.3,29.64
2025-06-17,Azure,Functions,Central India,QA,9.13,21.96
2025-06-17,Azure,Functions,Southeast Asia,QA,11.53,27.43
2025-06-17,Azure,SQL Database,East US,QA,33.4,112.1
2025-06-17,Azure,SQL Database,Central India,DevOps,52.27,190.01
2025-06-17,Azure,Virtual Machines,East US,DevOps,58.92,98.4
2025-06-17,Azure,Virtual Machines,West Europe,QA,60.42,203.36
2025-06-17,Azure,Virtual Machines,Central India,Data Science,50.68,154.79
2025-06-17,Azure,Virtual Machines,Southeast Asia,Marketing,44.26,88.36
2025-06-17,GCP,BigQuery,us-central1,QA,31.47,97.87
2025-06-17,GCP,BigQuery,europe-west1,DevOps,19.69,29.73
2025-06-17,GCP,Cloud CDN,us-central1,Finance,17.73,46.54
2025-06-17,GCP,Cloud Functions,us-central1,DevOps,10.46,25.37
2025-06-17,GCP,Cloud Functions,asia-south1,Finance,5.02,12.32
2025-06-17,GCP,Cloud Storage,us-central1,DevOps,9.18,33.36
2025-06-17,GCP,Cloud Storage,europe-west1,DevOps,6.65,23.23
2025-06-17,GCP,Cloud Storage,asia-south1,DevOps,15.55,29.94
2025-06-17,GCP,Compute Engine,us-central1,Finance,43.86,96.3
2025-06-17,GCP,Compute Engine,europe-west1,Finance,72.28,150.21
2025-06-17,GCP,Compute Engine,asia-south1,Marketing,76.85,175.83
2025-06-18,AWS,CloudFront,eu-west-1,QA,14.21,48.48
2025-06-18,AWS,EBS,us-west-2,Engineering,12.12,22.35
2025-06-18,AWS,EBS,eu-west-1,Engineering,16.34,33.94
2025-06-18,AWS,EBS,ap-south-1,Finance,11.17,42.51
2025-06-18,AWS,EC2,us-east-1,DevOps,88.83,164.16
2025-06-18,AWS,EC2,us-west-2,Marketing,43.84,121.62
2025-06-18,AWS,EC2,eu-west-1,Finance,47.25,117.14
2025-06-18,AWS,Lambda,us-west-2,DevOps,4.45,6.89
2025-06-18,AWS,Lambda,eu-west-1,QA,5.43,15.29
2025-06-18,AWS,Lambda,ap-south-1,Marketing,5.49,8.49
2025-06-18,AWS,RDS,us-east-1,Engineering,31.68,90.32
2025-06-18,AWS,RDS,us-west-2,Finance,38.32,134.66
2025-06-18,AWS,RDS,eu-west-1,QA,44.37,149.76
2025-06-18,AWS,RDS,ap-south-1,Engineering,48.12,78.88
2025-06-18,AWS,S3,us-east-1,DevOps,8.41,17.42
2025-06-18,AWS,S3,us-west-2,Marketing,7.51,22.94
2025-06-18,AWS,S3,eu-west-1,Engineering,7.71,29.02
2025-06-18,AWS,S3,ap-south-1,QA,14.11,34.1
2025-06-18,Azure,Blob Storage,East US,DevOps,13.65,46.44
2025-06-18,Azure,Blob Storage,West Europe,Engineering,10.55,27.18
2025-06-18,Azure,Blob Storage,Southeast Asia,Engineering,18.33,59.67
2025-06-18,Azure,CDN,East US,Data Science,13.53,30.87
2025-06-18,Azure,CDN,Southeast Asia,Engineering,12.39,31.02
2025-06-18,Azure,Functions,Central India,QA,10.07,26.04
2025-06-18,Azure,Functions,Southeast Asia,QA,10.7,28.36
2025-06-18,Azure,SQL Database,East US,QA,33.69,103.27
2025-06-18,Azure,SQL Database,Central India,DevOps,47.32,151.19
2025-06-18,Azure,Virtual Machines,East US,DevOps,53.61,91.28
2025-06-18,Azure,Virtual Machines,West Europe,QA,67.61,212.74
2025-06-18,Azure,Virtual Machines,Central India,Data Science,43.14,147.28
2025-06-18,Azure,Virtual Machines,Southeast Asia,Marketing,42.95,77.91
2025-06-18,GCP,BigQuery,us-central1,QA,33.13,95.67
2025-06-18,GCP,BigQuery,europe-west1,DevOps,17.73,26.24
2025-06-18,GCP,Cloud CDN,us-central1,Finance,17.52,51.22
2025-06-18,GCP,Cloud Functions,us-central1,DevOps,9.07,20.67
2025-06-18,GCP,Cloud Functions,asia-south1,Finance,5.16,12.94
2025-06-18,GCP,Cloud Storage,us-central1,DevOps,9.95,38.44
2025-06-18,GCP,Cloud Storage,europe-west1,DevOps,6.48,24.82
2025-06-18,GCP,Cloud Storage,asia-south1,DevOps,17.24,36.0
2025-06-18,GCP,Compute Engine,us-central1,Finance,45.0,95.32
2025-06-18,GCP,Compute Engine,europe-west1,Finance,80.32,168.43
2025-06-18,GCP,Compute Engine,asia-south1,Marketing,74.24,174.62
2025-06-19,AWS,CloudFront,eu-west-1,QA,11.58,41.61
2025-06-19,AWS,EBS,us-west-2,Engineering,13.73,26.66
2025-06-19,AWS,EBS,eu-west-1,Engineering,15.23,28.91
2025-06-19,AWS,EBS,ap-south-1,Finance,11.18,44.32
2025-06-19,AWS,EC2,us-east-1,DevOps,57.2,152.84
2025-06-19,AWS,EC2,us-west-2,Marketing,46.86,117.6
2025-06-19,AWS,EC2,eu-west-1,Finance,44.56,124.56
2025-06-19,AWS,Lambda,us-west-2,DevOps,5.26,9.3
2025-06-19,AWS,Lambda,eu-west-1,QA,5.04,12.39
2025-06-19,AWS,Lambda,ap-south-1,Marketing,5.08,8.15
2025-06-19,AWS,RDS,us-east-1,Engineering,33.27,99.22
2025-06-19,AWS,RDS,us-west-2,Finance,37.03,146.27
2025-06-19,AWS,RDS,eu-west-1,QA,39.44,129.46
2025-06-19,AWS,RDS,ap-south-1,Engineering,50.25,78.41
2025-06-19,AWS,S3,us-east-1,DevOps,9.38,21.66
2025-06-19,AWS,S3,us-west-2,Marketing,9.24,31.93
2025-06-19,AWS,S3,eu-west-1,Engineering,20.24,25.56
2025-06-19,AWS,S3,ap-south-1,QA,12.0,30.89
2025-06-19,Azure,Blob Storage,East US,DevOps,14.29,49.97
2025-06-19,Azure,Blob Storage,West Europe,Engineering,10.89,25.99
2025-06-19,Azure,Blob Storage,Southeast Asia,Engineering,17.66,66.54
2025-06-19,Azure,CDN,East US,Data Science,12.47,24.99
2025-06-19,Azure,CDN,Southeast Asia,Engineering,9.69,24.52
2025-06-19,Azure,Functions,Central India,QA,8.36,22.1
2025-06-19,Azure,Functions,Southeast Asia,QA,9.28,23.49
2025-06-19,Azure,SQL Database,East US,QA,36.41,126.02
2025-06-19,Azure,SQL Database,Central India,DevOps,54.64,172.06
2025-06-19,Azure,Virtual Machines,East US,DevOps,66.36,101.57
2025-06-19,Azure,Virtual Machines,West Europe,QA,66.52,199.47
2025-06-19,Azure,Virtual Machines,Central India,Data Science,49.11,147.11
2025-06-19,Azure,Virtual Machines,Southeast Asia,Marketing,49.24,84.72
2025-06-19,GCP,BigQuery,us-central1,QA,27.11,86.67
2025-06-19,GCP,BigQuery,europe-west1,DevOps,18.19,29.58
2025-06-19,GCP,Cloud CDN,us-central1,Finance,19.35,47.98
2025-06-19,GCP,Cloud Functions,us-central1,DevOps,10.28,27.27
2025-06-19,GCP,Cloud Functions,asia-south1,Finance,5.59,13.32
2025-06-19,GCP,Cloud Storage,us-central1,DevOps,10.19,40.09
2025-06-19,GCP,Cloud Storage,europe-west1,DevOps,6.84,25.16
2025-06-19,GCP,Cloud Storage,asia-south1,DevOps,13.51,24.3
2025-06-19,GCP,Compute Engine,us-central1,Finance,40.11,83.32
2025-06-19,GCP,Compute Engine,europe-west1,Finance,78.65,163.46
2025-06-19,GCP,Compute Engine,asia-south1,Marketing,85.0,196.94
2025-06-20,AWS,CloudFront,eu-west-1,QA,15.04,49.01
2025-06-20,AWS,EBS,us-west-2,Engineering,12.34,24.52
2025-06-20,AWS,EBS,eu-west-1,Engineering,17.25,34.98
2025-06-20,AWS,EBS,ap-south-1,Finance,11.49,39.73
2025-06-20,AWS,EC2,us-east-1,DevOps,52.07,141.74
2025-06-20,AWS,EC2,us-west-2,Marketing,49.07,140.79
2025-06-20,AWS,EC2,eu-west-1,Finance,43.43,120.81
2025-06-20,AWS,Lambda,us-west-2,DevOps,5.0,7.93
2025-06-20,AWS,Lambda,eu-west-1,QA,4.71,13.55
2025-06-20,AWS,Lambda,ap-south-1,Marketing,5.81,9.25
2025-06-20,AWS,RDS,us-east-1,Engineering,36.32,118.33
2025-06-20,AWS,RDS,us-west-2,Finance,43.6,151.97
2025-06-20,AWS,RDS,eu-west-1,QA,44.18,128.53
2025-06-20,AWS,RDS,ap-south-1,Engineering,54.64,75.87
2025-06-20,AWS,S3,us-east-1,DevOps,8.19,15.8
2025-06-20,AWS,S3,us-west-2,Marketing,8.66,25.93
2025-06-20,AWS,S3,eu-west-1,Engineering,7.51,26.69
2025-06-20,AWS,S3,ap-south-1,QA,13.14,29.26
2025-06-20,Azure,Blob Storage,East US,DevOps,15.07,59.0
2025-06-20,Azure,Blob Storage,West Europe,Engineering,10.69,24.83
2025-06-20,Azure,Blob Storage,Southeast Asia,Engineering,16.1,57.09
2025-06-20,Azure,CDN,East US,Data Science,12.19,28.85
2025-06-20,Azure,CDN,Southeast Asia,Engineering,10.81,25.46
2025-06-20,Azure,Functions,Central India,QA,8.76,20.17
2025-06-20,Azure,Functions,Southeast Asia,QA,10.11,24.43
2025-06-20,Azure,SQL Database,East US,QA,37.19,123.93
2025-06-20,Azure,SQL Database,Central India,DevOps,54.35,181.76
2025-06-20,Azure,Virtual Machines,East US,DevOps,52.97,89.42
2025-06-20,Azure,Virtual Machines,West Europe,QA,66.98,201.15
2025-06-20,Azure,Virtual Machines,Central India,Data Science,44.42,126.78
2025-06-20,Azure,Virtual Machines,Southeast Asia,Marketing,47.55,96.45
2025-06-20,GCP,BigQuery,us-central1,QA,29.84,95.87
2025-06-20,GCP,BigQuery,europe-west1,DevOps,15.84,21.82
2025-06-20,GCP,Cloud CDN,us-central1,Finance,18.31,48.78
2025-06-20,GCP,Cloud Functions,us-central1,DevOps,10.46,25.72
2025-06-20,GCP,Cloud Functions,asia-south1,Finance,5.1,11.74
2025-06-20,GCP,Cloud Storage,us-central1,DevOps,11.03,41.8
2025-06-20,GCP,Cloud Storage,europe-west1,DevOps,7.44,28.28
2025-06-20,GCP,Cloud Storage,asia-south1,DevOps,16.14,31.25
2025-06-20,GCP,Compute Engine,us-central1,Finance,51.65,103.59
2025-06-20,GCP,Compute Engine,europe-west1,Finance,80.5,164.61
2025-06-20,GCP,Compute Engine,asia-south1,Marketing,67.99,167.48
2025-06-21,AWS,CloudFront,eu-west-1,QA,14.68,56.23
2025-06-21,AWS,EBS,us-west-2,Engineering,13.03,24.32
2025-06-21,AWS,EBS,eu-west-1,Engineering,15.9,29.51
2025-06-21,AWS,EBS,ap-south-1,Finance,12.05,48.34
2025-06-21,AWS,EC2,us-east-1,DevOps,48.91,132.74
2025-06-21,AWS,EC2,us-west-2,Marketing,44.92,119.99
2025-06-21,AWS,EC2,eu-west-1,Finance,45.85,106.26
2025-06-21,AWS,Lambda,us-west-2,DevOps,5.49,8.35
2025-06-21,AWS,Lambda,eu-west-1,QA,4.4,11.3
2025-06-21,AWS,Lambda,ap-south-1,Marketing,5.89,8.82
2025-06-21,AWS,RDS,us-east-1,Engineering,30.31,101.83
2025-06-21,AWS,RDS,us-west-2,Finance,42.7,144.4
2025-06-21,AWS,RDS,eu-west-1,QA,46.0,151.2
2025-06-21,AWS,RDS,ap-south-1,Engineering,54.59,76.68
2025-06-21,AWS,S3,us-east-1,DevOps,7.77,15.95
2025-06-21,AWS,S3,us-west-2,Marketing,7.53,27.04
2025-06-21,AWS,S3,eu-west-1,Engineering,6.97,27.95
2025-06-21,AWS,S3,ap-south-1,QA,15.14,33.32
2025-06-21,Azure,Blob Storage,East US,DevOps,12.26,48.33
2025-06-21,Azure,Blob Storage,West Europe,Engineering,9.93,22.78
2025-06-21,Azure,Blob Storage,Southeast Asia,Engineering,13.98,49.48
2025-06-21,Azure,CDN,East US,Data Science,14.05,30.88
2025-06-21,Azure,CDN,Southeast Asia,Engineering,11.66,32.04
2025-06-21,Azure,Functions,Central India,QA,8.24,20.36
2025-06-21,Azure,Functions,Southeast Asia,QA,10.13,25.37
2025-06-21,Azure,SQL Database,East US,QA,37.42,117.2
2025-06-21,Azure,SQL Database,Central India,DevOps,48.48,158.78
2025-06-21,Azure,Virtual Machines,East US,DevOps,61.32,100.91
2025-06-21,Azure,Virtual Machines,West Europe,QA,61.61,209.23
2025-06-21,Azure,Virtual Machines,Central India,Data Science,43.73,133.62
2025-06-21,Azure,Virtual Machines,Southeast Asia,Marketing,49.62,90.91
2025-06-21,GCP,BigQuery,us-central1,QA,30.95,102.21
2025-06-21,GCP,BigQuery,europe-west1,DevOps,17.02,27.79
2025-06-21,GCP,Cloud CDN,us-central1,Finance,18.16,54.68
2025-06-21,GCP,Cloud Functions,us-central1,DevOps,9.63,26.12
2025-06-21,GCP,Cloud Functions,asia-south1,Finance,5.23,14.05
2025-06-21,GCP,Cloud Storage,us-central1,DevOps,11.13,42.43
2025-06-21,GCP,Cloud Storage,europe-west1,DevOps,7.02,26.32
2025-06-21,GCP,Cloud Storage,asia-south1,DevOps,15.62,33.62
2025-06-21,GCP,Compute Engine,us-central1,Finance,44.88,101.41
2025-06-21,GCP,Compute Engine,europe-west1,Finance,81.58,154.9
2025-06-21,GCP,Compute Engine,asia-south1,Marketing,82.03,182.44
2025-06-22,AWS,CloudFront,eu-west-1,QA,13.8,50.2
2025-06-22,AWS,EBS,us-west-2,Engineering,13.46,25.69
2025-06-22,AWS,EBS,eu-west-1,Engineering,14.23,26.59
2025-06-22,AWS,EBS,ap-south-1,Finance,10.44,36.1
2025-06-22,AWS,EC2,us-east-1,DevOps,48.75,148.12
2025-06-22,AWS,EC2,us-west-2,Marketing,46.93,124.9
2025-06-22,AWS,EC2,eu-west-1,Finance,45.48,115.67
2025-06-22,AWS,Lambda,us-west-2,DevOps,4.07,7.5
2025-06-22,AWS,Lambda,eu-west-1,QA,4.92,13.53
2025-06-22,AWS,Lambda,ap-south-1,Marketing,5.57,9.47
2025-06-22,AWS,RDS,us-east-1,Engineering,31.11,98.81
2025-06-22,AWS,RDS,us-west-2,Finance,47.1,180.42
2025-06-22,AWS,RDS,eu-west-1,QA,42.98,138.48
2025-06-22,AWS,RDS,ap-south-1,Engineering,50.94,71.87
2025-06-22,AWS,S3,us-east-1,DevOps,8.02,15.59
2025-06-22,AWS,S3,us-west-2,Marketing,20.27,25.7
2025-06-22,AWS,S3,eu-west-1,Engineering,6.84,25.69
2025-06-22,AWS,S3,ap-south-1,QA,13.56,34.39
2025-06-22,Azure,Blob Storage,East US,DevOps,14.35,51.82
2025-06-22,Azure,Blob Storage,West Europe,Engineering,10.38,23.67
2025-06-22,Azure,Blob Storage,Southeast Asia,Engineering,17.08,57.97
2025-06-22,Azure,CDN,East US,Data Science,11.7,27.68
2025-06-22,Azure,CDN,Southeast Asia,Engineering,10.33,29.39
2025-06-22,Azure,Functions,Central India,QA,8.84,22.82
2025-06-22,Azure,Functions,Southeast Asia,QA,9.98,27.21
2025-06-22,Azure,SQL Database,East US,QA,37.33,122.58
2025-06-22,Azure,SQL Database,Central India,DevOps,49.73,179.94
2025-06-22,Azure,Virtual Machines,East US,DevOps,57.52,98.17
2025-06-22,Azure,Virtual Machines,West Europe,QA,60.77,182.54
2025-06-22,Azure,Virtual Machines,Central India,Data Science,50.79,154.61
2025-06-22,Azure,Virtual Machines,Southeast Asia,Marketing,47.68,86.66
2025-06-22,GCP,BigQuery,us-central1,QA,47.18,100.39
2025-06-22,GCP,BigQuery,europe-west1,DevOps,17.55,23.92
2025-06-22,GCP,Cloud CDN,us-central1,Finance,17.73,50.55
2025-06-22,GCP,Cloud Functions,us-central1,DevOps,9.5,23.7
2025-06-22,GCP,Cloud Functions,asia-south1,Finance,5.47,14.97
2025-06-22,GCP,Cloud Storage,us-central1,DevOps,11.62,40.57
2025-06-22,GCP,Cloud Storage,europe-west1,DevOps,6.97,23.9
2025-06-22,GCP,Cloud Storage,asia-south1,DevOps,13.35,28.49
2025-06-22,GCP,Compute Engine,us-central1,Finance,40.24,81.03
2025-06-22,GCP,Compute Engine,europe-west1,Finance,85.51,168.04
2025-06-22,GCP,Compute Engine,asia-south1,Marketing,66.83,153.99
2025-06-23,AWS,CloudFront,eu-west-1,QA,13.1,48.11
2025-06-23,AWS,EBS,us-west-2,Engineering,11.87,22.45
2025-06-23,AWS,EBS,eu-west-1,Engineering,16.87,30.51
2025-06-23,AWS,EBS,ap-south-1,Finance,9.97,37.68
2025-06-23,AWS,EC2,us-east-1,DevOps,41.46,129.8
2025-06-23,AWS,EC2,us-west-2,Marketing,47.17,129.62
2025-06-23,AWS,EC2,eu-west-1,Finance,42.57,119.8
2025-06-23,AWS,Lambda,us-west-2,DevOps,4.96,9.13
2025-06-23,AWS,Lambda,eu-west-1,QA,5.51,14.67
2025-06-23,AWS,Lambda,ap-south-1,Marketing,9.08,7.2
2025-06-23,AWS,RDS,us-east-1,Engineering,33.69,106.43
2025-06-23,AWS,RDS,us-west-2,Finance,42.52,173.88
2025-06-23,AWS,RDS,eu-west-1,QA,44.31,143.16
2025-06-23,AWS,RDS,ap-south-1,Engineering,59.42,92.39
2025-06-23,AWS,S3,us-east-1,DevOps,8.36,18.77
2025-06-23,AWS,S3,us-west-2,Marketing,8.6,25.54
2025-06-23,AWS,S3,eu-west-1,Engineering,6.92,25.19
2025-06-23,AWS,S3,ap-south-1,QA,13.38,32.82
2025-06-23,Azure,Blob Storage,East US,DevOps,14.59,50.75
2025-06-23,Azure,Blob Storage,West Europe,Engineering,11.47,28.51
2025-06-23,Azure,Blob Storage,Southeast Asia,Engineering,17.12,61.55
2025-06-23,Azure,CDN,East US,Data Science,12.46,29.46
2025-06-23,Azure,CDN,Southeast Asia,Engineering,9.86,27.01
2025-06-23,Azure,Functions,Central India,QA,8.2,20.95
2025-06-23,Azure,Functions,Southeast Asia,QA,9.03,23.9
2025-06-23,Azure,SQL Database,East US,QA,34.02,122.04
2025-06-23,Azure,SQL Database,Central India,DevOps,45.86,157.63
2025-06-23,Azure,Virtual Machines,East US,DevOps,58.83,88.28
2025-06-23,Azure,Virtual Machines,West Europe,QA,67.22,245.31
2025-06-23,Azure,Virtual Machines,Central India,Data Science,45.21,140.58
2025-06-23,Azure,Virtual Machines,Southeast Asia,Marketing,42.79,75.45
2025-06-23,GCP,BigQuery,us-central1,QA,28.17,87.33
2025-06-23,GCP,BigQuery,europe-west1,DevOps,16.33,24.89
2025-06-23,GCP,Cloud CDN,us-central1,Finance,17.07,49.56
2025-06-23,GCP,Cloud Functions,us-central1,DevOps,9.26,20.73
2025-06-23,GCP,Cloud Functions,asia-south1,Finance,5.8,14.01
2025-06-23,GCP,Cloud Storage,us-central1,DevOps,9.94,35.78
2025-06-23,GCP,Cloud Storage,europe-west1,DevOps,6.97,25.3
2025-06-23,GCP,Cloud Storage,asia-south1,DevOps,15.41,27.66
2025-06-23,GCP,Compute Engine,us-central1,Finance,40.21,77.66
2025-06-23,GCP,Compute Engine,europe-west1,Finance,71.24,150.35
2025-06-23,GCP,Compute Engine,asia-south1,Marketing,75.4,186.42
2025-06-24,AWS,CloudFront,eu-west-1,QA,14.12,45.07
2025-06-24,AWS,EBS,us-west-2,Engineering,14.85,25.56
2025-06-24,AWS,EBS,eu-west-1,Engineering,16.35,33.95
2025-06-24,AWS,EBS,ap-south-1,Finance,10.86,38.51
2025-06-24,AWS,EC2,us-east-1,DevOps,49.37,151.82
2025-06-24,AWS,EC2,us-west-2,Marketing,48.07,133.7
2025-06-24,AWS,EC2,eu-west-1,Finance,40.35,95.42
2025-06-24,AWS,Lambda,us-west-2,DevOps,4.82,7.91
2025-06-24,AWS,Lambda,eu-west-1,QA,4.76,12.37
2025-06-24,AWS,Lambda,ap-south-1,Marketing,5.72,8.19
2025-06-24,AWS,RDS,us-east-1,Engineering,35.66,109.74
2025-06-24,AWS,RDS,us-west-2,Finance,40.14,144.81
2025-06-24,AWS,RDS,eu-west-1,QA,44.05,133.85
2025-06-24,AWS,RDS,ap-south-1,Engineering,125.94,90.98
2025-06-24,AWS,S3,us-east-1,DevOps,7.78,17.27
2025-06-24,AWS,S3,us-west-2,Marketing,9.2,31.91
2025-06-24,AWS,S3,eu-west-1,Engineering,7.41,27.42
2025-06-24,AWS,S3,ap-south-1,QA,14.74,32.73
2025-06-24,Azure,Blob Storage,East US,DevOps,13.83,52.44
2025-06-24,Azure,Blob Storage,West Europe,Engineering,10.24,25.43
2025-06-24,Azure,Blob Storage,Southeast Asia,Engineering,14.8,52.53
2025-06-24,Azure,CDN,East US,Data Science,12.06,24.8
2025-06-24,Azure,CDN,Southeast Asia,Engineering,10.55,27.54
2025-06-24,Azure,Functions,Central India,QA,8.18,20.37
2025-06-24,Azure,Functions,Southeast Asia,QA,10.04,25.03
2025-06-24,Azure,SQL Database,East US,QA,39.05,115.91
2025-06-24,Azure,SQL Database,Central India,DevOps,44.93,156.69
2025-06-24,Azure,Virtual Machines,East US,DevOps,63.87,109.55
2025-06-24,Azure,Virtual Machines,West Europe,QA,68.93,214.45
2025-06-24,Azure,Virtual Machines,Central India,Data Science,48.19,152.56
2025-06-24,Azure,Virtual Machines,Southeast Asia,Marketing,45.52,92.09
2025-06-24,GCP,BigQuery,us-central1,QA,27.1,82.48
2025-06-24,GCP,BigQuery,europe-west1,DevOps,15.01,22.84
2025-06-24,GCP,Cloud CDN,us-central1,Finance,19.39,57.24
2025-06-24,GCP,Cloud Functions,us-central1,DevOps,8.95,22.07
2025-06-24,GCP,Cloud Functions,asia-south1,Finance,5.66,13.03
2025-06-24,GCP,Cloud Storage,us-central1,DevOps,9.23,36.02
2025-06-24,GCP,Cloud Storage,europe-west1,DevOps,6.99,24.37
2025-06-24,GCP,Cloud Storage,asia-south1,DevOps,15.32,30.44
2025-06-24,GCP,Compute Engine,us-central1,Finance,44.06,94.63
2025-06-24,GCP,Compute Engine,europe-west1,Finance,79.35,158.85
2025-06-24,GCP,Compute Engine,asia-south1,Marketing,76.76,188.32
2025-06-25,AWS,CloudFront,eu-west-1,QA,13.62,50.12
2025-06-25,AWS,EBS,us-west-2,Engineering,14.85,27.77
2025-06-25,AWS,EBS,eu-west-1,Engineering,14.73,29.2
2025-06-25,AWS,EBS,ap-south-1,Finance,9.35,37.95
2025-06-25,AWS,EC2,us-east-1,DevOps,48.45,128.56
2025-06-25,AWS,EC2,us-west-2,Marketing,45.63,123.21
2025-06-25,AWS,EC2,eu-west-1,Finance,96.4,113.7
2025-06-25,AWS,Lambda,us-west-2,DevOps,4.42,6.72
2025-06-25,AWS,Lambda,eu-west-1,QA,5.16,14.17
2025-06-25,AWS,Lambda,ap-south-1,Marketing,5.86,9.43
2025-06-25,AWS,RDS,us-east-1,Engineering,28.5,83.38
2025-06-25,AWS,RDS,us-west-2,Finance,41.25,142.28
2025-06-25,AWS,RDS,eu-west-1,QA,44.34,134.02
2025-06-25,AWS,RDS,ap-south-1,Engineering,43.67,70.93
2025-06-25,AWS,S3,us-east-1,DevOps,9.12,18.79
2025-06-25,AWS,S3,us-west-2,Marketing,7.51,24.82
2025-06-25,AWS,S3,eu-west-1,Engineering,7.2,29.2
2025-06-25,AWS,S3,ap-south-1,QA,14.03,31.7
2025-06-25,Azure,Blob Storage,East US,DevOps,14.85,56.67
2025-06-25,Azure,Blob Storage,West Europe,Engineering,11.05,26.11
2025-06-25,Azure,Blob Storage,Southeast Asia,Engineering,15.19,52.86
2025-06-25,Azure,CDN,East US,Data Science,13.21,28.21
2025-06-25,Azure,CDN,Southeast Asia,Engineering,10.95,30.33
2025-06-25,Azure,Functions,Central India,QA,7.49,16.47
2025-06-25,Azure,Functions,Southeast Asia,QA,10.65,29.38
2025-06-25,Azure,SQL Database,East US,QA,34.51,106.5
2025-06-25,Azure,SQL Database,Central India,DevOps,49.06,180.97
2025-06-25,Azure,Virtual Machines,East US,DevOps,54.19,78.14
2025-06-25,Azure,Virtual Machines,West Europe,QA,59.73,206.75
2025-06-25,Azure,Virtual Machines,Central India,Data Science,37.79,129.86
2025-06-25,Azure,Virtual Machines,Southeast Asia,Marketing,45.4,80.28
2025-06-25,GCP,BigQuery,us-central1,QA,32.9,102.97
2025-06-25,GCP,BigQuery,europe-west1,DevOps,16.63,25.73
2025-06-25,GCP,Cloud CDN,us-central1,Finance,16.87,45.15
2025-06-25,GCP,Cloud Functions,us-central1,DevOps,8.81,22.72
2025-06-25,GCP,Cloud Functions,asia-south1,Finance,5.95,16.37
2025-06-25,GCP,Cloud Storage,us-central1,DevOps,9.71,37.18
2025-06-25,GCP,Cloud Storage,europe-west1,DevOps,6.63,24.95
2025-06-25,GCP,Cloud Storage,asia-south1,DevOps,14.72,27.76
2025-06-25,GCP,Compute Engine,us-central1,Finance,45.58,93.11
2025-06-25,GCP,Compute Engine,europe-west1,Finance,79.63,158.77
2025-06-25,GCP,Compute Engine,asia-south1,Marketing,79.22,175.58
2025-06-26,AWS,CloudFront,eu-west-1,QA,14.19,52.34
2025-06-26,AWS,EBS,us-west-2,Engineering,12.15,23.61
2025-06-26,AWS,EBS,eu-west-1,Engineering,15.73,29.51
2025-06-26,AWS,EBS,ap-south-1,Finance,9.67,35.51
2025-06-26,AWS,EC2,us-east-1,DevOps,43.09,135.47
2025-06-26,AWS,EC2,us-west-2,Marketing,49.84,120.77
2025-06-26,AWS,EC2,eu-west-1,Finance,42.69,120.16
2025-06-26,AWS,Lambda,us-west-2,DevOps,4.77,8.38
2025-06-26,AWS,Lambda,eu-west-1,QA,5.15,14.98
2025-06-26,AWS,Lambda,ap-south-1,Marketing,5.95,8.68
2025-06-26,AWS,RDS,us-east-1,Engineering,27.15,78.72
2025-06-26,AWS,RDS,us-west-2,Finance,41.39,156.72
2025-06-26,AWS,RDS,eu-west-1,QA,40.96,136.68
2025-06-26,AWS,RDS,ap-south-1,Engineering,42.28,69.71
2025-06-26,AWS,S3,us-east-1,DevOps,8.2,18.11
2025-06-26,AWS,S3,us-west-2,Marketing,8.7,30.24
2025-06-26,AWS,S3,eu-west-1,Engineering,6.8,27.05
2025-06-26,AWS,S3,ap-south-1,QA,13.26,33.28
2025-06-26,Azure,Blob Storage,East US,DevOps,13.44,51.78
2025-06-26,Azure,Blob Storage,West Europe,Engineering,10.12,26.95
2025-06-26,Azure,Blob Storage,Southeast Asia,Engineering,15.68,55.64
2025-06-26,Azure,CDN,East US,Data Science,13.2,26.77
2025-06-26,Azure,CDN,Southeast Asia,Engineering,9.23,25.73
2025-06-26,Azure,Functions,Central India,QA,8.5,21.59
2025-06-26,Azure,Functions,Southeast Asia,QA,8.34,22.25
2025-06-26,Azure,SQL Database,East US,QA,36.83,119.68
2025-06-26,Azure,SQL Database,Central India,DevOps,44.45,153.65
2025-06-26,Azure,Virtual Machines,East US,DevOps,54.7,91.45
2025-06-26,Azure,Virtual Machines,West Europe,QA,68.09,210.55
2025-06-26,Azure,Virtual Machines,Central India,Data Science,106.8,139.22
2025-06-26,Azure,Virtual Machines,Southeast Asia,Marketing,41.37,79.65
2025-06-26,GCP,BigQuery,us-central1,QA,28.42,96.26
2025-06-26,GCP,BigQuery,europe-west1,DevOps,14.23,19.4
2025-06-26,GCP,Cloud CDN,us-central1,Finance,15.64,39.32
2025-06-26,GCP,Cloud Functions,us-central1,DevOps,8.97,20.06
2025-06-26,GCP,Cloud Functions,asia-south1,Finance,5.3,12.56
2025-06-26,GCP,Cloud Storage,us-central1,DevOps,9.76,36.68
2025-06-26,GCP,Cloud Storage,europe-west1,DevOps,6.99,28.49
2025-06-26,GCP,Cloud Storage,asia-south1,DevOps,16.09,32.95
2025-06-26,GCP,Compute Engine,us-central1,Finance,46.49,102.77
2025-06-26,GCP,Compute Engine,europe-west1,Finance,72.82,155.66
2025-06-26,GCP,Compute Engine,asia-south1,Marketing,76.48,174.88
2025-06-27,AWS,CloudFront,eu-west-1,QA,12.98,46.92
2025-06-27,AWS,EBS,us-west-2,Engineering,11.47,22.21
2025-06-27,AWS,EBS,eu-west-1,Engineering,15.61,31.24
2025-06-27,AWS,EBS,ap-south-1,Finance,10.98,41.48
2025-06-27,AWS,EC2,us-east-1,DevOps,47.83,136.0
2025-06-27,AWS,EC2,us-west-2,Marketing,37.92,96.06
2025-06-27,AWS,EC2,eu-west-1,Finance,40.3,104.66
2025-06-27,AWS,Lambda,us-west-2,DevOps,4.51,8.09
2025-06-27,AWS,Lambda,eu-west-1,QA,4.68,11.36
2025-06-27,AWS,Lambda,ap-south-1,Marketing,5.08,8.02
2025-06-27,AWS,RDS,us-east-1,Engineering,31.21,103.07
2025-06-27,AWS,RDS,us-west-2,Finance,35.3,142.54
2025-06-27,AWS,RDS,eu-west-1,QA,43.05,129.88
2025-06-27,AWS,RDS,ap-south-1,Engineering,51.68,73.64
2025-06-27,AWS,S3,us-east-1,DevOps,7.83,16.35
2025-06-27,AWS,S3,us-west-2,Marketing,7.77,25.72
2025-06-27,AWS,S3,eu-west-1,Engineering,7.42,26.81
2025-06-27,AWS,S3,ap-south-1,QA,12.29,28.84
2025-06-27,Azure,Blob Storage,East US,DevOps,14.36,47.15
2025-06-27,Azure,Blob Storage,West Europe,Engineering,9.52,22.23
2025-06-27,Azure,Blob Storage,Southeast Asia,Engineering,16.69,58.54
2025-06-27,Azure,CDN,East US,Data Science,12.42,28.67
2025-06-27,Azure,CDN,Southeast Asia,Engineering,11.05,28.98
2025-06-27,Azure,Functions,Central India,QA,8.66,22.23
2025-06-27,Azure,Functions,Southeast Asia,QA,9.25,21.0
2025-06-27,Azure,SQL Database,East US,QA,34.85,117.6
2025-06-27,Azure,SQL Database,Central India,DevOps,49.54,173.5
2025-06-27,Azure,Virtual Machines,East US,DevOps,60.63,94.5
2025-06-27,Azure,Virtual Machines,West Europe,QA,70.15,234.88
2025-06-27,Azure,Virtual Machines,Central India,Data Science,46.74,132.63
2025-06-27,Azure,Virtual Machines,Southeast Asia,Marketing,40.43,81.54
2025-06-27,GCP,BigQuery,us-central1,QA,28.89,99.29
2025-06-27,GCP,BigQuery,europe-west1,DevOps,18.45,27.94
2025-06-27,GCP,Cloud CDN,us-central1,Finance,17.75,48.0
2025-06-27,GCP,Cloud Functions,us-central1,DevOps,10.34,25.11
2025-06-27,GCP,Cloud Functions,asia-south1,Finance,5.26,13.18
2025-06-27,GCP,Cloud Storage,us-central1,DevOps,9.62,31.83
2025-06-27,GCP,Cloud Storage,europe-west1,DevOps,17.75,25.94
2025-06-27,GCP,Cloud Storage,asia-south1,DevOps,15.83,32.46
2025-06-27,GCP,Compute Engine,us-central1,Finance,43.13,83.78
2025-06-27,GCP,Compute Engine,europe-west1,Finance,74.97,137.28
2025-06-27,GCP,Compute Engine,asia-south1,Marketing,62.84,133.73
2025-06-28,AWS,CloudFront,eu-west-1,QA,12.83,42.98
2025-06-28,AWS,EBS,us-west-2,Engineering,11.99,24.04
2025-06-28,AWS,EBS,eu-west-1,Engineering,14.42,27.7
2025-06-28,AWS,EBS,ap-south-1,Finance,10.0,37.6
2025-06-28,AWS,EC2,us-east-1,DevOps,52.75,151.32
2025-06-28,AWS,EC2,us-west-2,Marketing,55.94,158.99
2025-06-28,AWS,EC2,eu-west-1,Finance,39.08,94.16
2025-06-28,AWS,Lambda,us-west-2,DevOps,4.6,7.15
2025-06-28,AWS,Lambda,eu-west-1,QA,5.26,15.24
2025-06-28,AWS,Lambda,ap-south-1,Marketing,5.41,9.3
2025-06-28,AWS,RDS,us-east-1,Engineering,30.74,104.72
2025-06-28,AWS,RDS,us-west-2,Finance,49.29,194.5
2025-06-28,AWS,RDS,eu-west-1,QA,40.77,127.9
2025-06-28,AWS,RDS,ap-south-1,Engineering,53.55,78.05
2025-06-28,AWS,S3,us-east-1,DevOps,7.29,16.34
2025-06-28,AWS,S3,us-west-2,Marketing,8.6,29.13
2025-06-28,AWS,S3,eu-west-1,Engineering,6.85,23.98
2025-06-28,AWS,S3,ap-south-1,QA,12.5,30.62
2025-06-28,Azure,Blob Storage,East US,DevOps,13.35,43.64
2025-06-28,Azure,Blob Storage,West Europe,Engineering,11.45,31.26
2025-06-28,Azure,Blob Storage,Southeast Asia,Engineering,19.19,74.97
2025-06-28,Azure,CDN,East US,Data Science,11.32,24.8
2025-06-28,Azure,CDN,Southeast Asia,Engineering,9.96,28.16
2025-06-28,Azure,Functions,Central India,QA,9.56,24.29
2025-06-28,Azure,Functions,Southeast Asia,QA,8.68,20.16
2025-06-28,Azure,SQL Database,East US,QA,36.14,111.82
2025-06-28,Azure,SQL Database,Central India,DevOps,45.28,167.94
2025-06-28,Azure,Virtual Machines,East US,DevOps,64.94,95.94
2025-06-28,Azure,Virtual Machines,West Europe,QA,52.73,160.45
2025-06-28,Azure,Virtual Machines,Central India,Data Science,44.37,144.69
2025-06-28,Azure,Virtual Machines,Southeast Asia,Marketing,41.64,70.78
2025-06-28,GCP,BigQuery,us-central1,QA,28.55,97.97
2025-06-28,GCP,BigQuery,europe-west1,DevOps,16.27,22.6
2025-06-28,GCP,Cloud CDN,us-central1,Finance,30.81,43.26
2025-06-28,GCP,Cloud Functions,us-central1,DevOps,8.22,18.92
2025-06-28,GCP,Cloud Functions,asia-south1,Finance,4.91,12.2
2025-06-28,GCP,Cloud Storage,us-central1,DevOps,10.2,33.55
2025-06-28,GCP,Cloud Storage,europe-west1,DevOps,6.91,28.35
2025-06-28,GCP,Cloud Storage,asia-south1,DevOps,15.52,27.35
2025-06-28,GCP,Compute Engine,us-central1,Finance,44.76,103.77
2025-06-28,GCP,Compute Engine,europe-west1,Finance,72.1,151.76
2025-06-28,GCP,Compute Engine,asia-south1,Marketing,71.09,168.56
2025-06-29,AWS,CloudFront,eu-west-1,QA,14.05,49.0
2025-06-29,AWS,EBS,us-west-2,Engineering,11.97,23.63
2025-06-29,AWS,EBS,eu-west-1,Engineering,14.9,31.47
2025-06-29,AWS,EBS,ap-south-1,Finance,9.07,36.46
2025-06-29,AWS,EC2,us-east-1,DevOps,44.55,120.16
2025-06-29,AWS,EC2,us-west-2,Marketing,41.87,103.58
2025-06-29,AWS,EC2,eu-west-1,Finance,43.01,112.29
2025-06-29,AWS,Lambda,us-west-2,DevOps,4.65,7.24
2025-06-29,AWS,Lambda,eu-west-1,QA,3.63,9.91
2025-06-29,AWS,Lambda,ap-south-1,Marketing,4.97,8.15
2025-06-29,AWS,RDS,us-east-1,Engineering,32.5,101.15
2025-06-29,AWS,RDS,us-west-2,Finance,41.92,160.38
2025-06-29,AWS,RDS,eu-west-1,QA,41.21,135.75
2025-06-29,AWS,RDS,ap-south-1,Engineering,47.09,67.65
2025-06-29,AWS,S3,us-east-1,DevOps,8.39,17.74
2025-06-29,AWS,S3,us-west-2,Marketing,8.45,29.42
2025-06-29,AWS,S3,eu-west-1,Engineering,6.52,23.49
2025-06-29,AWS,S3,ap-south-1,QA,12.37,28.23
2025-06-29,Azure,Blob Storage,East US,DevOps,11.42,40.2
2025-06-29,Azure,Blob Storage,West Europe,Engineering,8.61,22.08
2025-06-29,Azure,Blob Storage,Southeast Asia,Engineering,17.33,68.22
2025-06-29,Azure,CDN,East US,Data Science,11.59,27.55
2025-06-29,Azure,CDN,Southeast Asia,Engineering,9.52,22.44
2025-06-29,Azure,Functions,Central India,QA,8.57,21.96
2025-06-29,Azure,Functions,Southeast Asia,QA,8.93,22.72
2025-06-29,Azure,SQL Database,East US,QA,34.25,122.14
2025-06-29,Azure,SQL Database,Central India,DevOps,50.34,172.33
2025-06-29,Azure,Virtual Machines,East US,DevOps,67.63,97.81
2025-06-29,Azure,Virtual Machines,West Europe,QA,72.53,253.76
2025-06-29,Azure,Virtual Machines,Central India,Data Science,43.0,143.21
2025-06-29,Azure,Virtual Machines,Southeast Asia,Marketing,50.85,101.57
2025-06-29,GCP,BigQuery,us-central1,QA,25.84,76.65
2025-06-29,GCP,BigQuery,europe-west1,DevOps,17.61,24.69
2025-06-29,GCP,Cloud CDN,us-central1,Finance,19.13,51.31
2025-06-29,GCP,Cloud Functions,us-central1,DevOps,9.06,23.03
2025-06-29,GCP,Cloud Functions,asia-south1,Finance,5.38,12.81
2025-06-29,GCP,Cloud Storage,us-central1,DevOps,10.72,35.95
2025-06-29,GCP,Cloud Storage,europe-west1,DevOps,6.97,28.82
2025-06-29,GCP,Cloud Storage,asia-south1,DevOps,16.1,33.7
2025-06-29,GCP,Compute Engine,us-central1,Finance,43.55,86.56
2025-06-29,GCP,Compute Engine,europe-west1,Finance,85.71,173.79
2025-06-29,GCP,Compute Engine,asia-south1,Marketing,73.47,165.58
2025-06-30,AWS,CloudFront,eu-west-1,QA,13.49,43.49
2025-06-30,AWS,EBS,us-west-2,Engineering,13.46,24.54
2025-06-30,AWS,EBS,eu-west-1,Engineering,15.0,29.86
2025-06-30,AWS,EBS,ap-south-1,Finance,8.79,33.37
2025-06-30,AWS,EC2,us-east-1,DevOps,43.42,133.19
2025-06-30,AWS,EC2,us-west-2,Marketing,46.16,117.75
2025-06-30,AWS,EC2,eu-west-1,Finance,43.19,104.39
2025-06-30,AWS,Lambda,us-west-2,DevOps,4.72,8.44
2025-06-30,AWS,Lambda,eu-west-1,QA,4.24,12.03
2025-06-30,AWS,Lambda,ap-south-1,Marketing,4.77,7.7
2025-06-30,AWS,RDS,us-east-1,Engineering,31.89,103.28
2025-06-30,AWS,RDS,us-west-2,Finance,40.66,146.22
2025-06-30,AWS,RDS,eu-west-1,QA,49.35,143.33
2025-06-30,AWS,RDS,ap-south-1,Engineering,45.72,67.32
2025-06-30,AWS,S3,us-east-1,DevOps,8.32,17.43
2025-06-30,AWS,S3,us-west-2,Marketing,8.05,26.02
2025-06-30,AWS,S3,eu-west-1,Engineering,7.0,28.75
2025-06-30,AWS,S3,ap-south-1,QA,11.96,27.66
2025-06-30,Azure,Blob Storage,East US,DevOps,13.9,46.87
2025-06-30,Azure,Blob Storage,West Europe,Engineering,11.78,26.88
2025-06-30,Azure,Blob Storage,Southeast Asia,Engineering,13.9,53.31
2025-06-30,Azure,CDN,East US,Data Science,10.51,21.66
2025-06-30,Azure,CDN,Southeast Asia,Engineering,8.76,20.56
2025-06-30,Azure,Functions,Central India,QA,7.91,18.97
2025-06-30,Azure,Functions,Southeast Asia,QA,9.73,23.78
2025-06-30,Azure,SQL Database,East US,QA,35.69,120.52
2025-06-30,Azure,SQL Database,Central India,DevOps,45.79,145.68
2025-06-30,Azure,Virtual Machines,East US,DevOps,49.59,76.57
2025-06-30,Azure,Virtual Machines,West Europe,QA,67.6,228.33
2025-06-30,Azure,Virtual Machines,Central India,Data Science,45.43,153.36
2025-06-30,Azure,Virtual Machines,Southeast Asia,Marketing,41.97,77.26
2025-06-30,GCP,BigQuery,us-central1,QA,27.55,86.35
2025-06-30,GCP,BigQuery,europe-west1,DevOps,14.98,21.27
2025-06-30,GCP,Cloud CDN,us-central1,Finance,17.56,47.85
2025-06-30,GCP,Cloud Functions,us-central1,DevOps,9.36,25.25
2025-06-30,GCP,Cloud Functions,asia-south1,Finance,5.63,14.66
2025-06-30,GCP,Cloud Storage,us-central1,DevOps,9.75,35.89
2025-06-30,GCP,Cloud Storage,europe-west1,DevOps,6.84,23.28
2025-06-30,GCP,Cloud Storage,asia-south1,DevOps,13.45,24.88
2025-06-30,GCP,Compute Engine,us-central1,Finance,41.75,86.0
2025-06-30,GCP,Compute Engine,europe-west1,Finance,73.48,145.64
2025-06-30,GCP,Compute Engine,asia-south1,Marketing,76.17,162.01
2025-07-01,AWS,CloudFront,eu-west-1,QA,12.58,43.71
2025-07-01,AWS,EBS,us-west-2,Engineering,11.77,21.37
2025-07-01,AWS,EBS,eu-west-1,Engineering,13.82,24.77
2025-07-01,AWS,EBS,ap-south-1,Finance,9.95,40.12
2025-07-01,AWS,EC2,us-east-1,DevOps,50.85,139.45
2025-07-01,AWS,EC2,us-west-2,Marketing,41.09,106.1
2025-07-01,AWS,EC2,eu-west-1,Finance,39.91,102.93
2025-07-01,AWS,Lambda,us-west-2,DevOps,4.38,7.97
2025-07-01,AWS,Lambda,eu-west-1,QA,4.33,11.29
2025-07-01,AWS,Lambda,ap-south-1,Marketing,5.76,9.22
2025-07-01,AWS,RDS,us-east-1,Engineering,30.24,102.79
2025-07-01,AWS,RDS,us-west-2,Finance,41.69,156.96
2025-07-01,AWS,RDS,eu-west-1,QA,40.13,129.67
2025-07-01,AWS,RDS,ap-south-1,Engineering,44.2,72.53
2025-07-01,AWS,S3,us-east-1,DevOps,7.46,17.3
2025-07-01,AWS,S3,us-west-2,Marketing,6.74,19.98
2025-07-01,AWS,S3,eu-west-1,Engineering,6.26,24.11
2025-07-01,AWS,S3,ap-south-1,QA,12.49,32.47
2025-07-01,Azure,Blob Storage,East US,DevOps,14.18,54.5
2025-07-01,Azure,Blob Storage,West Europe,Engineering,11.05,30.43
2025-07-01,Azure,Blob Storage,Southeast Asia,Engineering,15.16,59.77
2025-07-01,Azure,CDN,East US,Data Science,11.81,26.81
2025-07-01,Azure,CDN,Southeast Asia,Engineering,9.4,22.39
2025-07-01,Azure,Functions,Central India,QA,7.26,19.41
2025-07-01,Azure,Functions,Southeast Asia,QA,8.42,22.52
2025-07-01,Azure,SQL Database,East US,QA,34.34,121.25
2025-07-01,Azure,SQL Database,Central India,DevOps,38.72,135.0
2025-07-01,Azure,Virtual Machines,East US,DevOps,53.87,83.18
2025-07-01,Azure,Virtual Machines,West Europe,QA,68.45,208.54
2025-07-01,Azure,Virtual Machines,Central India,Data Science,40.18,123.76
2025-07-01,Azure,Virtual Machines,Southeast Asia,Marketing,47.34,91.53
2025-07-01,GCP,BigQuery,us-central1,QA,26.54,79.23
2025-07-01,GCP,BigQuery,europe-west1,DevOps,15.35,23.64
2025-07-01,GCP,Cloud CDN,us-central1,Finance,14.03,41.15
2025-07-01,GCP,Cloud Functions,us-central1,DevOps,8.6,21.78
2025-07-01,GCP,Cloud Functions,asia-south1,Finance,4.85,13.44
2025-07-01,GCP,Cloud Storage,us-central1,DevOps,10.41,38.0
2025-07-01,GCP,Cloud Storage,europe-west1,DevOps,6.82,26.88
2025-07-01,GCP,Cloud Storage,asia-south1,DevOps,13.69,29.31
2025-07-01,GCP,Compute Engine,us-central1,Finance,40.67,85.91
2025-07-01,GCP,Compute Engine,europe-west1,Finance,75.02,147.58
2025-07-01,GCP,Compute Engine,asia-south1,Marketing,63.29,146.92
2025-07-02,AWS,CloudFront,eu-west-1,QA,13.04,43.24
2025-07-02,AWS,EBS,us-west-2,Engineering,11.06,20.96
2025-07-02,AWS,EBS,eu-west-1,Engineering,16.06,34.87
2025-07-02,AWS,EBS,ap-south-1,Finance,10.74,37.47
2025-07-02,AWS,EC2,us-east-1,DevOps,48.76,144.64
2025-07-02,AWS,EC2,us-west-2,Marketing,46.4,120.0
2025-07-02,AWS,EC2,eu-west-1,Finance,38.93,91.48
2025-07-02,AWS,Lambda,us-west-2,DevOps,4.93,8.77
2025-07-02,AWS,Lambda,eu-west-1,QA,4.34,11.52
2025-07-02,AWS,Lambda,ap-south-1,Marketing,5.31,7.83
2025-07-02,AWS,RDS,us-east-1,Engineering,32.63,94.01
2025-07-02,AWS,RDS,us-west-2,Finance,41.71,143.01
2025-07-02,AWS,RDS,eu-west-1,QA,34.4,111.02
2025-07-02,AWS,RDS,ap-south-1,Engineering,42.59,65.5
2025-07-02,AWS,S3,us-east-1,DevOps,6.49,13.16
2025-07-02,AWS,S3,us-west-2,Marketing,8.26,29.12
2025-07-02,AWS,S3,eu-west-1,Engineering,5.85,22.33
2025-07-02,AWS,S3,ap-south-1,QA,12.54,28.19
2025-07-02,Azure,Blob Storage,East US,DevOps,12.6,45.94
2025-07-02,Azure,Blob Storage,West Europe,Engineering,10.31,24.99
2025-07-02,Azure,Blob Storage,Southeast Asia,Engineering,15.49,53.0
2025-07-02,Azure,CDN,East US,Data Science,10.75,25.84
2025-07-02,Azure,CDN,Southeast Asia,Engineering,9.37,22.2
2025-07-02,Azure,Functions,Central India,QA,7.3,18.72
2025-07-02,Azure,Functions,Southeast Asia,QA,10.62,28.87
2025-07-02,Azure,SQL Database,East US,QA,36.33,115.22
2025-07-02,Azure,SQL Database,Central India,DevOps,44.08,155.43
2025-07-02,Azure,Virtual Machines,East US,DevOps,50.8,75.89
2025-07-02,Azure,Virtual Machines,West Europe,QA,58.01,206.12
2025-07-02,Azure,Virtual Machines,Central India,Data Science,46.9,141.23
2025-07-02,Azure,Virtual Machines,Southeast Asia,Marketing,41.17,75.19
2025-07-02,GCP,BigQuery,us-central1,QA,26.31,80.34
2025-07-02,GCP,BigQuery,europe-west1,DevOps,16.63,24.48
2025-07-02,GCP,Cloud CDN,us-central1,Finance,17.3,43.2
2025-07-02,GCP,Cloud Functions,us-central1,DevOps,9.04,23.19
2025-07-02,GCP,Cloud Functions,asia-south1,Finance,5.23,13.4
2025-07-02,GCP,Cloud Storage,us-central1,DevOps,10.71,42.26
2025-07-02,GCP,Cloud Storage,europe-west1,DevOps,6.62,23.83
2025-07-02,GCP,Cloud Storage,asia-south1,DevOps,13.45,28.47
2025-07-02,GCP,Compute Engine,us-central1,Finance,41.61,95.11
2025-07-02,GCP,Compute Engine,europe-west1,Finance,70.41,133.72
2025-07-02,GCP,Compute Engine,asia-south1,Marketing,63.88,163.42
2025-07-03,AWS,CloudFront,eu-west-1,QA,12.76,43.26
2025-07-03,AWS,EBS,us-west-2,Engineering,12.2,24.38
2025-07-03,AWS,EBS,eu-west-1,Engineering,12.11,21.93
2025-07-03,AWS,EBS,ap-south-1,Finance,10.66,38.14
2025-07-03,AWS,EC2,us-east-1,DevOps,57.39,179.52
2025-07-03,AWS,EC2,us-west-2,Marketing,44.8,119.93
2025-07-03,AWS,EC2,eu-west-1,Finance,37.86,99.3
2025-07-03,AWS,Lambda,us-west-2,DevOps,4.21,6.65
2025-07-03,AWS,Lambda,eu-west-1,QA,4.73,13.58
2025-07-03,AWS,Lambda,ap-south-1,Marketing,5.56,8.65
2025-07-03,AWS,RDS,us-east-1,Engineering,28.25,93.45
2025-07-03,AWS,RDS,us-west-2,Finance,38.77,149.94
2025-07-03,AWS,RDS,eu-west-1,QA,38.17,125.51
2025-07-03,AWS,RDS,ap-south-1,Engineering,50.89,80.79
2025-07-03,AWS,S3,us-east-1,DevOps,8.11,15.98
2025-07-03,AWS,S3,us-west-2,Marketing,8.09,26.01
2025-07-03,AWS,S3,eu-west-1,Engineering,6.72,25.94
2025-07-03,AWS,S3,ap-south-1,QA,10.9,25.86
2025-07-03,Azure,Blob Storage,East US,DevOps,11.3,43.62
2025-07-03,Azure,Blob Storage,West Europe,Engineering,9.73,24.27
2025-07-03,Azure,Blob Storage,Southeast Asia,Engineering,16.13,61.87
2025-07-03,Azure,CDN,East US,Data Science,13.46,30.42
2025-07-03,Azure,CDN,Southeast Asia,Engineering,8.84,22.64
2025-07-03,Azure,Functions,Central India,QA,7.2,17.79
2025-07-03,Azure,Functions,Southeast Asia,QA,9.32,22.25
2025-07-03,Azure,SQL Database,East US,QA,31.65,110.75
2025-07-03,Azure,SQL Database,Central India,DevOps,45.48,158.24
2025-07-03,Azure,Virtual Machines,East US,DevOps,58.73,87.47
2025-07-03,Azure,Virtual Machines,West Europe,QA,66.71,223.65
2025-07-03,Azure,Virtual Machines,Central India,Data Science,41.71,139.33
2025-07-03,Azure,Virtual Machines,Southeast Asia,Marketing,45.47,88.55
2025-07-03,GCP,BigQuery,us-central1,QA,27.53,78.26
2025-07-03,GCP,BigQuery,europe-west1,DevOps,17.65,24.36
2025-07-03,GCP,Cloud CDN,us-central1,Finance,16.18,43.06
2025-07-03,GCP,Cloud Functions,us-central1,DevOps,7.64,18.49
2025-07-03,GCP,Cloud Functions,asia-south1,Finance,5.47,15.28
2025-07-03,GCP,Cloud Storage,us-central1,DevOps,9.87,37.14
2025-07-03,GCP,Cloud Storage,europe-west1,DevOps,6.94,28.05
2025-07-03,GCP,Cloud Storage,asia-south1,DevOps,13.53,24.85
2025-07-03,GCP,Compute Engine,us-central1,Finance,79.29,90.46
2025-07-03,GCP,Compute Engine,europe-west1,Finance,68.72,135.01
2025-07-03,GCP,Compute Engine,asia-south1,Marketing,60.54,154.77
2025-07-04,AWS,CloudFront,eu-west-1,QA,12.95,42.22
2025-07-04,AWS,EBS,us-west-2,Engineering,10.58,18.57
2025-07-04,AWS,EBS,eu-west-1,Engineering,15.05,30.96
2025-07-04,AWS,EBS,ap-south-1,Finance,9.8,37.74
2025-07-04,AWS,EC2,us-east-1,DevOps,40.96,110.1
2025-07-04,AWS,EC2,us-west-2,Marketing,41.27,117.61
2025-07-04,AWS,EC2,eu-west-1,Finance,41.51,106.98
2025-07-04,AWS,Lambda,us-west-2,DevOps,4.9,8.08
2025-07-04,AWS,Lambda,eu-west-1,QA,4.69,12.3
2025-07-04,AWS,Lambda,ap-south-1,Marketing,4.51,6.89
2025-07-04,AWS,RDS,us-east-1,Engineering,30.15,96.85
2025-07-04,AWS,RDS,us-west-2,Finance,36.98,144.29
2025-07-04,AWS,RDS,eu-west-1,QA,37.54,115.93
2025-07-04,AWS,RDS,ap-south-1,Engineering,44.91,67.91
2025-07-04,AWS,S3,us-east-1,DevOps,7.68,16.65
2025-07-04,AWS,S3,us-west-2,Marketing,7.97,26.24
2025-07-04,AWS,S3,eu-west-1,Engineering,6.32,23.31
2025-07-04,AWS,S3,ap-south-1,QA,13.6,34.42
2025-07-04,Azure,Blob Storage,East US,DevOps,13.44,45.56
2025-07-04,Azure,Blob Storage,West Europe,Engineering,9.72,23.44
2025-07-04,Azure,Blob Storage,Southeast Asia,Engineering,14.4,50.74
2025-07-04,Azure,CDN,East US,Data Science,10.83,21.67
2025-07-04,Azure,CDN,Southeast Asia,Engineering,10.07,28.48
2025-07-04,Azure,Functions,Central India,QA,9.17,24.24
2025-07-04,Azure,Functions,Southeast Asia,QA,8.92,23.65
2025-07-04,Azure,SQL Database,East US,QA,28.86,92.45
2025-07-04,Azure,SQL Database,Central India,DevOps,38.55,127.33
2025-07-04,Azure,Virtual Machines,East US,DevOps,54.91,84.96
2025-07-04,Azure,Virtual Machines,West Europe,QA,66.84,240.71
2025-07-04,Azure,Virtual Machines,Central India,Data Science,39.38,130.03
2025-07-04,Azure,Virtual Machines,Southeast Asia,Marketing,45.18,80.51
2025-07-04,GCP,BigQuery,us-central1,QA,24.7,72.21
2025-07-04,GCP,BigQuery,europe-west1,DevOps,15.88,22.9
2025-07-04,GCP,Cloud CDN,us-central1,Finance,18.25,50.13
2025-07-04,GCP,Cloud Functions,us-central1,DevOps,9.55,23.88
2025-07-04,GCP,Cloud Functions,asia-south1,Finance,4.65,11.15
2025-07-04,GCP,Cloud Storage,us-central1,DevOps,8.91,30.96
2025-07-04,GCP,Cloud Storage,europe-west1,DevOps,5.15,20.63
2025-07-04,GCP,Cloud Storage,asia-south1,DevOps,13.46,27.07
2025-07-04,GCP,Compute Engine,us-central1,Finance,40.91,80.59
2025-07-04,GCP,Compute Engine,europe-west1,Finance,63.59,126.41
2025-07-04,GCP,Compute Engine,asia-south1,Marketing,68.06,156.31
2025-07-05,AWS,CloudFront,eu-west-1,QA,13.66,45.16
2025-07-05,AWS,EBS,us-west-2,Engineering,12.95,26.95
2025-07-05,AWS,EBS,eu-west-1,Engineering,12.79,25.0
2025-07-05,AWS,EBS,ap-south-1,Finance,11.2,46.5
2025-07-05,AWS,EC2,us-east-1,DevOps,48.1,141.86
2025-07-05,AWS,EC2,us-west-2,Marketing,46.95,116.54
2025-07-05,AWS,EC2,eu-west-1,Finance,37.43,100.77
2025-07-05,AWS,Lambda,us-west-2,DevOps,3.84,6.59
2025-07-05,AWS,Lambda,eu-west-1,QA,4.69,12.62
2025-07-05,AWS,Lambda,ap-south-1,Marketing,5.08,8.73
2025-07-05,AWS,RDS,us-east-1,Engineering,26.56,85.02
2025-07-05,AWS,RDS,us-west-2,Finance,40.54,165.45
2025-07-05,AWS,RDS,eu-west-1,QA,37.39,117.36
2025-07-05,AWS,RDS,ap-south-1,Engineering,47.11,64.65
2025-07-05,AWS,S3,us-east-1,DevOps,7.95,18.54
2025-07-05,AWS,S3,us-west-2,Marketing,7.78,23.11
2025-07-05,AWS,S3,eu-west-1,Engineering,6.49,26.11
2025-07-05,AWS,S3,ap-south-1,QA,12.33,27.69
2025-07-05,Azure,Blob Storage,East US,DevOps,12.79,47.54
2025-07-05,Azure,Blob Storage,West Europe,Engineering,10.1,26.63
2025-07-05,Azure,Blob Storage,Southeast Asia,Engineering,16.01,60.33
2025-07-05,Azure,CDN,East US,Data Science,12.17,27.11
2025-07-05,Azure,CDN,Southeast Asia,Engineering,9.74,26.22
2025-07-05,Azure,Functions,Central India,QA,8.1,21.3
2025-07-05,Azure,Functions,Southeast Asia,QA,7.76,19.68
2025-07-05,Azure,SQL Database,East US,QA,30.78,96.06
2025-07-05,Azure,SQL Database,Central India,DevOps,38.59,126.55
2025-07-05,Azure,Virtual Machines,East US,DevOps,58.09,90.08
2025-07-05,Azure,Virtual Machines,West Europe,QA,58.7,211.2
2025-07-05,Azure,Virtual Machines,Central India,Data Science,39.32,123.88
2025-07-05,Azure,Virtual Machines,Southeast Asia,Marketing,45.0,76.28
2025-07-05,GCP,BigQuery,us-central1,QA,23.91,73.44
2025-07-05,GCP,BigQuery,europe-west1,DevOps,14.5,19.99
2025-07-05,GCP,Cloud CDN,us-central1,Finance,16.27,42.98
2025-07-05,GCP,Cloud Functions,us-central1,DevOps,9.35,23.3
2025-07-05,GCP,Cloud Functions,asia-south1,Finance,5.17,14.12
2025-07-05,GCP,Cloud Storage,us-central1,DevOps,9.52,32.15
2025-07-05,GCP,Cloud Storage,europe-west1,DevOps,6.68,24.78
2025-07-05,GCP,Cloud Storage,asia-south1,DevOps,13.77,25.86
2025-07-05,GCP,Compute Engine,us-central1,Finance,42.1,88.18
2025-07-05,GCP,Compute Engine,europe-west1,Finance,76.72,153.95
2025-07-05,GCP,Compute Engine,asia-south1,Marketing,69.02,161.02
2025-07-06,AWS,CloudFront,eu-west-1,QA,11.96,38.28
2025-07-06,AWS,EBS,us-west-2,Engineering,12.42,23.91
2025-07-06,AWS,EBS,eu-west-1,Engineering,13.79,25.93
2025-07-06,AWS,EBS,ap-south-1,Finance,9.5,33.14
2025-07-06,AWS,EC2,us-east-1,DevOps,46.31,128.4
2025-07-06,AWS,EC2,us-west-2,Marketing,42.38,102.56
2025-07-06,AWS,EC2,eu-west-1,Finance,46.86,123.51
2025-07-06,AWS,Lambda,us-west-2,DevOps,3.86,6.05
2025-07-06,AWS,Lambda,eu-west-1,QA,4.73,11.43
2025-07-06,AWS,Lambda,ap-south-1,Marketing,5.13,7.67
2025-07-06,AWS,RDS,us-east-1,Engineering,29.11,87.56
2025-07-06,AWS,RDS,us-west-2,Finance,39.61,140.81
2025-07-06,AWS,RDS,eu-west-1,QA,40.81,124.99
2025-07-06,AWS,RDS,ap-south-1,Engineering,39.0,53.95
2025-07-06,AWS,S3,us-east-1,DevOps,8.88,18.48
2025-07-06,AWS,S3,us-west-2,Marketing,7.07,23.25
2025-07-06,AWS,S3,eu-west-1,Engineering,6.07,23.11
2025-07-06,AWS,S3,ap-south-1,QA,11.61,27.03
2025-07-06,Azure,Blob Storage,East US,DevOps,12.68,46.7
2025-07-06,Azure,Blob Storage,West Europe,Engineering,10.02,25.17
2025-07-06,Azure,Blob Storage,Southeast Asia,Engineering,14.57,49.2
2025-07-06,Azure,CDN,East US,Data Science,12.53,25.67
2025-07-06,Azure,CDN,Southeast Asia,Engineering,10.31,27.66
2025-07-06,Azure,Functions,Central India,QA,7.49,19.37
2025-07-06,Azure,Functions,Southeast Asia,QA,9.19,22.64
2025-07-06,Azure,SQL Database,East US,QA,35.97,127.83
2025-07-06,Azure,SQL Database,Central India,DevOps,43.43,146.82
2025-07-06,Azure,Virtual Machines,East US,DevOps,52.22,81.5
2025-07-06,Azure,Virtual Machines,West Europe,QA,65.35,235.31
2025-07-06,Azure,Virtual Machines,Central India,Data Science,41.26,119.21
2025-07-06,Azure,Virtual Machines,Southeast Asia,Marketing,42.79,87.38
2025-07-06,GCP,BigQuery,us-central1,QA,27.33,83.37
2025-07-06,GCP,BigQuery,europe-west1,DevOps,16.49,25.64
2025-07-06,GCP,Cloud CDN,us-central1,Finance,16.19,44.08
2025-07-06,GCP,Cloud Functions,us-central1,DevOps,8.45,21.96
2025-07-06,GCP,Cloud Functions,asia-south1,Finance,5.16,12.53
2025-07-06,GCP,Cloud Storage,us-central1,DevOps,10.46,40.54
2025-07-06,GCP,Cloud Storage,europe-west1,DevOps,7.19,26.94
2025-07-06,GCP,Cloud Storage,asia-south1,DevOps,22.19,24.15
2025-07-06,GCP,Compute Engine,us-central1,Finance,45.58,97.48
2025-07-06,GCP,Compute Engine,europe-west1,Finance,74.35,156.29
2025-07-06,GCP,Compute Engine,asia-south1,Marketing,68.96,154.17
2025-07-07,AWS,CloudFront,eu-west-1,QA,11.59,43.92
2025-07-07,AWS,EBS,us-west-2,Engineering,11.2,20.56
2025-07-07,AWS,EBS,eu-west-1,Engineering,12.18,24.95
2025-07-07,AWS,EBS,ap-south-1,Finance,9.41,32.6
2025-07-07,AWS,EC2,us-east-1,DevOps,45.08,127.88
2025-07-07,AWS,EC2,us-west-2,Marketing,44.52,109.51
2025-07-07,AWS,EC2,eu-west-1,Finance,38.17,99.02
2025-07-07,AWS,Lambda,us-west-2,DevOps,3.86,6.11
2025-07-07,AWS,Lambda,eu-west-1,QA,4.15,10.32
2025-07-07,AWS,Lambda,ap-south-1,Marketing,4.56,7.15
2025-07-07,AWS,RDS,us-east-1,Engineering,25.6,83.29
2025-07-07,AWS,RDS,us-west-2,Finance,35.69,120.45
2025-07-07,AWS,RDS,eu-west-1,QA,41.03,138.13
2025-07-07,AWS,RDS,ap-south-1,Engineering,48.99,74.79
2025-07-07,AWS,S3,us-east-1,DevOps,7.61,14.81
2025-07-07,AWS,S3,us-west-2,Marketing,8.2,29.64
2025-07-07,AWS,S3,eu-west-1,Engineering,7.17,25.08
2025-07-07,AWS,S3,ap-south-1,QA,11.99,29.04
2025-07-07,Azure,Blob Storage,East US,DevOps,12.49,43.8
2025-07-07,Azure,Blob Storage,West Europe,Engineering,9.05,21.13
2025-07-07,Azure,Blob Storage,Southeast Asia,Engineering,15.8,60.27
2025-07-07,Azure,CDN,East US,Data Science,11.82,23.44
2025-07-07,Azure,CDN,Southeast Asia,Engineering,10.03,25.48
2025-07-07,Azure,Functions,Central India,QA,7.2,17.74
2025-07-07,Azure,Functions,Southeast Asia,QA,9.07,24.14
2025-07-07,Azure,SQL Database,East US,QA,32.49,97.98
2025-07-07,Azure,SQL Database,Central India,DevOps,47.28,153.15
2025-07-07,Azure,Virtual Machines,East US,DevOps,56.56,95.9
2025-07-07,Azure,Virtual Machines,West Europe,QA,60.43,183.76
2025-07-07,Azure,Virtual Machines,Central India,Data Science,39.83,128.37
2025-07-07,Azure,Virtual Machines,Southeast Asia,Marketing,45.73,77.42
2025-07-07,GCP,BigQuery,us-central1,QA,24.97,74.83
2025-07-07,GCP,BigQuery,europe-west1,DevOps,13.99,21.3
2025-07-07,GCP,Cloud CDN,us-central1,Finance,15.71,42.41
2025-07-07,GCP,Cloud Functions,us-central1,DevOps,7.87,20.82
2025-07-07,GCP,Cloud Functions,asia-south1,Finance,4.02,9.75
2025-07-07,GCP,Cloud Storage,us-central1,DevOps,10.08,36.24
2025-07-07,GCP,Cloud Storage,europe-west1,DevOps,5.85,21.03
2025-07-07,GCP,Cloud Storage,asia-south1,DevOps,12.54,26.39
2025-07-07,GCP,Compute Engine,us-central1,Finance,36.85,81.28
2025-07-07,GCP,Compute Engine,europe-west1,Finance,67.91,136.71
2025-07-07,GCP,Compute Engine,asia-south1,Marketing,65.15,140.29
2025-07-08,AWS,CloudFront,eu-west-1,QA,12.4,43.61
2025-07-08,AWS,EBS,us-west-2,Engineering,11.23,22.26
2025-07-08,AWS,EBS,eu-west-1,Engineering,12.4,22.7
2025-07-08,AWS,EBS,ap-south-1,Finance,7.51,26.67
2025-07-08,AWS,EC2,us-east-1,DevOps,47.81,139.3
2025-07-08,AWS,EC2,us-west-2,Marketing,39.26,110.74
2025-07-08,AWS,EC2,eu-west-1,Finance,31.6,84.24
2025-07-08,AWS,Lambda,us-west-2,DevOps,4.45,7.16
2025-07-08,AWS,Lambda,eu-west-1,QA,4.02,11.05
2025-07-08,AWS,Lambda,ap-south-1,Marketing,5.43,9.31
2025-07-08,AWS,RDS,us-east-1,Engineering,26.2,87.08
2025-07-08,AWS,RDS,us-west-2,Finance,42.22,159.08
2025-07-08,AWS,RDS,eu-west-1,QA,37.03,108.75
2025-07-08,AWS,RDS,ap-south-1,Engineering,47.15,74.57
2025-07-08,AWS,S3,us-east-1,DevOps,7.26,14.98
2025-07-08,AWS,S3,us-west-2,Marketing,8.03,25.27
2025-07-08,AWS,S3,eu-west-1,Engineering,6.15,21.56
2025-07-08,AWS,S3,ap-south-1,QA,12.57,29.65
2025-07-08,Azure,Blob Storage,East US,DevOps,13.2,47.99
2025-07-08,Azure,Blob Storage,West Europe,Engineering,9.78,22.7
2025-07-08,Azure,Blob Storage,Southeast Asia,Engineering,15.09,49.66
2025-07-08,Azure,CDN,East US,Data Science,10.56,22.35
2025-07-08,Azure,CDN,Southeast Asia,Engineering,8.93,23.39
2025-07-08,Azure,Functions,Central India,QA,7.21,17.64
2025-07-08,Azure,Functions,Southeast Asia,QA,8.02,20.45
2025-07-08,Azure,SQL Database,East US,QA,32.9,117.6
2025-07-08,Azure,SQL Database,Central India,DevOps,45.63,163.65
2025-07-08,Azure,Virtual Machines,East US,DevOps,52.45,84.66
2025-07-08,Azure,Virtual Machines,West Europe,QA,57.7,177.12
2025-07-08,Azure,Virtual Machines,Central India,Data Science,42.67,121.88
2025-07-08,Azure,Virtual Machines,Southeast Asia,Marketing,42.12,84.06
2025-07-08,GCP,BigQuery,us-central1,QA,25.17,74.68
2025-07-08,GCP,BigQuery,europe-west1,DevOps,16.77,24.78
2025-07-08,GCP,Cloud CDN,us-central1,Finance,15.74,47.02
2025-07-08,GCP,Cloud Functions,us-central1,DevOps,8.94,22.8
2025-07-08,GCP,Cloud Functions,asia-south1,Finance,4.65,10.96
2025-07-08,GCP,Cloud Storage,us-central1,DevOps,8.72,32.56
2025-07-08,GCP,Cloud Storage,europe-west1,DevOps,5.76,20.78
2025-07-08,GCP,Cloud Storage,asia-south1,DevOps,14.51,26.59
2025-07-08,GCP,Compute Engine,us-central1,Finance,40.08,86.21
2025-07-08,GCP,Compute Engine,europe-west1,Finance,64.15,138.07
2025-07-08,GCP,Compute Engine,asia-south1,Marketing,65.48,160.31
2025-07-09,AWS,CloudFront,eu-west-1,QA,11.53,39.48
2025-07-09,AWS,EBS,us-west-2,Engineering,11.83,20.54
2025-07-09,AWS,EBS,eu-west-1,Engineering,13.66,28.98
2025-07-09,AWS,EBS,ap-south-1,Finance,9.05,35.49
2025-07-09,AWS,EC2,us-east-1,DevOps,44.17,125.6
2025-07-09,AWS,EC2,us-west-2,Marketing,41.99,113.12
2025-07-09,AWS,EC2,eu-west-1,Finance,38.85,92.68
2025-07-09,AWS,Lambda,us-west-2,DevOps,3.84,6.47
2025-07-09,AWS,Lambda,eu-west-1,QA,4.57,12.73
2025-07-09,AWS,Lambda,ap-south-1,Marketing,4.72,7.87
2025-07-09,AWS,RDS,us-east-1,Engineering,32.46,93.99
2025-07-09,AWS,RDS,us-west-2,Finance,38.55,149.89
2025-07-09,AWS,RDS,eu-west-1,QA,32.94,114.13
2025-07-09,AWS,RDS,ap-south-1,Engineering,39.91,57.03
2025-07-09,AWS,S3,us-east-1,DevOps,6.83,14.58
2025-07-09,AWS,S3,us-west-2,Marketing,6.8,21.91
2025-07-09,AWS,S3,eu-west-1,Engineering,6.22,23.75
2025-07-09,AWS,S3,ap-south-1,QA,10.25,24.09
2025-07-09,Azure,Blob Storage,East US,DevOps,12.41,45.76
2025-07-09,Azure,Blob Storage,West Europe,Engineering,9.86,25.97
2025-07-09,Azure,Blob Storage,Southeast Asia,Engineering,17.34,59.39
2025-07-09,Azure,CDN,East US,Data Science,10.42,21.75
2025-07-09,Azure,CDN,Southeast Asia,Engineering,9.11,22.77
2025-07-09,Azure,Functions,Central India,QA,7.31,17.18
2025-07-09,Azure,Functions,Southeast Asia,QA,8.2,21.21
2025-07-09,Azure,SQL Database,East US,QA,29.7,96.7
2025-07-09,Azure,SQL Database,Central India,DevOps,43.07,152.92
2025-07-09,Azure,Virtual Machines,East US,DevOps,53.46,76.33
2025-07-09,Azure,Virtual Machines,West Europe,QA,59.36,216.38
2025-07-09,Azure,Virtual Machines,Central India,Data Science,40.51,116.59
2025-07-09,Azure,Virtual Machines,Southeast Asia,Marketing,46.15,80.77
2025-07-09,GCP,BigQuery,us-central1,QA,21.74,71.55
2025-07-09,GCP,BigQuery,europe-west1,DevOps,16.36,26.73
2025-07-09,GCP,Cloud CDN,us-central1,Finance,13.35,36.71
2025-07-09,GCP,Cloud Functions,us-central1,DevOps,7.58,20.53
2025-07-09,GCP,Cloud Functions,asia-south1,Finance,4.39,12.04
2025-07-09,GCP,Cloud Storage,us-central1,DevOps,10.36,38.03
2025-07-09,GCP,Cloud Storage,europe-west1,DevOps,6.7,27.68
2025-07-09,GCP,Cloud Storage,asia-south1,DevOps,12.6,24.29
2025-07-09,GCP,Compute Engine,us-central1,Finance,40.62,85.38
2025-07-09,GCP,Compute Engine,europe-west1,Finance,69.66,145.52
2025-07-09,GCP,Compute Engine,asia-south1,Marketing,65.04,162.5
2025-07-10,AWS,CloudFront,eu-west-1,QA,11.1,39.05
2025-07-10,AWS,EBS,us-west-2,Engineering,10.51,20.0
2025-07-10,AWS,EBS,eu-west-1,Engineering,13.74,25.83
2025-07-10,AWS,EBS,ap-south-1,Finance,9.96,37.22
2025-07-10,AWS,EC2,us-east-1,DevOps,37.17,112.1
2025-07-10,AWS,EC2,us-west-2,Marketing,48.52,121.57
2025-07-10,AWS,EC2,eu-west-1,Finance,38.46,100.68
2025-07-10,AWS,Lambda,us-west-2,DevOps,4.56,7.69
2025-07-10,AWS,Lambda,eu-west-1,QA,4.18,11.34
2025-07-10,AWS,Lambda,ap-south-1,Marketing,4.95,8.54
2025-07-10,AWS,RDS,us-east-1,Engineering,24.21,76.49
2025-07-10,AWS,RDS,us-west-2,Finance,39.6,156.47
2025-07-10,AWS,RDS,eu-west-1,QA,37.09,120.78
2025-07-10,AWS,RDS,ap-south-1,Engineering,45.34,71.75
2025-07-10,AWS,S3,us-east-1,DevOps,7.28,14.47
2025-07-10,AWS,S3,us-west-2,Marketing,8.16,27.87
2025-07-10,AWS,S3,eu-west-1,Engineering,6.6,27.18
2025-07-10,AWS,S3,ap-south-1,QA,11.44,26.35
2025-07-10,Azure,Blob Storage,East US,DevOps,11.59,45.26
2025-07-10,Azure,Blob Storage,West Europe,Engineering,9.36,22.35
2025-07-10,Azure,Blob Storage,Southeast Asia,Engineering,15.96,61.01
2025-07-10,Azure,CDN,East US,Data Science,13.41,31.04
2025-07-10,Azure,CDN,Southeast Asia,Engineering,8.73,22.78
2025-07-10,Azure,Functions,Central India,QA,8.44,19.51
2025-07-10,Azure,Functions,Southeast Asia,QA,10.07,23.14
2025-07-10,Azure,SQL Database,East US,QA,32.37,116.76
2025-07-10,Azure,SQL Database,Central India,DevOps,39.88,142.11
2025-07-10,Azure,Virtual Machines,East US,DevOps,50.1,79.42
2025-07-10,Azure,Virtual Machines,West Europe,QA,60.72,201.18
2025-07-10,Azure,Virtual Machines,Central India,Data Science,39.23,118.57
2025-07-10,Azure,Virtual Machines,Southeast Asia,Marketing,35.07,64.31
2025-07-10,GCP,BigQuery,us-central1,QA,27.49,82.65
2025-07-10,GCP,BigQuery,europe-west1,DevOps,14.06,21.25
2025-07-10,GCP,Cloud CDN,us-central1,Finance,15.19,41.63
2025-07-10,GCP,Cloud Functions,us-central1,DevOps,7.63,20.09
2025-07-10,GCP,Cloud Functions,asia-south1,Finance,4.6,12.27
2025-07-10,GCP,Cloud Storage,us-central1,DevOps,9.16,30.57
2025-07-10,GCP,Cloud Storage,europe-west1,DevOps,5.58,22.68
2025-07-10,GCP,Cloud Storage,asia-south1,DevOps,15.16,32.21
2025-07-10,GCP,Compute Engine,us-central1,Finance,38.07,85.0
2025-07-10,GCP,Compute Engine,europe-west1,Finance,65.52,124.87
2025-07-10,GCP,Compute Engine,asia-south1,Marketing,63.91,162.09
2025-07-11,AWS,CloudFront,eu-west-1,QA,12.83,46.0
2025-07-11,AWS,EBS,us-west-2,Engineering,10.73,20.42
2025-07-11,AWS,EBS,eu-west-1,Engineering,14.71,28.3
2025-07-11,AWS,EBS,ap-south-1,Finance,10.43,42.35
2025-07-11,AWS,EC2,us-east-1,DevOps,40.74,118.82
2025-07-11,AWS,EC2,us-west-2,Marketing,44.75,124.55
2025-07-11,AWS,EC2,eu-west-1,Finance,41.86,100.47
2025-07-11,AWS,Lambda,us-west-2,DevOps,3.88,6.93
2025-07-11,AWS,Lambda,eu-west-1,QA,3.82,9.48
2025-07-11,AWS,Lambda,ap-south-1,Marketing,4.54,7.31
2025-07-11,AWS,RDS,us-east-1,Engineering,27.65,79.87
2025-07-11,AWS,RDS,us-west-2,Finance,41.32,144.84
2025-07-11,AWS,RDS,eu-west-1,QA,34.94,119.38
2025-07-11,AWS,RDS,ap-south-1,Engineering,44.14,71.04
2025-07-11,AWS,S3,us-east-1,DevOps,7.51,16.51
2025-07-11,AWS,S3,us-west-2,Marketing,7.4,25.92
2025-07-11,AWS,S3,eu-west-1,Engineering,5.66,20.62
2025-07-11,AWS,S3,ap-south-1,QA,19.05,25.0
2025-07-11,Azure,Blob Storage,East US,DevOps,10.42,34.39
2025-07-11,Azure,Blob Storage,West Europe,Engineering,11.23,26.26
2025-07-11,Azure,Blob Storage,Southeast Asia,Engineering,16.26,61.25
2025-07-11,Azure,CDN,East US,Data Science,12.48,26.63
2025-07-11,Azure,CDN,Southeast Asia,Engineering,8.04,21.93
2025-07-11,Azure,Functions,Central India,QA,7.56,18.45
2025-07-11,Azure,Functions,Southeast Asia,QA,8.52,21.83
2025-07-11,Azure,SQL Database,East US,QA,29.37,97.18
2025-07-11,Azure,SQL Database,Central India,DevOps,39.43,129.35
2025-07-11,Azure,Virtual Machines,East US,DevOps,57.87,96.18
2025-07-11,Azure,Virtual Machines,West Europe,QA,58.1,182.86
2025-07-11,Azure,Virtual Machines,Central India,Data Science,41.24,125.67
2025-07-11,Azure,Virtual Machines,Southeast Asia,Marketing,41.11,82.02
2025-07-11,GCP,BigQuery,us-central1,QA,26.4,86.22
2025-07-11,GCP,BigQuery,europe-west1,DevOps,14.71,23.87
2025-07-11,GCP,Cloud CDN,us-central1,Finance,14.55,38.08
2025-07-11,GCP,Cloud Functions,us-central1,DevOps,8.21,18.76
2025-07-11,GCP,Cloud Functions,asia-south1,Finance,4.6,11.39
2025-07-11,GCP,Cloud Storage,us-central1,DevOps,8.54,28.2
2025-07-11,GCP,Cloud Storage,europe-west1,DevOps,5.67,20.05
2025-07-11,GCP,Cloud Storage,asia-south1,DevOps,14.24,25.52
2025-07-11,GCP,Compute Engine,us-central1,Finance,42.33,87.57
2025-07-11,GCP,Compute Engine,europe-west1,Finance,66.6,129.3
2025-07-11,GCP,Compute Engine,asia-south1,Marketing,55.17,141.36
2025-07-12,AWS,CloudFront,eu-west-1,QA,11.54,43.72
2025-07-12,AWS,EBS,us-west-2,Engineering,11.17,19.88
2025-07-12,AWS,EBS,eu-west-1,Engineering,13.03,26.48
2025-07-12,AWS,EBS,ap-south-1,Finance,8.6,29.97
2025-07-12,AWS,EC2,us-east-1,DevOps,48.17,143.44
2025-07-12,AWS,EC2,us-west-2,Marketing,42.3,118.74
2025-07-12,AWS,EC2,eu-west-1,Finance,39.08,108.92
2025-07-12,AWS,Lambda,us-west-2,DevOps,4.15,7.33
2025-07-12,AWS,Lambda,eu-west-1,QA,4.68,12.36
2025-07-12,AWS,Lambda,ap-south-1,Marketing,4.26,6.5
2025-07-12,AWS,RDS,us-east-1,Engineering,29.79,100.47
2025-07-12,AWS,RDS,us-west-2,Finance,37.01,131.62
2025-07-12,AWS,RDS,eu-west-1,QA,36.88,115.23
2025-07-12,AWS,RDS,ap-south-1,Engineering,42.25,62.9
2025-07-12,AWS,S3,us-east-1,DevOps,7.39,17.33
2025-07-12,AWS,S3,us-west-2,Marketing,7.35,23.81
2025-07-12,AWS,S3,eu-west-1,Engineering,5.59,22.73
2025-07-12,AWS,S3,ap-south-1,QA,13.81,33.52
2025-07-12,Azure,Blob Storage,East US,DevOps,11.44,44.15
2025-07-12,Azure,Blob Storage,West Europe,Engineering,9.36,23.59
2025-07-12,Azure,Blob Storage,Southeast Asia,Engineering,13.38,48.06
2025-07-12,Azure,CDN,East US,Data Science,10.97,25.12
2025-07-12,Azure,CDN,Southeast Asia,Engineering,9.43,24.81
2025-07-12,Azure,Functions,Central India,QA,6.66,16.45
2025-07-12,Azure,Functions,Southeast Asia,QA,8.77,21.21
2025-07-12,Azure,SQL Database,East US,QA,29.54,101.98
2025-07-12,Azure,SQL Database,Central India,DevOps,44.39,146.28
2025-07-12,Azure,Virtual Machines,East US,DevOps,46.63,67.1
2025-07-12,Azure,Virtual Machines,West Europe,QA,55.42,194.0
2025-07-12,Azure,Virtual Machines,Central India,Data Science,38.15,118.43
2025-07-12,Azure,Virtual Machines,Southeast Asia,Marketing,40.62,71.65
2025-07-12,GCP,BigQuery,us-central1,QA,26.59,81.2
2025-07-12,GCP,BigQuery,europe-west1,DevOps,14.15,21.65
2025-07-12,GCP,Cloud CDN,us-central1,Finance,15.19,38.03
2025-07-12,GCP,Cloud Functions,us-central1,DevOps,9.19,22.74
2025-07-12,GCP,Cloud Functions,asia-south1,Finance,4.72,11.69
2025-07-12,GCP,Cloud Storage,us-central1,DevOps,9.26,32.71
2025-07-12,GCP,Cloud Storage,europe-west1,DevOps,6.03,21.71
2025-07-12,GCP,Cloud Storage,asia-south1,DevOps,12.04,23.82
2025-07-12,GCP,Compute Engine,us-central1,Finance,37.2,86.56
2025-07-12,GCP,Compute Engine,europe-west1,Finance,60.58,112.73
2025-07-12,GCP,Compute Engine,asia-south1,Marketing,59.3,151.41
2025-07-13,AWS,CloudFront,eu-west-1,QA,9.98,32.63
2025-07-13,AWS,EBS,us-west-2,Engineering,10.11,20.6
2025-07-13,AWS,EBS,eu-west-1,Engineering,14.03,25.0
2025-07-13,AWS,EBS,ap-south-1,Finance,9.49,33.99
2025-07-13,AWS,EC2,us-east-1,DevOps,47.21,144.81
2025-07-13,AWS,EC2,us-west-2,Marketing,39.56,110.74
2025-07-13,AWS,EC2,eu-west-1,Finance,103.02,83.15
2025-07-13,AWS,Lambda,us-west-2,DevOps,4.2,7.65
2025-07-13,AWS,Lambda,eu-west-1,QA,4.8,12.44
2025-07-13,AWS,Lambda,ap-south-1,Marketing,5.02,8.44
2025-07-13,AWS,RDS,us-east-1,Engineering,32.68,102.73
2025-07-13,AWS,RDS,us-west-2,Finance,37.65,140.96
2025-07-13,AWS,RDS,eu-west-1,QA,35.67,109.33
2025-07-13,AWS,RDS,ap-south-1,Engineering,33.44,53.16
2025-07-13,AWS,S3,us-east-1,DevOps,8.32,17.57
2025-07-13,AWS,S3,us-west-2,Marketing,7.12,22.57
2025-07-13,AWS,S3,eu-west-1,Engineering,6.47,25.81
2025-07-13,AWS,S3,ap-south-1,QA,11.44,27.93
2025-07-13,Azure,Blob Storage,East US,DevOps,12.67,50.3
2025-07-13,Azure,Blob Storage,West Europe,Engineering,8.07,21.58
2025-07-13,Azure,Blob Storage,Southeast Asia,Engineering,13.91,51.68
2025-07-13,Azure,CDN,East US,Data Science,10.35,20.46
2025-07-13,Azure,CDN,Southeast Asia,Engineering,9.21,23.56
2025-07-13,Azure,Functions,Central India,QA,8.86,20.46
2025-07-13,Azure,Functions,Southeast Asia,QA,9.08,22.82
2025-07-13,Azure,SQL Database,East US,QA,30.54,90.39
2025-07-13,Azure,SQL Database,Central India,DevOps,42.58,156.29
2025-07-13,Azure,Virtual Machines,East US,DevOps,51.09,79.42
2025-07-13,Azure,Virtual Machines,West Europe,QA,60.66,191.98
2025-07-13,Azure,Virtual Machines,Central India,Data Science,41.14,124.53
2025-07-13,Azure,Virtual Machines,Southeast Asia,Marketing,36.49,73.39
2025-07-13,GCP,BigQuery,us-central1,QA,25.77,85.71
2025-07-13,GCP,BigQuery,europe-west1,DevOps,15.1,22.18
2025-07-13,GCP,Cloud CDN,us-central1,Finance,16.99,44.9
2025-07-13,GCP,Cloud Functions,us-central1,DevOps,8.56,22.86
2025-07-13,GCP,Cloud Functions,asia-south1,Finance,5.05,13.78
2025-07-13,GCP,Cloud Storage,us-central1,DevOps,8.1,28.52
2025-07-13,GCP,Cloud Storage,europe-west1,DevOps,5.53,19.22
2025-07-13,GCP,Cloud Storage,asia-south1,DevOps,13.2,26.21
2025-07-13,GCP,Compute Engine,us-central1,Finance,40.53,93.63
2025-07-13,GCP,Compute Engine,europe-west1,Finance,68.15,150.82
2025-07-13,GCP,Compute Engine,asia-south1,Marketing,66.53,141.99
2025-07-14,AWS,CloudFront,eu-west-1,QA,12.45,41.73
2025-07-14,AWS,EBS,us-west-2,Engineering,10.82,21.89
2025-07-14,AWS,EBS,eu-west-1,Engineering,13.27,26.12
2025-07-14,AWS,EBS,ap-south-1,Finance,9.86,36.09
2025-07-14,AWS,EC2,us-east-1,DevOps,41.62,123.31
2025-07-14,AWS,EC2,us-west-2,Marketing,41.01,116.35
2025-07-14,AWS,EC2,eu-west-1,Finance,36.87,93.39
2025-07-14,AWS,Lambda,us-west-2,DevOps,3.65,6.54
2025-07-14,AWS,Lambda,eu-west-1,QA,4.83,12.88
2025-07-14,AWS,Lambda,ap-south-1,Marketing,4.79,7.24
2025-07-14,AWS,RDS,us-east-1,Engineering,27.95,93.14
2025-07-14,AWS,RDS,us-west-2,Finance,38.87,140.24
2025-07-14,AWS,RDS,eu-west-1,QA,39.26,134.48
2025-07-14,AWS,RDS,ap-south-1,Engineering,40.99,60.92
2025-07-14,AWS,S3,us-east-1,DevOps,7.55,15.64
2025-07-14,AWS,S3,us-west-2,Marketing,7.13,25.55
2025-07-14,AWS,S3,eu-west-1,Engineering,6.02,21.65
2025-07-14,AWS,S3,ap-south-1,QA,10.19,22.06
2025-07-14,Azure,Blob Storage,East US,DevOps,11.42,43.29
2025-07-14,Azure,Blob Storage,West Europe,Engineering,8.58,20.68
2025-07-14,Azure,Blob Storage,Southeast Asia,Engineering,14.83,49.88
2025-07-14,Azure,CDN,East US,Data Science,9.83,19.43
2025-07-14,Azure,CDN,Southeast Asia,Engineering,8.59,23.88
2025-07-14,Azure,Functions,Central India,QA,6.76,17.82
2025-07-14,Azure,Functions,Southeast Asia,QA,8.53,20.3
2025-07-14,Azure,SQL Database,East US,QA,32.47,106.54
2025-07-14,Azure,SQL Database,Central India,DevOps,44.48,160.27
2025-07-14,Azure,Virtual Machines,East US,DevOps,58.56,91.57
2025-07-14,Azure,Virtual Machines,West Europe,QA,61.09,212.11
2025-07-14,Azure,Virtual Machines,Central India,Data Science,40.36,114.47
2025-07-14,Azure,Virtual Machines,Southeast Asia,Marketing,41.0,76.8
2025-07-14,GCP,BigQuery,us-central1,QA,21.83,63.89
2025-07-14,GCP,BigQuery,europe-west1,DevOps,15.11,22.92
2025-07-14,GCP,Cloud CDN,us-central1,Finance,17.54,43.73
2025-07-14,GCP,Cloud Functions,us-central1,DevOps,7.68,20.66
2025-07-14,GCP,Cloud Functions,asia-south1,Finance,5.13,14.24
2025-07-14,GCP,Cloud Storage,us-central1,DevOps,9.64,36.15
2025-07-14,GCP,Cloud Storage,europe-west1,DevOps,6.28,26.0
2025-07-14,GCP,Cloud Storage,asia-south1,DevOps,11.65,24.02
2025-07-14,GCP,Compute Engine,us-central1,Finance,42.06,92.89
2025-07-14,GCP,Compute Engine,europe-west1,Finance,67.85,148.54
2025-07-14,GCP,Compute Engine,asia-south1,Marketing,61.11,157.81
2025-07-15,AWS,CloudFront,eu-west-1,QA,11.18,42.8
2025-07-15,AWS,EBS,us-west-2,Engineering,10.2,18.13
2025-07-15,AWS,EBS,eu-west-1,Engineering,13.81,29.48
2025-07-15,AWS,EBS,ap-south-1,Finance,9.05,35.4
2025-07-15,AWS,EC2,us-east-1,DevOps,44.38,132.22
2025-07-15,AWS,EC2,us-west-2,Marketing,41.19,102.5
2025-07-15,AWS,EC2,eu-west-1,Finance,38.5,102.77
2025-07-15,AWS,Lambda,us-west-2,DevOps,3.51,5.61
2025-07-15,AWS,Lambda,eu-west-1,QA,4.33,12.42
2025-07-15,AWS,Lambda,ap-south-1,Marketing,4.71,6.92
2025-07-15,AWS,RDS,us-east-1,Engineering,27.9,85.24
2025-07-15,AWS,RDS,us-west-2,Finance,34.19,136.89
2025-07-15,AWS,RDS,eu-west-1,QA,36.33,105.95
2025-07-15,AWS,RDS,ap-south-1,Engineering,44.06,69.14
2025-07-15,AWS,S3,us-east-1,DevOps,7.14,14.93
2025-07-15,AWS,S3,us-west-2,Marketing,7.91,26.98
2025-07-15,AWS,S3,eu-west-1,Engineering,5.76,19.79
2025-07-15,AWS,S3,ap-south-1,QA,14.4,35.0
2025-07-15,Azure,Blob Storage,East US,DevOps,12.51,47.47
2025-07-15,Azure,Blob Storage,West Europe,Engineering,9.8,23.6
2025-07-15,Azure,Blob Storage,Southeast Asia,Engineering,12.95,48.05
2025-07-15,Azure,CDN,East US,Data Science,9.98,19.79
2025-07-15,Azure,CDN,Southeast Asia,Engineering,9.55,23.78
2025-07-15,Azure,Functions,Central India,QA,7.04,17.32
2025-07-15,Azure,Functions,Southeast Asia,QA,9.52,24.53
2025-07-15,Azure,SQL Database,East US,QA,32.54,111.89
2025-07-15,Azure,SQL Database,Central India,DevOps,45.35,169.23
2025-07-15,Azure,Virtual Machines,East US,DevOps,56.17,96.75
2025-07-15,Azure,Virtual Machines,West Europe,QA,58.82,208.54
2025-07-15,Azure,Virtual Machines,Central India,Data Science,39.98,116.5
2025-07-15,Azure,Virtual Machines,Southeast Asia,Marketing,34.29,62.54
2025-07-15,GCP,BigQuery,us-central1,QA,25.13,73.42
2025-07-15,GCP,BigQuery,europe-west1,DevOps,12.48,17.48
2025-07-15,GCP,Cloud CDN,us-central1,Finance,15.7,46.06
2025-07-15,GCP,Cloud Functions,us-central1,DevOps,6.97,16.81
2025-07-15,GCP,Cloud Functions,asia-south1,Finance,4.72,12.3
2025-07-15,GCP,Cloud Storage,us-central1,DevOps,9.94,36.98
2025-07-15,GCP,Cloud Storage,europe-west1,DevOps,5.47,22.29
2025-07-15,GCP,Cloud Storage,asia-south1,DevOps,14.4,30.04
2025-07-15,GCP,Compute Engine,us-central1,Finance,39.19,89.45
2025-07-15,GCP,Compute Engine,europe-west1,Finance,72.02,134.19
2025-07-15,GCP,Compute Engine,asia-south1,Marketing,60.44,139.02
2025-07-16,AWS,CloudFront,eu-west-1,QA,12.05,41.03
2025-07-16,AWS,EBS,us-west-2,Engineering,12.36,22.96
2025-07-16,AWS,EBS,eu-west-1,Engineering,11.97,24.54
2025-07-16,AWS,EBS,ap-south-1,Finance,7.35,29.07
2025-07-16,AWS,EC2,us-east-1,DevOps,51.87,153.88
2025-07-16,AWS,EC2,us-west-2,Marketing,41.78,114.95
2025-07-16,AWS,EC2,eu-west-1,Finance,30.85,78.58
2025-07-16,AWS,Lambda,us-west-2,DevOps,4.02,6.52
2025-07-16,AWS,Lambda,eu-west-1,QA,4.46,12.56
2025-07-16,AWS,Lambda,ap-south-1,Marketing,4.49,7.37
2025-07-16,AWS,RDS,us-east-1,Engineering,27.3,79.25
2025-07-16,AWS,RDS,us-west-2,Finance,36.26,134.68
2025-07-16,AWS,RDS,eu-west-1,QA,33.8,98.96
2025-07-16,AWS,RDS,ap-south-1,Engineering,40.89,65.24
2025-07-16,AWS,S3,us-east-1,DevOps,6.77,13.33
2025-07-16,AWS,S3,us-west-2,Marketing,7.67,23.34
2025-07-16,AWS,S3,eu-west-1,Engineering,6.47,22.55
2025-07-16,AWS,S3,ap-south-1,QA,10.64,27.49
2025-07-16,Azure,Blob Storage,East US,DevOps,10.28,35.15
2025-07-16,Azure,Blob Storage,West Europe,Engineering,8.69,23.37
2025-07-16,Azure,Blob Storage,Southeast Asia,Engineering,15.48,50.12
2025-07-16,Azure,CDN,East US,Data Science,11.03,22.79
2025-07-16,Azure,CDN,Southeast Asia,Engineering,8.67,22.47
2025-07-16,Azure,Functions,Central India,QA,8.11,19.84
2025-07-16,Azure,Functions,Southeast Asia,QA,8.05,18.83
2025-07-16,Azure,SQL Database,East US,QA,32.41,112.42
2025-07-16,Azure,SQL Database,Central India,DevOps,39.61,134.86
2025-07-16,Azure,Virtual Machines,East US,DevOps,47.27,74.28
2025-07-16,Azure,Virtual Machines,West Europe,QA,50.34,176.71
2025-07-16,Azure,Virtual Machines,Central India,Data Science,37.75,108.99
2025-07-16,Azure,Virtual Machines,Southeast Asia,Marketing,36.66,70.94
2025-07-16,GCP,BigQuery,us-central1,QA,23.34,75.81
2025-07-16,GCP,BigQuery,europe-west1,DevOps,14.97,23.33
2025-07-16,GCP,Cloud CDN,us-central1,Finance,14.62,37.87
2025-07-16,GCP,Cloud Functions,us-central1,DevOps,8.04,20.75
2025-07-16,GCP,Cloud Functions,asia-south1,Finance,5.11,12.81
2025-07-16,GCP,Cloud Storage,us-central1,DevOps,8.33,33.02
2025-07-16,GCP,Cloud Storage,europe-west1,DevOps,5.97,22.73
2025-07-16,GCP,Cloud Storage,asia-south1,DevOps,13.0,25.07
2025-07-16,GCP,Compute Engine,us-central1,Finance,37.22,77.24
2025-07-16,GCP,Compute Engine,europe-west1,Finance,65.07,134.18
2025-07-16,GCP,Compute Engine,asia-south1,Marketing,68.92,174.98
2025-07-17,AWS,CloudFront,eu-west-1,QA,12.45,39.35
2025-07-17,AWS,EBS,us-west-2,Engineering,10.68,18.76
2025-07-17,AWS,EBS,eu-west-1,Engineering,13.13,25.4
2025-07-17,AWS,EBS,ap-south-1,Finance,9.13,32.18
2025-07-17,AWS,EC2,us-east-1,DevOps,42.1,120.3
2025-07-17,AWS,EC2,us-west-2,Marketing,36.66,95.22
2025-07-17,AWS,EC2,eu-west-1,Finance,41.09,96.94
2025-07-17,AWS,Lambda,us-west-2,DevOps,3.82,6.42
2025-07-17,AWS,Lambda,eu-west-1,QA,4.68,11.47
2025-07-17,AWS,Lambda,ap-south-1,Marketing,4.69,7.6
2025-07-17,AWS,RDS,us-east-1,Engineering,29.33,83.62
2025-07-17,AWS,RDS,us-west-2,Finance,36.27,143.56
2025-07-17,AWS,RDS,eu-west-1,QA,31.22,95.02
2025-07-17,AWS,RDS,ap-south-1,Engineering,41.78,69.54
2025-07-17,AWS,S3,us-east-1,DevOps,7.29,16.73
2025-07-17,AWS,S3,us-west-2,Marketing,7.61,22.91
2025-07-17,AWS,S3,eu-west-1,Engineering,5.74,22.73
2025-07-17,AWS,S3,ap-south-1,QA,10.87,25.96
2025-07-17,Azure,Blob Storage,East US,DevOps,10.59,38.56
2025-07-17,Azure,Blob Storage,West Europe,Engineering,8.44,19.78
2025-07-17,Azure,Blob Storage,Southeast Asia,Engineering,14.36,55.01
2025-07-17,Azure,CDN,East US,Data Science,12.3,26.25
2025-07-17,Azure,CDN,Southeast Asia,Engineering,22.19,27.74
2025-07-17,Azure,Functions,Central India,QA,7.54,18.11
2025-07-17,Azure,Functions,Southeast Asia,QA,8.21,19.13
2025-07-17,Azure,SQL Database,East US,QA,26.88,82.23
2025-07-17,Azure,SQL Database,Central India,DevOps,42.3,148.23
2025-07-17,Azure,Virtual Machines,East US,DevOps,47.24,78.32
2025-07-17,Azure,Virtual Machines,West Europe,QA,54.84,173.9
2025-07-17,Azure,Virtual Machines,Central India,Data Science,36.7,113.2
2025-07-17,Azure,Virtual Machines,Southeast Asia,Marketing,32.3,58.62
2025-07-17,GCP,BigQuery,us-central1,QA,22.51,76.45
2025-07-17,GCP,BigQuery,europe-west1,DevOps,14.18,23.41
2025-07-17,GCP,Cloud CDN,us-central1,Finance,13.55,40.38
2025-07-17,GCP,Cloud Functions,us-central1,DevOps,8.13,19.72
2025-07-17,GCP,Cloud Functions,asia-south1,Finance,4.91,11.42
2025-07-17,GCP,Cloud Storage,us-central1,DevOps,8.89,34.5
2025-07-17,GCP,Cloud Storage,europe-west1,DevOps,5.9,23.1
2025-07-17,GCP,Cloud Storage,asia-south1,DevOps,12.89,26.48
2025-07-17,GCP,Compute Engine,us-central1,Finance,38.99,84.01
2025-07-17,GCP,Compute Engine,europe-west1,Finance,63.77,141.53
2025-07-17,GCP,Compute Engine,asia-south1,Marketing,67.56,157.35
2025-07-18,AWS,CloudFront,eu-west-1,QA,11.57,37.57
2025-07-18,AWS,EBS,us-west-2,Engineering,10.15,20.72
2025-07-18,AWS,EBS,eu-west-1,Engineering,13.35,27.27
2025-07-18,AWS,EBS,ap-south-1,Finance,9.45,39.22
2025-07-18,AWS,EC2,us-east-1,DevOps,41.95,118.87
2025-07-18,AWS,EC2,us-west-2,Marketing,42.05,117.61
2025-07-18,AWS,EC2,eu-west-1,Finance,34.48,89.5
2025-07-18,AWS,Lambda,us-west-2,DevOps,4.04,6.13
2025-07-18,AWS,Lambda,eu-west-1,QA,3.98,11.47
2025-07-18,AWS,Lambda,ap-south-1,Marketing,4.99,8.47
2025-07-18,AWS,RDS,us-east-1,Engineering,27.82,83.5
2025-07-18,AWS,RDS,us-west-2,Finance,33.0,125.22
2025-07-18,AWS,RDS,eu-west-1,QA,34.77,120.4
2025-07-18,AWS,RDS,ap-south-1,Engineering,47.38,69.57
2025-07-18,AWS,S3,us-east-1,DevOps,6.58,13.79
2025-07-18,AWS,S3,us-west-2,Marketing,7.11,23.33
2025-07-18,AWS,S3,eu-west-1,Engineering,5.97,21.26
2025-07-18,AWS,S3,ap-south-1,QA,10.88,26.88
2025-07-18,Azure,Blob Storage,East US,DevOps,10.48,39.55
2025-07-18,Azure,Blob Storage,West Europe,Engineering,10.14,26.15
2025-07-18,Azure,Blob Storage,Southeast Asia,Engineering,15.39,55.44
2025-07-18,Azure,CDN,East US,Data Science,10.23,22.87
2025-07-18,Azure,CDN,Southeast Asia,Engineering,8.71,24.75
2025-07-18,Azure,Functions,Central India,QA,6.99,15.5
2025-07-18,Azure,Functions,Southeast Asia,QA,8.18,19.33
2025-07-18,Azure,SQL Database,East US,QA,30.61,98.88
2025-07-18,Azure,SQL Database,Central India,DevOps,42.49,154.53
2025-07-18,Azure,Virtual Machines,East US,DevOps,52.25,79.25
2025-07-18,Azure,Virtual Machines,West Europe,QA,53.38,173.81
2025-07-18,Azure,Virtual Machines,Central India,Data Science,40.92,120.64
2025-07-18,Azure,Virtual Machines,Southeast Asia,Marketing,43.0,78.12
2025-07-18,GCP,BigQuery,us-central1,QA,25.23,73.45
2025-07-18,GCP,BigQuery,europe-west1,DevOps,12.83,18.33
2025-07-18,GCP,Cloud CDN,us-central1,Finance,14.61,43.32
2025-07-18,GCP,Cloud Functions,us-central1,DevOps,7.88,18.01
2025-07-18,GCP,Cloud Functions,asia-south1,Finance,10.34,10.76
2025-07-18,GCP,Cloud Storage,us-central1,DevOps,9.59,34.71
2025-07-18,GCP,Cloud Storage,europe-west1,DevOps,6.5,25.72
2025-07-18,GCP,Cloud Storage,asia-south1,DevOps,13.09,27.74
2025-07-18,GCP,Compute Engine,us-central1,Finance,36.16,73.18
2025-07-18,GCP,Compute Engine,europe-west1,Finance,57.08,121.73
2025-07-18,GCP,Compute Engine,asia-south1,Marketing,58.25,135.15
2025-07-19,AWS,CloudFront,eu-west-1,QA,9.49,30.03
2025-07-19,AWS,EBS,us-west-2,Engineering,11.51,21.2
2025-07-19,AWS,EBS,eu-west-1,Engineering,12.38,26.64
2025-07-19,AWS,EBS,ap-south-1,Finance,8.19,30.24
2025-07-19,AWS,EC2,us-east-1,DevOps,42.43,134.21
2025-07-19,AWS,EC2,us-west-2,Marketing,36.26,99.28
2025-07-19,AWS,EC2,eu-west-1,Finance,40.92,108.1
2025-07-19,AWS,Lambda,us-west-2,DevOps,3.45,6.26
2025-07-19,AWS,Lambda,eu-west-1,QA,4.55,12.09
2025-07-19,AWS,Lambda,ap-south-1,Marketing,4.26,7.34
2025-07-19,AWS,RDS,us-east-1,Engineering,25.51,75.98
2025-07-19,AWS,RDS,us-west-2,Finance,42.16,166.05
2025-07-19,AWS,RDS,eu-west-1,QA,34.59,112.61
2025-07-19,AWS,RDS,ap-south-1,Engineering,41.84,62.27
2025-07-19,AWS,S3,us-east-1,DevOps,7.16,14.92
2025-07-19,AWS,S3,us-west-2,Marketing,7.46,23.19
2025-07-19,AWS,S3,eu-west-1,Engineering,5.64,20.81
2025-07-19,AWS,S3,ap-south-1,QA,10.21,24.44
2025-07-19,Azure,Blob Storage,East US,DevOps,11.53,42.63
2025-07-19,Azure,Blob Storage,West Europe,Engineering,9.2,25.29
2025-07-19,Azure,Blob Storage,Southeast Asia,Engineering,14.62,57.17
2025-07-19,Azure,CDN,East US,Data Science,11.26,27.03
2025-07-19,Azure,CDN,Southeast Asia,Engineering,7.86,18.42
2025-07-19,Azure,Functions,Central India,QA,6.51,17.05
2025-07-19,Azure,Functions,Southeast Asia,QA,7.89,21.13
2025-07-19,Azure,SQL Database,East US,QA,29.99,96.87
2025-07-19,Azure,SQL Database,Central India,DevOps,38.16,145.01
2025-07-19,Azure,Virtual Machines,East US,DevOps,52.55,87.62
2025-07-19,Azure,Virtual Machines,West Europe,QA,64.87,211.73
2025-07-19,Azure,Virtual Machines,Central India,Data Science,40.12,120.31
2025-07-19,Azure,Virtual Machines,Southeast Asia,Marketing,37.32,73.21
2025-07-19,GCP,BigQuery,us-central1,QA,27.33,78.39
2025-07-19,GCP,BigQuery,europe-west1,DevOps,14.82,21.53
2025-07-19,GCP,Cloud CDN,us-central1,Finance,13.63,38.75
2025-07-19,GCP,Cloud Functions,us-central1,DevOps,9.04,24.04
2025-07-19,GCP,Cloud Functions,asia-south1,Finance,5.1,12.09
2025-07-19,GCP,Cloud Storage,us-central1,DevOps,7.97,28.87
2025-07-19,GCP,Cloud Storage,europe-west1,DevOps,6.24,22.13
2025-07-19,GCP,Cloud Storage,asia-south1,DevOps,12.63,26.64
2025-07-19,GCP,Compute Engine,us-central1,Finance,35.05,80.05
2025-07-19,GCP,Compute Engine,europe-west1,Finance,70.62,143.28
2025-07-19,GCP,Compute Engine,asia-south1,Marketing,68.87,146.46
2025-07-20,AWS,CloudFront,eu-west-1,QA,9.51,36.49
2025-07-20,AWS,EBS,us-west-2,Engineering,10.33,19.47
2025-07-20,AWS,EBS,eu-west-1,Engineering,13.22,24.52
2025-07-20,AWS,EBS,ap-south-1,Finance,19.71,34.36
2025-07-20,AWS,EC2,us-east-1,DevOps,43.63,130.54
2025-07-20,AWS,EC2,us-west-2,Marketing,44.71,123.54
2025-07-20,AWS,EC2,eu-west-1,Finance,37.75,100.91
2025-07-20,AWS,Lambda,us-west-2,DevOps,3.74,5.71
2025-07-20,AWS,Lambda,eu-west-1,QA,4.25,11.91
2025-07-20,AWS,Lambda,ap-south-1,Marketing,4.69,7.92
2025-07-20,AWS,RDS,us-east-1,Engineering,28.98,92.06
2025-07-20,AWS,RDS,us-west-2,Finance,31.43,113.43
2025-07-20,AWS,RDS,eu-west-1,QA,33.81,108.38
2025-07-20,AWS,RDS,ap-south-1,Engineering,34.88,49.31
2025-07-20,AWS,S3,us-east-1,DevOps,7.3,16.06
2025-07-20,AWS,S3,us-west-2,Marketing,6.47,20.25
2025-07-20,AWS,S3,eu-west-1,Engineering,6.19,23.47
2025-07-20,AWS,S3,ap-south-1,QA,11.11,28.19
2025-07-20,Azure,Blob Storage,East US,DevOps,12.98,45.95
2025-07-20,Azure,Blob Storage,West Europe,Engineering,8.6,23.14
2025-07-20,Azure,Blob Storage,Southeast Asia,Engineering,14.07,50.3
2025-07-20,Azure,CDN,East US,Data Science,10.96,23.28
2025-07-20,Azure,CDN,Southeast Asia,Engineering,9.79,25.61
2025-07-20,Azure,Functions,Central India,QA,6.63,15.54
2025-07-20,Azure,Functions,Southeast Asia,QA,7.8,17.81
2025-07-20,Azure,SQL Database,East US,QA,26.61,80.43
2025-07-20,Azure,SQL Database,Central India,DevOps,38.13,145.32
2025-07-20,Azure,Virtual Machines,East US,DevOps,54.48,82.97
2025-07-20,Azure,Virtual Machines,West Europe,QA,57.28,189.9
2025-07-20,Azure,Virtual Machines,Central India,Data Science,34.99,108.83
2025-07-20,Azure,Virtual Machines,Southeast Asia,Marketing,44.39,80.02
2025-07-20,GCP,BigQuery,us-central1,QA,26.88,91.61
2025-07-20,GCP,BigQuery,europe-west1,DevOps,15.85,23.41
2025-07-20,GCP,Cloud CDN,us-central1,Finance,14.8,43.71
2025-07-20,GCP,Cloud Functions,us-central1,DevOps,7.78,20.88
2025-07-20,GCP,Cloud Functions,asia-south1,Finance,4.57,11.14
2025-07-20,GCP,Cloud Storage,us-central1,DevOps,8.01,30.03
2025-07-20,GCP,Cloud Storage,europe-west1,DevOps,5.44,22.29
2025-07-20,GCP,Cloud Storage,asia-south1,DevOps,12.08,23.66
2025-07-20,GCP,Compute Engine,us-central1,Finance,38.06,80.24
2025-07-20,GCP,Compute Engine,europe-west1,Finance,69.25,133.43
2025-07-20,GCP,Compute Engine,asia-south1,Marketing,60.27,129.33
2025-07-21,AWS,CloudFront,eu-west-1,QA,10.63,35.5
2025-07-21,AWS,EBS,us-west-2,Engineering,9.87,18.18
2025-07-21,AWS,EBS,eu-west-1,Engineering,13.25,26.39
2025-07-21,AWS,EBS,ap-south-1,Finance,7.98,30.56
2025-07-21,AWS,EC2,us-east-1,DevOps,40.29,111.96
2025-07-21,AWS,EC2,us-west-2,Marketing,36.96,99.79
2025-07-21,AWS,EC2,eu-west-1,Finance,38.28,95.85
2025-07-21,AWS,Lambda,us-west-2,DevOps,3.77,6.12
2025-07-21,AWS,Lambda,eu-west-1,QA,4.45,11.03
2025-07-21,AWS,Lambda,ap-south-1,Marketing,4.54,6.53
2025-07-21,AWS,RDS,us-east-1,Engineering,25.5,72.38
2025-07-21,AWS,RDS,us-west-2,Finance,31.61,125.86
2025-07-21,AWS,RDS,eu-west-1,QA,36.5,120.5
2025-07-21,AWS,RDS,ap-south-1,Engineering,41.11,58.6
2025-07-21,AWS,S3,us-east-1,DevOps,6.87,14.48
2025-07-21,AWS,S3,us-west-2,Marketing,7.22,25.57
2025-07-21,AWS,S3,eu-west-1,Engineering,6.66,26.38
2025-07-21,AWS,S3,ap-south-1,QA,8.93,22.97
2025-07-21,Azure,Blob Storage,East US,DevOps,13.33,52.56
2025-07-21,Azure,Blob Storage,West Europe,Engineering,7.0,16.09
2025-07-21,Azure,Blob Storage,Southeast Asia,Engineering,13.83,48.99
2025-07-21,Azure,CDN,East US,Data Science,9.94,19.82
2025-07-21,Azure,CDN,Southeast Asia,Engineering,8.94,22.48
2025-07-21,Azure,Functions,Central India,QA,6.64,16.61
2025-07-21,Azure,Functions,Southeast Asia,QA,8.38,22.06
2025-07-21,Azure,SQL Database,East US,QA,30.23,98.11
2025-07-21,Azure,SQL Database,Central India,DevOps,42.33,161.6
2025-07-21,Azure,Virtual Machines,East US,DevOps,43.96,68.45
2025-07-21,Azure,Virtual Machines,West Europe,QA,55.25,171.3
2025-07-21,Azure,Virtual Machines,Central India,Data Science,36.58,108.37
2025-07-21,Azure,Virtual Machines,Southeast Asia,Marketing,40.07,70.6
2025-07-21,GCP,BigQuery,us-central1,QA,25.09,72.65
2025-07-21,GCP,BigQuery,europe-west1,DevOps,14.12,21.19
2025-07-21,GCP,Cloud CDN,us-central1,Finance,14.94,44.25
2025-07-21,GCP,Cloud Functions,us-central1,DevOps,6.4,15.83
2025-07-21,GCP,Cloud Functions,asia-south1,Finance,4.61,11.21
2025-07-21,GCP,Cloud Storage,us-central1,DevOps,8.67,28.99
2025-07-21,GCP,Cloud Storage,europe-west1,DevOps,5.08,19.26
2025-07-21,GCP,Cloud Storage,asia-south1,DevOps,12.6,25.21
2025-07-21,GCP,Compute Engine,us-central1,Finance,39.03,83.35
2025-07-21,GCP,Compute Engine,europe-west1,Finance,64.53,125.33
2025-07-21,GCP,Compute Engine,asia-south1,Marketing,64.84,158.06
2025-07-22,AWS,CloudFront,eu-west-1,QA,11.14,42.22
2025-07-22,AWS,EBS,us-west-2,Engineering,11.55,21.21
2025-07-22,AWS,EBS,eu-west-1,Engineering,12.18,22.83
2025-07-22,AWS,EBS,ap-south-1,Finance,6.96,25.05
2025-07-22,AWS,EC2,us-east-1,DevOps,43.3,126.76
2025-07-22,AWS,EC2,us-west-2,Marketing,40.18,98.4
2025-07-22,AWS,EC2,eu-west-1,Finance,39.65,103.16
2025-07-22,AWS,Lambda,us-west-2,DevOps,3.07,5.23
2025-07-22,AWS,Lambda,eu-west-1,QA,4.19,11.58
2025-07-22,AWS,Lambda,ap-south-1,Marketing,4.38,7.13
2025-07-22,AWS,RDS,us-east-1,Engineering,22.99,72.45
2025-07-22,AWS,RDS,us-west-2,Finance,38.84,138.5
2025-07-22,AWS,RDS,eu-west-1,QA,30.43,94.91
2025-07-22,AWS,RDS,ap-south-1,Engineering,41.89,65.93
2025-07-22,AWS,S3,us-east-1,DevOps,6.61,14.51
2025-07-22,AWS,S3,us-west-2,Marketing,6.78,20.5
2025-07-22,AWS,S3,eu-west-1,Engineering,5.11,17.84
2025-07-22,AWS,S3,ap-south-1,QA,11.75,26.07
2025-07-22,Azure,Blob Storage,East US,DevOps,12.21,44.36
2025-07-22,Azure,Blob Storage,West Europe,Engineering,9.4,22.83
2025-07-22,Azure,Blob Storage,Southeast Asia,Engineering,13.06,46.43
2025-07-22,Azure,CDN,East US,Data Science,10.95,22.49
2025-07-22,Azure,CDN,Southeast Asia,Engineering,7.99,19.91
2025-07-22,Azure,Functions,Central India,QA,7.13,17.72
2025-07-22,Azure,Functions,Southeast Asia,QA,9.23,21.17
2025-07-22,Azure,SQL Database,East US,QA,29.46,102.66
2025-07-22,Azure,SQL Database,Central India,DevOps,85.59,149.11
2025-07-22,Azure,Virtual Machines,East US,DevOps,54.57,85.81
2025-07-22,Azure,Virtual Machines,West Europe,QA,53.8,176.98
2025-07-22,Azure,Virtual Machines,Central India,Data Science,41.79,124.06
2025-07-22,Azure,Virtual Machines,Southeast Asia,Marketing,38.83,77.24
2025-07-22,GCP,BigQuery,us-central1,QA,23.74,70.73
2025-07-22,GCP,BigQuery,europe-west1,DevOps,15.49,24.35
2025-07-22,GCP,Cloud CDN,us-central1,Finance,15.18,44.11
2025-07-22,GCP,Cloud Functions,us-central1,DevOps,7.55,16.85
2025-07-22,GCP,Cloud Functions,asia-south1,Finance,4.16,10.72
2025-07-22,GCP,Cloud Storage,us-central1,DevOps,8.61,34.3
2025-07-22,GCP,Cloud Storage,europe-west1,DevOps,6.01,20.81
2025-07-22,GCP,Cloud Storage,asia-south1,DevOps,13.93,28.21
2025-07-22,GCP,Compute Engine,us-central1,Finance,36.95,84.06
2025-07-22,GCP,Compute Engine,europe-west1,Finance,57.33,122.0
2025-07-22,GCP,Compute Engine,asia-south1,Marketing,60.51,155.11
2025-07-23,AWS,CloudFront,eu-west-1,QA,12.22,46.93
2025-07-23,AWS,EBS,us-west-2,Engineering,10.47,20.97
2025-07-23,AWS,EBS,eu-west-1,Engineering,13.44,28.49
2025-07-23,AWS,EBS,ap-south-1,Finance,9.44,38.5
2025-07-23,AWS,EC2,us-east-1,DevOps,34.76,98.34
2025-07-23,AWS,EC2,us-west-2,Marketing,42.26,111.64
2025-07-23,AWS,EC2,eu-west-1,Finance,37.85,96.28
2025-07-23,AWS,Lambda,us-west-2,DevOps,4.1,6.92
2025-07-23,AWS,Lambda,eu-west-1,QA,4.54,11.49
2025-07-23,AWS,Lambda,ap-south-1,Marketing,3.84,6.41
2025-07-23,AWS,RDS,us-east-1,Engineering,22.9,70.33
2025-07-23,AWS,RDS,us-west-2,Finance,37.03,139.55
2025-07-23,AWS,RDS,eu-west-1,QA,32.0,106.7
2025-07-23,AWS,RDS,ap-south-1,Engineering,38.68,63.49
2025-07-23,AWS,S3,us-east-1,DevOps,5.72,11.13
2025-07-23,AWS,S3,us-west-2,Marketing,5.71,19.62
2025-07-23,AWS,S3,eu-west-1,Engineering,6.03,22.42
2025-07-23,AWS,S3,ap-south-1,QA,9.8,22.92
2025-07-23,Azure,Blob Storage,East US,DevOps,9.46,37.49
2025-07-23,Azure,Blob Storage,West Europe,Engineering,8.93,20.89
2025-07-23,Azure,Blob Storage,Southeast Asia,Engineering,12.95,45.2
2025-07-23,Azure,CDN,East US,Data Science,10.93,25.82
2025-07-23,Azure,CDN,Southeast Asia,Engineering,8.33,22.09
2025-07-23,Azure,Functions,Central India,QA,7.21,17.83
2025-07-23,Azure,Functions,Southeast Asia,QA,7.52,19.28
2025-07-23,Azure,SQL Database,East US,QA,31.17,98.26
2025-07-23,Azure,SQL Database,Central India,DevOps,36.91,131.7
2025-07-23,Azure,Virtual Machines,East US,DevOps,45.66,78.26
2025-07-23,Azure,Virtual Machines,West Europe,QA,55.57,184.98
2025-07-23,Azure,Virtual Machines,Central India,Data Science,40.56,135.33
2025-07-23,Azure,Virtual Machines,Southeast Asia,Marketing,35.58,70.76
2025-07-23,GCP,BigQuery,us-central1,QA,23.3,79.33
2025-07-23,GCP,BigQuery,europe-west1,DevOps,14.79,20.65
2025-07-23,GCP,Cloud CDN,us-central1,Finance,15.03,41.45
2025-07-23,GCP,Cloud Functions,us-central1,DevOps,8.06,21.17
2025-07-23,GCP,Cloud Functions,asia-south1,Finance,4.62,12.86
2025-07-23,GCP,Cloud Storage,us-central1,DevOps,8.81,32.03
2025-07-23,GCP,Cloud Storage,europe-west1,DevOps,5.32,19.63
2025-07-23,GCP,Cloud Storage,asia-south1,DevOps,12.05,25.11
2025-07-23,GCP,Compute Engine,us-central1,Finance,38.17,85.74
2025-07-23,GCP,Compute Engine,europe-west1,Finance,57.73,123.9
2025-07-23,GCP,Compute Engine,asia-south1,Marketing,57.35,127.71
2025-07-24,AWS,CloudFront,eu-west-1,QA,11.37,40.53
2025-07-24,AWS,EBS,us-west-2,Engineering,11.43,22.9
2025-07-24,AWS,EBS,eu-west-1,Engineering,10.29,21.26
2025-07-24,AWS,EBS,ap-south-1,Finance,8.7,35.28
2025-07-24,AWS,EC2,us-east-1,DevOps,42.14,134.13
2025-07-24,AWS,EC2,us-west-2,Marketing,38.22,109.75
2025-07-24,AWS,EC2,eu-west-1,Finance,38.03,101.06
2025-07-24,AWS,Lambda,us-west-2,DevOps,3.56,6.17
2025-07-24,AWS,Lambda,eu-west-1,QA,4.18,11.02
2025-07-24,AWS,Lambda,ap-south-1,Marketing,4.41,7.62
2025-07-24,AWS,RDS,us-east-1,Engineering,25.74,82.02
2025-07-24,AWS,RDS,us-west-2,Finance,32.06,112.88
2025-07-24,AWS,RDS,eu-west-1,QA,34.1,105.81
2025-07-24,AWS,RDS,ap-south-1,Engineering,43.71,64.83
2025-07-24,AWS,S3,us-east-1,DevOps,7.54,17.09
2025-07-24,AWS,S3,us-west-2,Marketing,5.95,18.69
2025-07-24,AWS,S3,eu-west-1,Engineering,6.37,24.05
2025-07-24,AWS,S3,ap-south-1,QA,10.38,24.06
2025-07-24,Azure,Blob Storage,East US,DevOps,10.51,38.55
2025-07-24,Azure,Blob Storage,West Europe,Engineering,9.81,26.95
2025-07-24,Azure,Blob Storage,Southeast Asia,Engineering,14.82,49.65
2025-07-24,Azure,CDN,East US,Data Science,10.8,24.58
2025-07-24,Azure,CDN,Southeast Asia,Engineering,8.01,20.61
2025-07-24,Azure,Functions,Central India,QA,6.99,17.09
2025-07-24,Azure,Functions,Southeast Asia,QA,8.15,21.66
2025-07-24,Azure,SQL Database,East US,QA,30.04,97.3
2025-07-24,Azure,SQL Database,Central India,DevOps,36.95,115.6
2025-07-24,Azure,Virtual Machines,East US,DevOps,54.32,78.11
2025-07-24,Azure,Virtual Machines,West Europe,QA,59.34,198.34
2025-07-24,Azure,Virtual Machines,Central India,Data Science,33.97,107.28
2025-07-24,Azure,Virtual Machines,Southeast Asia,Marketing,34.08,63.84
2025-07-24,GCP,BigQuery,us-central1,QA,21.92,72.88
2025-07-24,GCP,BigQuery,europe-west1,DevOps,14.75,21.33
2025-07-24,GCP,Cloud CDN,us-central1,Finance,12.58,37.74
2025-07-24,GCP,Cloud Functions,us-central1,DevOps,8.0,19.67
2025-07-24,GCP,Cloud Functions,asia-south1,Finance,4.63,12.69
2025-07-24,GCP,Cloud Storage,us-central1,DevOps,8.67,33.99
2025-07-24,GCP,Cloud Storage,europe-west1,DevOps,5.44,20.93
2025-07-24,GCP,Cloud Storage,asia-south1,DevOps,13.98,27.42
2025-07-24,GCP,Compute Engine,us-central1,Finance,43.13,88.2
2025-07-24,GCP,Compute Engine,europe-west1,Finance,60.98,124.62
2025-07-24,GCP,Compute Engine,asia-south1,Marketing,64.09,138.79
2025-07-25,AWS,CloudFront,eu-west-1,QA,13.4,42.45
2025-07-25,AWS,EBS,us-west-2,Engineering,10.67,20.44
2025-07-25,AWS,EBS,eu-west-1,Engineering,10.64,22.33
2025-07-25,AWS,EBS,ap-south-1,Finance,9.79,36.55
2025-07-25,AWS,EC2,us-east-1,DevOps,41.1,108.52
2025-07-25,AWS,EC2,us-west-2,Marketing,39.97,113.78
2025-07-25,AWS,EC2,eu-west-1,Finance,35.52,92.78
2025-07-25,AWS,Lambda,us-west-2,DevOps,4.23,7.15
2025-07-25,AWS,Lambda,eu-west-1,QA,3.61,8.71
2025-07-25,AWS,Lambda,ap-south-1,Marketing,4.63,7.12
2025-07-25,AWS,RDS,us-east-1,Engineering,26.29,85.84
2025-07-25,AWS,RDS,us-west-2,Finance,36.54,135.77
2025-07-25,AWS,RDS,eu-west-1,QA,32.33,109.19
2025-07-25,AWS,RDS,ap-south-1,Engineering,36.35,51.55
2025-07-25,AWS,S3,us-east-1,DevOps,7.11,16.5
2025-07-25,AWS,S3,us-west-2,Marketing,6.43,22.28
2025-07-25,AWS,S3,eu-west-1,Engineering,5.74,21.93
2025-07-25,AWS,S3,ap-south-1,QA,11.36,26.38
2025-07-25,Azure,Blob Storage,East US,DevOps,8.44,32.36
2025-07-25,Azure,Blob Storage,West Europe,Engineering,8.08,22.36
2025-07-25,Azure,Blob Storage,Southeast Asia,Engineering,14.54,55.77
2025-07-25,Azure,CDN,East US,Data Science,9.7,22.47
2025-07-25,Azure,CDN,Southeast Asia,Engineering,9.23,25.12
2025-07-25,Azure,Functions,Central India,QA,7.03,16.02
2025-07-25,Azure,Functions,Southeast Asia,QA,8.76,20.88
2025-07-25,Azure,SQL Database,East US,QA,28.45,102.02
2025-07-25,Azure,SQL Database,Central India,DevOps,35.36,127.65
2025-07-25,Azure,Virtual Machines,East US,DevOps,42.63,63.24
2025-07-25,Azure,Virtual Machines,West Europe,QA,47.67,168.45
2025-07-25,Azure,Virtual Machines,Central India,Data Science,37.41,125.36
2025-07-25,Azure,Virtual Machines,Southeast Asia,Marketing,38.62,72.78
2025-07-25,GCP,BigQuery,us-central1,QA,41.02,69.99
2025-07-25,GCP,BigQuery,europe-west1,DevOps,14.3,21.7
2025-07-25,GCP,Cloud CDN,us-central1,Finance,13.69,40.1
2025-07-25,GCP,Cloud Functions,us-central1,DevOps,7.63,17.25
2025-07-25,GCP,Cloud Functions,asia-south1,Finance,4.78,12.24
2025-07-25,GCP,Cloud Storage,us-central1,DevOps,7.79,30.87
2025-07-25,GCP,Cloud Storage,europe-west1,DevOps,5.1,18.67
2025-07-25,GCP,Cloud Storage,asia-south1,DevOps,12.08,21.81
2025-07-25,GCP,Compute Engine,us-central1,Finance,39.85,77.53
2025-07-25,GCP,Compute Engine,europe-west1,Finance,68.53,128.69
2025-07-25,GCP,Compute Engine,asia-south1,Marketing,55.71,123.78
2025-07-26,AWS,CloudFront,eu-west-1,QA,9.73,31.17
2025-07-26,AWS,EBS,us-west-2,Engineering,10.76,21.2
2025-07-26,AWS,EBS,eu-west-1,Engineering,11.5,24.77
2025-07-26,AWS,EBS,ap-south-1,Finance,9.26,35.91
2025-07-26,AWS,EC2,us-east-1,DevOps,40.14,111.1
2025-07-26,AWS,EC2,us-west-2,Marketing,43.28,102.96
2025-07-26,AWS,EC2,eu-west-1,Finance,36.99,95.51
2025-07-26,AWS,Lambda,us-west-2,DevOps,3.56,5.66
2025-07-26,AWS,Lambda,eu-west-1,QA,4.56,11.33
2025-07-26,AWS,Lambda,ap-south-1,Marketing,4.5,6.62
2025-07-26,AWS,RDS,us-east-1,Engineering,27.98,90.18
2025-07-26,AWS,RDS,us-west-2,Finance,38.86,139.82
2025-07-26,AWS,RDS,eu-west-1,QA,32.78,99.11
2025-07-26,AWS,RDS,ap-south-1,Engineering,40.62,58.9
2025-07-26,AWS,S3,us-east-1,DevOps,7.11,15.61
2025-07-26,AWS,S3,us-west-2,Marketing,7.0,24.06
2025-07-26,AWS,S3,eu-west-1,Engineering,5.39,21.73
2025-07-26,AWS,S3,ap-south-1,QA,10.51,23.03
2025-07-26,Azure,Blob Storage,East US,DevOps,11.27,42.8
2025-07-26,Azure,Blob Storage,West Europe,Engineering,8.57,20.47
2025-07-26,Azure,Blob Storage,Southeast Asia,Engineering,15.13,53.13
2025-07-26,Azure,CDN,East US,Data Science,10.58,21.42
2025-07-26,Azure,CDN,Southeast Asia,Engineering,7.11,16.74
2025-07-26,Azure,Functions,Central India,QA,6.44,14.99
2025-07-26,Azure,Functions,Southeast Asia,QA,9.55,22.58
2025-07-26,Azure,SQL Database,East US,QA,31.88,94.87
2025-07-26,Azure,SQL Database,Central India,DevOps,38.17,125.58
2025-07-26,Azure,Virtual Machines,East US,DevOps,44.51,73.17
2025-07-26,Azure,Virtual Machines,West Europe,QA,56.76,189.16
2025-07-26,Azure,Virtual Machines,Central India,Data Science,38.53,120.87
2025-07-26,Azure,Virtual Machines,Southeast Asia,Marketing,36.76,71.59
2025-07-26,GCP,BigQuery,us-central1,QA,25.2,86.2
2025-07-26,GCP,BigQuery,europe-west1,DevOps,13.51,20.7
2025-07-26,GCP,Cloud CDN,us-central1,Finance,13.69,34.87
2025-07-26,GCP,Cloud Functions,us-central1,DevOps,7.51,17.41
2025-07-26,GCP,Cloud Functions,asia-south1,Finance,4.38,10.12
2025-07-26,GCP,Cloud Storage,us-central1,DevOps,7.58,27.9
2025-07-26,GCP,Cloud Storage,europe-west1,DevOps,5.87,22.99
2025-07-26,GCP,Cloud Storage,asia-south1,DevOps,12.7,24.3
2025-07-26,GCP,Compute Engine,us-central1,Finance,34.58,68.38
2025-07-26,GCP,Compute Engine,europe-west1,Finance,64.96,143.46
2025-07-26,GCP,Compute Engine,asia-south1,Marketing,59.12,131.33
2025-07-27,AWS,CloudFront,eu-west-1,QA,11.14,38.78
2025-07-27,AWS,EBS,us-west-2,Engineering,11.11,21.27
2025-07-27,AWS,EBS,eu-west-1,Engineering,12.79,23.95
2025-07-27,AWS,EBS,ap-south-1,Finance,8.4,30.48
2025-07-27,AWS,EC2,us-east-1,DevOps,39.23,111.81
2025-07-27,AWS,EC2,us-west-2,Marketing,40.51,98.95
2025-07-27,AWS,EC2,eu-west-1,Finance,34.18,83.4
2025-07-27,AWS,Lambda,us-west-2,DevOps,3.6,5.69
2025-07-27,AWS,Lambda,eu-west-1,QA,3.77,9.25
2025-07-27,AWS,Lambda,ap-south-1,Marketing,3.87,6.53
2025-07-27,AWS,RDS,us-east-1,Engineering,27.26,93.86
2025-07-27,AWS,RDS,us-west-2,Finance,34.63,123.3
2025-07-27,AWS,RDS,eu-west-1,QA,33.5,101.5
2025-07-27,AWS,RDS,ap-south-1,Engineering,36.16,54.29
2025-07-27,AWS,S3,us-east-1,DevOps,6.0,13.96
2025-07-27,AWS,S3,us-west-2,Marketing,6.4,18.99
2025-07-27,AWS,S3,eu-west-1,Engineering,6.12,21.66
2025-07-27,AWS,S3,ap-south-1,QA,10.53,26.5
2025-07-27,Azure,Blob Storage,East US,DevOps,12.54,46.89
2025-07-27,Azure,Blob Storage,West Europe,Engineering,9.03,23.53
2025-07-27,Azure,Blob Storage,Southeast Asia,Engineering,13.15,47.5
2025-07-27,Azure,CDN,East US,Data Science,10.94,22.19
2025-07-27,Azure,CDN,Southeast Asia,Engineering,8.7,24.55
2025-07-27,Azure,Functions,Central India,QA,7.19,17.57
2025-07-27,Azure,Functions,Southeast Asia,QA,8.85,21.35
2025-07-27,Azure,SQL Database,East US,QA,69.38,81.43
2025-07-27,Azure,SQL Database,Central India,DevOps,35.98,113.83
2025-07-27,Azure,Virtual Machines,East US,DevOps,55.5,89.0
2025-07-27,Azure,Virtual Machines,West Europe,QA,53.4,167.8
2025-07-27,Azure,Virtual Machines,Central India,Data Science,40.16,135.91
2025-07-27,Azure,Virtual Machines,Southeast Asia,Marketing,32.93,61.83
2025-07-27,GCP,BigQuery,us-central1,QA,26.86,85.37
2025-07-27,GCP,BigQuery,europe-west1,DevOps,12.9,19.57
2025-07-27,GCP,Cloud CDN,us-central1,Finance,14.25,38.61
2025-07-27,GCP,Cloud Functions,us-central1,DevOps,6.48,14.89
2025-07-27,GCP,Cloud Functions,asia-south1,Finance,4.2,9.8
2025-07-27,GCP,Cloud Storage,us-central1,DevOps,7.77,25.91
2025-07-27,GCP,Cloud Storage,europe-west1,DevOps,5.26,21.36
2025-07-27,GCP,Cloud Storage,asia-south1,DevOps,14.47,29.57
2025-07-27,GCP,Compute Engine,us-central1,Finance,36.68,75.28
2025-07-27,GCP,Compute Engine,europe-west1,Finance,55.82,121.25
2025-07-27,GCP,Compute Engine,asia-south1,Marketing,59.73,134.95
2025-07-28,AWS,CloudFront,eu-west-1,QA,10.62,36.42
2025-07-28,AWS,EBS,us-west-2,Engineering,10.08,17.43
2025-07-28,AWS,EBS,eu-west-1,Engineering,11.73,21.12
2025-07-28,AWS,EBS,ap-south-1,Finance,8.58,33.95
2025-07-28,AWS,EC2,us-east-1,DevOps,38.75,113.21
2025-07-28,AWS,EC2,us-west-2,Marketing,39.81,96.56
2025-07-28,AWS,EC2,eu-west-1,Finance,34.84,80.57
2025-07-28,AWS,Lambda,us-west-2,DevOps,3.38,6.15
2025-07-28,AWS,Lambda,eu-west-1,QA,4.48,11.35
2025-07-28,AWS,Lambda,ap-south-1,Marketing,4.8,7.29
2025-07-28,AWS,RDS,us-east-1,Engineering,26.05,75.84
2025-07-28,AWS,RDS,us-west-2,Finance,41.89,171.03
2025-07-28,AWS,RDS,eu-west-1,QA,35.44,112.87
2025-07-28,AWS,RDS,ap-south-1,Engineering,39.96,58.01
2025-07-28,AWS,S3,us-east-1,DevOps,7.6,15.08
2025-07-28,AWS,S3,us-west-2,Marketing,6.42,21.19
2025-07-28,AWS,S3,eu-west-1,Engineering,6.38,25.67
2025-07-28,AWS,S3,ap-south-1,QA,9.79,21.04
2025-07-28,Azure,Blob Storage,East US,DevOps,11.8,38.61
2025-07-28,Azure,Blob Storage,West Europe,Engineering,9.69,26.09
2025-07-28,Azure,Blob Storage,Southeast Asia,Engineering,14.97,48.59
2025-07-28,Azure,CDN,East US,Data Science,10.73,21.67
2025-07-28,Azure,CDN,Southeast Asia,Engineering,7.33,19.31
2025-07-28,Azure,Functions,Central India,QA,7.73,19.89
2025-07-28,Azure,Functions,Southeast Asia,QA,8.09,21.18
2025-07-28,Azure,SQL Database,East US,QA,29.42,101.29
2025-07-28,Azure,SQL Database,Central India,DevOps,39.45,142.35
2025-07-28,Azure,Virtual Machines,East US,DevOps,55.66,83.52
2025-07-28,Azure,Virtual Machines,West Europe,QA,57.5,197.2
2025-07-28,Azure,Virtual Machines,Central India,Data Science,37.53,111.62
2025-07-28,Azure,Virtual Machines,Southeast Asia,Marketing,32.34,59.61
2025-07-28,GCP,BigQuery,us-central1,QA,21.87,62.71
2025-07-28,GCP,BigQuery,europe-west1,DevOps,17.06,25.35
2025-07-28,GCP,Cloud CDN,us-central1,Finance,14.88,41.3
2025-07-28,GCP,Cloud Functions,us-central1,DevOps,7.76,19.88
2025-07-28,GCP,Cloud Functions,asia-south1,Finance,4.6,12.59
2025-07-28,GCP,Cloud Storage,us-central1,DevOps,9.02,33.16
2025-07-28,GCP,Cloud Storage,europe-west1,DevOps,5.53,21.96
2025-07-28,GCP,Cloud Storage,asia-south1,DevOps,13.06,26.19
2025-07-28,GCP,Compute Engine,us-central1,Finance,36.96,75.33
2025-07-28,GCP,Compute Engine,europe-west1,Finance,65.37,123.29
2025-07-28,GCP,Compute Engine,asia-south1,Marketing,57.79,125.18
2025-07-29,AWS,CloudFront,eu-west-1,QA,11.21,40.0
2025-07-29,AWS,EBS,us-west-2,Engineering,9.92,17.3
2025-07-29,AWS,EBS,eu-west-1,Engineering,11.13,21.1
2025-07-29,AWS,EBS,ap-south-1,Finance,9.02,33.08
2025-07-29,AWS,EC2,us-east-1,DevOps,38.06,119.27
2025-07-29,AWS,EC2,us-west-2,Marketing,33.47,91.58
2025-07-29,AWS,EC2,eu-west-1,Finance,41.42,99.46
2025-07-29,AWS,Lambda,us-west-2,DevOps,4.1,6.56
2025-07-29,AWS,Lambda,eu-west-1,QA,4.04,9.93
2025-07-29,AWS,Lambda,ap-south-1,Marketing,4.93,7.93
2025-07-29,AWS,RDS,us-east-1,Engineering,27.93,86.44
2025-07-29,AWS,RDS,us-west-2,Finance,29.87,103.97
2025-07-29,AWS,RDS,eu-west-1,QA,33.27,104.05
2025-07-29,AWS,RDS,ap-south-1,Engineering,43.2,61.97
2025-07-29,AWS,S3,us-east-1,DevOps,6.58,13.97
2025-07-29,AWS,S3,us-west-2,Marketing,7.14,21.82
2025-07-29,AWS,S3,eu-west-1,Engineering,6.33,24.89
2025-07-29,AWS,S3,ap-south-1,QA,36.0,29.6
2025-07-29,Azure,Blob Storage,East US,DevOps,9.5,31.52
2025-07-29,Azure,Blob Storage,West Europe,Engineering,8.98,21.42
2025-07-29,Azure,Blob Storage,Southeast Asia,Engineering,13.53,44.32
2025-07-29,Azure,CDN,East US,Data Science,10.82,25.37
2025-07-29,Azure,CDN,Southeast Asia,Engineering,7.2,19.42
2025-07-29,Azure,Functions,Central India,QA,6.91,16.58
2025-07-29,Azure,Functions,Southeast Asia,QA,7.85,18.8
2025-07-29,Azure,SQL Database,East US,QA,25.37,87.64
2025-07-29,Azure,SQL Database,Central India,DevOps,46.21,168.61
2025-07-29,Azure,Virtual Machines,East US,DevOps,49.09,74.25
2025-07-29,Azure,Virtual Machines,West Europe,QA,59.1,207.95
2025-07-29,Azure,Virtual Machines,Central India,Data Science,38.54,123.37
2025-07-29,Azure,Virtual Machines,Southeast Asia,Marketing,33.93,69.9
2025-07-29,GCP,BigQuery,us-central1,QA,19.64,64.08
2025-07-29,GCP,BigQuery,europe-west1,DevOps,13.86,21.75
2025-07-29,GCP,Cloud CDN,us-central1,Finance,13.85,38.34
2025-07-29,GCP,Cloud Functions,us-central1,DevOps,7.49,17.76
2025-07-29,GCP,Cloud Functions,asia-south1,Finance,4.71,11.52
2025-07-29,GCP,Cloud Storage,us-central1,DevOps,9.32,34.43
2025-07-29,GCP,Cloud Storage,europe-west1,DevOps,5.53,21.43
2025-07-29,GCP,Cloud Storage,asia-south1,DevOps,12.84,26.41
2025-07-29,GCP,Compute Engine,us-central1,Finance,33.63,64.72
2025-07-29,GCP,Compute Engine,europe-west1,Finance,59.03,109.33
2025-07-29,GCP,Compute Engine,asia-south1,Marketing,53.07,118.47
2025-07-30,AWS,CloudFront,eu-west-1,QA,12.53,43.27
2025-07-30,AWS,EBS,us-west-2,Engineering,11.62,21.67
2025-07-30,AWS,EBS,eu-west-1,Engineering,12.36,23.97
2025-07-30,AWS,EBS,ap-south-1,Finance,9.29,37.88
2025-07-30,AWS,EC2,us-east-1,DevOps,33.15,89.08
2025-07-30,AWS,EC2,us-west-2,Marketing,35.78,99.63
2025-07-30,AWS,EC2,eu-west-1,Finance,33.47,79.39
2025-07-30,AWS,Lambda,us-west-2,DevOps,3.88,6.24
2025-07-30,AWS,Lambda,eu-west-1,QA,4.45,12.35
2025-07-30,AWS,Lambda,ap-south-1,Marketing,4.32,6.65
2025-07-30,AWS,RDS,us-east-1,Engineering,25.84,79.89
2025-07-30,AWS,RDS,us-west-2,Finance,36.57,144.4
2025-07-30,AWS,RDS,eu-west-1,QA,28.23,92.16
2025-07-30,AWS,RDS,ap-south-1,Engineering,40.34,64.0
2025-07-30,AWS,S3,us-east-1,DevOps,6.67,14.52
2025-07-30,AWS,S3,us-west-2,Marketing,6.43,22.71
2025-07-30,AWS,S3,eu-west-1,Engineering,6.07,23.27
2025-07-30,AWS,S3,ap-south-1,QA,11.09,27.12
2025-07-30,Azure,Blob Storage,East US,DevOps,12.29,45.25
2025-07-30,Azure,Blob Storage,West Europe,Engineering,8.29,19.59
2025-07-30,Azure,Blob Storage,Southeast Asia,Engineering,14.36,52.57
2025-07-30,Azure,CDN,East US,Data Science,9.79,20.19
2025-07-30,Azure,CDN,Southeast Asia,Engineering,8.75,23.24
2025-07-30,Azure,Functions,Central India,QA,6.89,15.78
2025-07-30,Azure,Functions,Southeast Asia,QA,8.96,22.57
2025-07-30,Azure,SQL Database,East US,QA,27.36,93.7
2025-07-30,Azure,SQL Database,Central India,DevOps,40.47,144.98
2025-07-30,Azure,Virtual Machines,East US,DevOps,47.41,72.88
2025-07-30,Azure,Virtual Machines,West Europe,QA,52.44,167.89
2025-07-30,Azure,Virtual Machines,Central India,Data Science,39.85,124.71
2025-07-30,Azure,Virtual Machines,Southeast Asia,Marketing,42.06,73.28
2025-07-30,GCP,BigQuery,us-central1,QA,22.36,70.63
2025-07-30,GCP,BigQuery,europe-west1,DevOps,13.83,19.59
2025-07-30,GCP,Cloud CDN,us-central1,Finance,18.48,49.65
2025-07-30,GCP,Cloud Functions,us-central1,DevOps,7.85,17.95
2025-07-30,GCP,Cloud Functions,asia-south1,Finance,4.33,10.66
2025-07-30,GCP,Cloud Storage,us-central1,DevOps,8.6,32.95
2025-07-30,GCP,Cloud Storage,europe-west1,DevOps,5.61,21.21
2025-07-30,GCP,Cloud Storage,asia-south1,DevOps,13.13,25.71
2025-07-30,GCP,Compute Engine,us-central1,Finance,37.8,79.07
2025-07-30,GCP,Compute Engine,europe-west1,Finance,60.63,124.08
2025-07-30,GCP,Compute Engine,asia-south1,Marketing,61.91,158.21
2025-07-31,AWS,CloudFront,eu-west-1,QA,12.59,47.81
2025-07-31,AWS,EBS,us-west-2,Engineering,11.09,22.23
2025-07-31,AWS,EBS,eu-west-1,Engineering,12.54,25.45
2025-07-31,AWS,EBS,ap-south-1,Finance,8.85,31.84
2025-07-31,AWS,EC2,us-east-1,DevOps,39.83,123.78
2025-07-31,AWS,EC2,us-west-2,Marketing,41.92,103.45
2025-07-31,AWS,EC2,eu-west-1,Finance,36.23,92.12
2025-07-31,AWS,Lambda,us-west-2,DevOps,4.17,6.88
2025-07-31,AWS,Lambda,eu-west-1,QA,4.44,10.74
2025-07-31,AWS,Lambda,ap-south-1,Marketing,5.16,7.97
2025-07-31,AWS,RDS,us-east-1,Engineering,23.14,71.41
2025-07-31,AWS,RDS,us-west-2,Finance,37.89,155.17
2025-07-31,AWS,RDS,eu-west-1,QA,31.87,98.32
2025-07-31,AWS,RDS,ap-south-1,Engineering,62.62,54.83
2025-07-31,AWS,S3,us-east-1,DevOps,6.24,13.53
2025-07-31,AWS,S3,us-west-2,Marketing,7.44,26.31
2025-07-31,AWS,S3,eu-west-1,Engineering,5.95,23.43
2025-07-31,AWS,S3,ap-south-1,QA,9.72,21.67
2025-07-31,Azure,Blob Storage,East US,DevOps,12.12,47.54
2025-07-31,Azure,Blob Storage,West Europe,Engineering,9.7,22.05
2025-07-31,Azure,Blob Storage,Southeast Asia,Engineering,15.15,58.51
2025-07-31,Azure,CDN,East US,Data Science,10.8,24.32
2025-07-31,Azure,CDN,Southeast Asia,Engineering,7.65,21.84
2025-07-31,Azure,Functions,Central India,QA,7.04,15.71
2025-07-31,Azure,Functions,Southeast Asia,QA,8.8,20.54
2025-07-31,Azure,SQL Database,East US,QA,30.74,105.51
2025-07-31,Azure,SQL Database,Central India,DevOps,42.35,143.03
2025-07-31,Azure,Virtual Machines,East US,DevOps,48.64,76.05
2025-07-31,Azure,Virtual Machines,West Europe,QA,49.46,169.06
2025-07-31,Azure,Virtual Machines,Central India,Data Science,40.24,136.4
2025-07-31,Azure,Virtual Machines,Southeast Asia,Marketing,43.19,82.45
2025-07-31,GCP,BigQuery,us-central1,QA,25.03,79.62
2025-07-31,GCP,BigQuery,europe-west1,DevOps,14.84,21.37
2025-07-31,GCP,Cloud CDN,us-central1,Finance,16.2,44.89
2025-07-31,GCP,Cloud Functions,us-central1,DevOps,8.0,21.42
2025-07-31,GCP,Cloud Functions,asia-south1,Finance,4.15,9.84
2025-07-31,GCP,Cloud Storage,us-central1,DevOps,9.15,30.15
2025-07-31,GCP,Cloud Storage,europe-west1,DevOps,5.82,20.87
2025-07-31,GCP,Cloud Storage,asia-south1,DevOps,13.48,24.68
2025-07-31,GCP,Compute Engine,us-central1,Finance,33.84,66.1
2025-07-31,GCP,Compute Engine,europe-west1,Finance,68.21,132.62
2025-07-31,GCP,Compute Engine,asia-south1,Marketing,63.85,162.24
2025-08-01,AWS,CloudFront,eu-west-1,QA,11.04,38.86
2025-08-01,AWS,EBS,us-west-2,Engineering,10.55,21.8
2025-08-01,AWS,EBS,eu-west-1,Engineering,11.81,24.76
2025-08-01,AWS,EBS,ap-south-1,Finance,9.4,32.35
2025-08-01,AWS,EC2,us-east-1,DevOps,44.3,118.21
2025-08-01,AWS,EC2,us-west-2,Marketing,40.47,106.07
2025-08-01,AWS,EC2,eu-west-1,Finance,36.14,94.91
2025-08-01,AWS,Lambda,us-west-2,DevOps,3.69,5.75
2025-08-01,AWS,Lambda,eu-west-1,QA,4.21,11.52
2025-08-01,AWS,Lambda,ap-south-1,Marketing,4.06,6.7
2025-08-01,AWS,RDS,us-east-1,Engineering,22.68,73.53
2025-08-01,AWS,RDS,us-west-2,Finance,37.15,125.4
2025-08-01,AWS,RDS,eu-west-1,QA,34.81,104.43
2025-08-01,AWS,RDS,ap-south-1,Engineering,40.97,62.56
2025-08-01,AWS,S3,us-east-1,DevOps,5.85,12.23
2025-08-01,AWS,S3,us-west-2,Marketing,7.35,23.8
2025-08-01,AWS,S3,eu-west-1,Engineering,5.48,20.4
2025-08-01,AWS,S3,ap-south-1,QA,10.8,27.64
2025-08-01,Azure,Blob Storage,East US,DevOps,12.43,45.93
2025-08-01,Azure,Blob Storage,West Europe,Engineering,8.57,21.21
2025-08-01,Azure,Blob Storage,Southeast Asia,Engineering,16.02,57.43
2025-08-01,Azure,CDN,East US,Data Science,10.98,24.11
2025-08-01,Azure,CDN,Southeast Asia,Engineering,8.94,25.52
2025-08-01,Azure,Functions,Central India,QA,7.62,19.14
2025-08-01,Azure,Functions,Southeast Asia,QA,8.24,20.58
2025-08-01,Azure,SQL Database,East US,QA,26.5,79.34
2025-08-01,Azure,SQL Database,Central India,DevOps,40.26,140.07
2025-08-01,Azure,Virtual Machines,East US,DevOps,50.36,84.58
2025-08-01,Azure,Virtual Machines,West Europe,QA,54.24,167.42
2025-08-01,Azure,Virtual Machines,Central India,Data Science,36.55,112.46
2025-08-01,Azure,Virtual Machines,Southeast Asia,Marketing,37.29,75.29
2025-08-01,GCP,BigQuery,us-central1,QA,27.21,93.76
2025-08-01,GCP,BigQuery,europe-west1,DevOps,11.58,17.25
2025-08-01,GCP,Cloud CDN,us-central1,Finance,13.54,34.24
2025-08-01,GCP,Cloud Functions,us-central1,DevOps,8.47,22.84
2025-08-01,GCP,Cloud Functions,asia-south1,Finance,4.31,10.39
2025-08-01,GCP,Cloud Storage,us-central1,DevOps,8.24,29.65
2025-08-01,GCP,Cloud Storage,europe-west1,DevOps,5.42,20.26
2025-08-01,GCP,Cloud Storage,asia-south1,DevOps,11.66,21.07
2025-08-01,GCP,Compute Engine,us-central1,Finance,37.97,76.02
2025-08-01,GCP,Compute Engine,europe-west1,Finance,67.22,130.67
2025-08-01,GCP,Compute Engine,asia-south1,Marketing,60.25,136.8
2025-08-02,AWS,CloudFront,eu-west-1,QA,11.76,42.7
2025-08-02,AWS,EBS,us-west-2,Engineering,11.29,19.53
2025-08-02,AWS,EBS,eu-west-1,Engineering,11.27,21.63
2025-08-02,AWS,EBS,ap-south-1,Finance,8.44,30.68
2025-08-02,AWS,EC2,us-east-1,DevOps,39.68,124.16
2025-08-02,AWS,EC2,us-west-2,Marketing,40.98,114.6
2025-08-02,AWS,EC2,eu-west-1,Finance,34.96,84.65
2025-08-02,AWS,Lambda,us-west-2,DevOps,3.74,6.29
2025-08-02,AWS,Lambda,eu-west-1,QA,4.24,10.52
2025-08-02,AWS,Lambda,ap-south-1,Marketing,3.91,5.99
2025-08-02,AWS,RDS,us-east-1,Engineering,28.45,89.1
2025-08-02,AWS,RDS,us-west-2,Finance,34.15,132.6
2025-08-02,AWS,RDS,eu-west-1,QA,35.54,112.01
2025-08-02,AWS,RDS,ap-south-1,Engineering,41.16,66.04
2025-08-02,AWS,S3,us-east-1,DevOps,7.47,15.4
2025-08-02,AWS,S3,us-west-2,Marketing,6.73,21.93
2025-08-02,AWS,S3,eu-west-1,Engineering,6.32,22.21
2025-08-02,AWS,S3,ap-south-1,QA,9.67,24.46
2025-08-02,Azure,Blob Storage,East US,DevOps,12.05,41.36
2025-08-02,Azure,Blob Storage,West Europe,Engineering,8.92,24.27
2025-08-02,Azure,Blob Storage,Southeast Asia,Engineering,14.94,50.04
2025-08-02,Azure,CDN,East US,Data Science,9.6,21.19
2025-08-02,Azure,CDN,Southeast Asia,Engineering,9.13,24.26
2025-08-02,Azure,Functions,Central India,QA,6.5,15.57
2025-08-02,Azure,Functions,Southeast Asia,QA,8.1,20.91
2025-08-02,Azure,SQL Database,East US,QA,26.17,86.49
2025-08-02,Azure,SQL Database,Central India,DevOps,33.88,127.84
2025-08-02,Azure,Virtual Machines,East US,DevOps,50.77,72.38
2025-08-02,Azure,Virtual Machines,West Europe,QA,61.39,197.45
2025-08-02,Azure,Virtual Machines,Central India,Data Science,37.25,124.78
2025-08-02,Azure,Virtual Machines,Southeast Asia,Marketing,37.14,72.22
2025-08-02,GCP,BigQuery,us-central1,QA,25.8,75.29
2025-08-02,GCP,BigQuery,europe-west1,DevOps,14.29,22.35
2025-08-02,GCP,Cloud CDN,us-central1,Finance,16.35,46.42
2025-08-02,GCP,Cloud Functions,us-central1,DevOps,7.13,16.33
2025-08-02,GCP,Cloud Functions,asia-south1,Finance,5.03,12.19
2025-08-02,GCP,Cloud Storage,us-central1,DevOps,8.41,33.06
2025-08-02,GCP,Cloud Storage,europe-west1,DevOps,5.21,18.81
2025-08-02,GCP,Cloud Storage,asia-south1,DevOps,13.01,25.37
2025-08-02,GCP,Compute Engine,us-central1,Finance,41.64,93.36
2025-08-02,GCP,Compute Engine,europe-west1,Finance,68.96,128.56
2025-08-02,GCP,Compute Engine,asia-south1,Marketing,55.88,144.8
2025-08-03,AWS,CloudFront,eu-west-1,QA,11.21,42.27
2025-08-03,AWS,EBS,us-west-2,Engineering,11.09,20.61
2025-08-03,AWS,EBS,eu-west-1,Engineering,12.46,24.54
2025-08-03,AWS,EBS,ap-south-1,Finance,7.97,28.5
2025-08-03,AWS,EC2,us-east-1,DevOps,42.91,114.41
2025-08-03,AWS,EC2,us-west-2,Marketing,40.78,111.73
2025-08-03,AWS,EC2,eu-west-1,Finance,37.39,104.47
2025-08-03,AWS,Lambda,us-west-2,DevOps,3.25,5.65
2025-08-03,AWS,Lambda,eu-west-1,QA,4.22,12.28
2025-08-03,AWS,Lambda,ap-south-1,Marketing,4.0,6.55
2025-08-03,AWS,RDS,us-east-1,Engineering,21.19,66.73
2025-08-03,AWS,RDS,us-west-2,Finance,33.97,120.57
2025-08-03,AWS,RDS,eu-west-1,QA,35.71,114.63
2025-08-03,AWS,RDS,ap-south-1,Engineering,43.24,62.45
2025-08-03,AWS,S3,us-east-1,DevOps,7.54,14.89
2025-08-03,AWS,S3,us-west-2,Marketing,7.13,22.57
2025-08-03,AWS,S3,eu-west-1,Engineering,6.3,24.67
2025-08-03,AWS,S3,ap-south-1,QA,12.14,28.59
2025-08-03,Azure,Blob Storage,East US,DevOps,10.62,37.08
2025-08-03,Azure,Blob Storage,West Europe,Engineering,9.33,25.41
2025-08-03,Azure,Blob Storage,Southeast Asia,Engineering,14.0,46.42
2025-08-03,Azure,CDN,East US,Data Science,8.87,18.22
2025-08-03,Azure,CDN,Southeast Asia,Engineering,8.18,22.05
2025-08-03,Azure,Functions,Central India,QA,7.82,17.6
2025-08-03,Azure,Functions,Southeast Asia,QA,9.58,22.07
2025-08-03,Azure,SQL Database,East US,QA,35.2,122.09
2025-08-03,Azure,SQL Database,Central India,DevOps,39.46,143.27
2025-08-03,Azure,Virtual Machines,East US,DevOps,47.73,81.37
2025-08-03,Azure,Virtual Machines,West Europe,QA,59.48,213.72
2025-08-03,Azure,Virtual Machines,Central India,Data Science,34.91,110.58
2025-08-03,Azure,Virtual Machines,Southeast Asia,Marketing,35.75,72.11
2025-08-03,GCP,BigQuery,us-central1,QA,25.78,83.39
2025-08-03,GCP,BigQuery,europe-west1,DevOps,15.15,20.9
2025-08-03,GCP,Cloud CDN,us-central1,Finance,16.78,46.18
2025-08-03,GCP,Cloud Functions,us-central1,DevOps,6.93,16.19
2025-08-03,GCP,Cloud Functions,asia-south1,Finance,4.12,10.34
2025-08-03,GCP,Cloud Storage,us-central1,DevOps,9.32,37.09
2025-08-03,GCP,Cloud Storage,europe-west1,DevOps,4.72,19.32
2025-08-03,GCP,Cloud Storage,asia-south1,DevOps,12.79,23.56
2025-08-03,GCP,Compute Engine,us-central1,Finance,35.74,75.71
2025-08-03,GCP,Compute Engine,europe-west1,Finance,63.41,140.53
2025-08-03,GCP,Compute Engine,asia-south1,Marketing,69.89,158.08
2025-08-04,AWS,CloudFront,eu-west-1,QA,10.09,32.76
2025-08-04,AWS,EBS,us-west-2,Engineering,11.45,20.65
2025-08-04,AWS,EBS,eu-west-1,Engineering,13.27,27.76
2025-08-04,AWS,EBS,ap-south-1,Finance,8.63,32.96
2025-08-04,AWS,EC2,us-east-1,DevOps,37.39,98.94
2025-08-04,AWS,EC2,us-west-2,Marketing,42.9,113.26
2025-08-04,AWS,EC2,eu-west-1,Finance,37.68,87.24
2025-08-04,AWS,Lambda,us-west-2,DevOps,3.58,6.35
2025-08-04,AWS,Lambda,eu-west-1,QA,3.43,9.97
2025-08-04,AWS,Lambda,ap-south-1,Marketing,4.45,6.33
2025-08-04,AWS,RDS,us-east-1,Engineering,25.45,78.78
2025-08-04,AWS,RDS,us-west-2,Finance,36.09,122.36
2025-08-04,AWS,RDS,eu-west-1,QA,36.52,107.53
2025-08-04,AWS,RDS,ap-south-1,Engineering,43.33,67.02
2025-08-04,AWS,S3,us-east-1,DevOps,6.76,14.1
2025-08-04,AWS,S3,us-west-2,Marketing,7.07,24.29
2025-08-04,AWS,S3,eu-west-1,Engineering,5.39,20.52
2025-08-04,AWS,S3,ap-south-1,QA,10.86,25.26
2025-08-04,Azure,Blob Storage,East US,DevOps,9.45,35.1
2025-08-04,Azure,Blob Storage,West Europe,Engineering,9.92,23.14
2025-08-04,Azure,Blob Storage,Southeast Asia,Engineering,14.43,55.95
2025-08-04,Azure,CDN,East US,Data Science,11.29,25.39
2025-08-04,Azure,CDN,Southeast Asia,Engineering,8.83,23.5
2025-08-04,Azure,Functions,Central India,QA,7.25,18.26
2025-08-04,Azure,Functions,Southeast Asia,QA,9.5,25.44
2025-08-04,Azure,SQL Database,East US,QA,26.39,79.61
2025-08-04,Azure,SQL Database,Central India,DevOps,36.98,128.49
2025-08-04,Azure,Virtual Machines,East US,DevOps,41.4,64.24
2025-08-04,Azure,Virtual Machines,West Europe,QA,54.18,194.77
2025-08-04,Azure,Virtual Machines,Central India,Data Science,36.41,118.64
2025-08-04,Azure,Virtual Machines,Southeast Asia,Marketing,34.04,61.7
2025-08-04,GCP,BigQuery,us-central1,QA,21.82,67.87
2025-08-04,GCP,BigQuery,europe-west1,DevOps,15.14,21.04
2025-08-04,GCP,Cloud CDN,us-central1,Finance,13.36,38.88
2025-08-04,GCP,Cloud Functions,us-central1,DevOps,7.39,18.59
2025-08-04,GCP,Cloud Functions,asia-south1,Finance,4.12,10.78
2025-08-04,GCP,Cloud Storage,us-central1,DevOps,9.02,30.66
2025-08-04,GCP,Cloud Storage,europe-west1,DevOps,5.6,22.81
2025-08-04,GCP,Cloud Storage,asia-south1,DevOps,10.38,22.28
2025-08-04,GCP,Compute Engine,us-central1,Finance,37.43,77.35
2025-08-04,GCP,Compute Engine,europe-west1,Finance,68.16,147.65
2025-08-04,GCP,Compute Engine,asia-south1,Marketing,58.54,144.11
2025-08-05,AWS,CloudFront,eu-west-1,QA,11.07,36.61
2025-08-05,AWS,EBS,us-west-2,Engineering,9.7,19.68
2025-08-05,AWS,EBS,eu-west-1,Engineering,11.28,21.1
2025-08-05,AWS,EBS,ap-south-1,Finance,8.84,31.71
2025-08-05,AWS,EC2,us-east-1,DevOps,36.74,111.84
2025-08-05,AWS,EC2,us-west-2,Marketing,38.17,101.73
2025-08-05,AWS,EC2,eu-west-1,Finance,33.4,90.47
2025-08-05,AWS,Lambda,us-west-2,DevOps,3.82,6.7
2025-08-05,AWS,Lambda,eu-west-1,QA,4.14,10.46
2025-08-05,AWS,Lambda,ap-south-1,Marketing,3.75,5.7
2025-08-05,AWS,RDS,us-east-1,Engineering,32.09,110.61
2025-08-05,AWS,RDS,us-west-2,Finance,37.22,136.27
2025-08-05,AWS,RDS,eu-west-1,QA,33.94,108.85
2025-08-05,AWS,RDS,ap-south-1,Engineering,45.81,71.75
2025-08-05,AWS,S3,us-east-1,DevOps,6.49,12.91
2025-08-05,AWS,S3,us-west-2,Marketing,6.62,21.17
2025-08-05,AWS,S3,eu-west-1,Engineering,6.12,23.82
2025-08-05,AWS,S3,ap-south-1,QA,9.88,22.16
2025-08-05,Azure,Blob Storage,East US,DevOps,12.17,44.94
2025-08-05,Azure,Blob Storage,West Europe,Engineering,9.09,21.57
2025-08-05,Azure,Blob Storage,Southeast Asia,Engineering,15.23,56.89
2025-08-05,Azure,CDN,East US,Data Science,9.64,19.17
2025-08-05,Azure,CDN,Southeast Asia,Engineering,9.52,23.81
2025-08-05,Azure,Functions,Central India,QA,7.05,16.14
2025-08-05,Azure,Functions,Southeast Asia,QA,8.55,23.42
2025-08-05,Azure,SQL Database,East US,QA,33.59,99.52
2025-08-05,Azure,SQL Database,Central India,DevOps,36.61,129.44
2025-08-05,Azure,Virtual Machines,East US,DevOps,46.98,70.19
2025-08-05,Azure,Virtual Machines,West Europe,QA,53.17,179.27
2025-08-05,Azure,Virtual Machines,Central India,Data Science,36.09,121.62
2025-08-05,Azure,Virtual Machines,Southeast Asia,Marketing,40.91,73.17
2025-08-05,GCP,BigQuery,us-central1,QA,21.92,65.6
2025-08-05,GCP,BigQuery,europe-west1,DevOps,14.35,22.82
2025-08-05,GCP,Cloud CDN,us-central1,Finance,13.47,38.51
2025-08-05,GCP,Cloud Functions,us-central1,DevOps,7.31,16.8
2025-08-05,GCP,Cloud Functions,asia-south1,Finance,5.16,12.8
2025-08-05,GCP,Cloud Storage,us-central1,DevOps,8.84,34.4
2025-08-05,GCP,Cloud Storage,europe-west1,DevOps,10.85,19.28
2025-08-05,GCP,Cloud Storage,asia-south1,DevOps,12.84,23.62
2025-08-05,GCP,Compute Engine,us-central1,Finance,37.09,73.7
2025-08-05,GCP,Compute Engine,europe-west1,Finance,60.84,114.08
2025-08-05,GCP,Compute Engine,asia-south1,Marketing,58.57,142.03
2025-08-06,AWS,CloudFront,eu-west-1,QA,10.64,34.27
2025-08-06,AWS,EBS,us-west-2,Engineering,10.64,21.73
2025-08-06,AWS,EBS,eu-west-1,Engineering,14.11,26.35
2025-08-06,AWS,EBS,ap-south-1,Finance,7.88,31.64
2025-08-06,AWS,EC2,us-east-1,DevOps,38.68,124.54
2025-08-06,AWS,EC2,us-west-2,Marketing,39.48,103.52
2025-08-06,AWS,EC2,eu-west-1,Finance,36.47,96.04
2025-08-06,AWS,Lambda,us-west-2,DevOps,3.9,6.09
2025-08-06,AWS,Lambda,eu-west-1,QA,3.75,10.24
2025-08-06,AWS,Lambda,ap-south-1,Marketing,4.27,6.49
2025-08-06,AWS,RDS,us-east-1,Engineering,26.92,91.71
2025-08-06,AWS,RDS,us-west-2,Finance,36.73,149.1
2025-08-06,AWS,RDS,eu-west-1,QA,34.41,105.16
2025-08-06,AWS,RDS,ap-south-1,Engineering,41.79,65.29
2025-08-06,AWS,S3,us-east-1,DevOps,6.67,14.9
2025-08-06,AWS,S3,us-west-2,Marketing,7.23,22.7
2025-08-06,AWS,S3,eu-west-1,Engineering,6.27,22.99
2025-08-06,AWS,S3,ap-south-1,QA,11.35,28.11
2025-08-06,Azure,Blob Storage,East US,DevOps,11.85,46.84
2025-08-06,Azure,Blob Storage,West Europe,Engineering,10.69,26.44
2025-08-06,Azure,Blob Storage,Southeast Asia,Engineering,14.68,57.62
2025-08-06,Azure,CDN,East US,Data Science,9.44,22.69
2025-08-06,Azure,CDN,Southeast Asia,Engineering,7.88,19.23
2025-08-06,Azure,Functions,Central India,QA,7.73,18.85
2025-08-06,Azure,Functions,Southeast Asia,QA,8.46,19.99
2025-08-06,Azure,SQL Database,East US,QA,29.34,102.38
2025-08-06,Azure,SQL Database,Central India,DevOps,38.57,145.33
2025-08-06,Azure,Virtual Machines,East US,DevOps,43.14,68.24
2025-08-06,Azure,Virtual Machines,West Europe,QA,53.68,185.49
2025-08-06,Azure,Virtual Machines,Central India,Data Science,36.84,126.68
2025-08-06,Azure,Virtual Machines,Southeast Asia,Marketing,42.47,85.19
2025-08-06,GCP,BigQuery,us-central1,QA,21.03,68.49
2025-08-06,GCP,BigQuery,europe-west1,DevOps,12.64,18.12
2025-08-06,GCP,Cloud CDN,us-central1,Finance,15.07,38.28
2025-08-06,GCP,Cloud Functions,us-central1,DevOps,7.28,16.75
2025-08-06,GCP,Cloud Functions,asia-south1,Finance,4.45,11.25
2025-08-06,GCP,Cloud Storage,us-central1,DevOps,8.64,29.08
2025-08-06,GCP,Cloud Storage,europe-west1,DevOps,5.26,21.11
2025-08-06,GCP,Cloud Storage,asia-south1,DevOps,11.63,23.07
2025-08-06,GCP,Compute Engine,us-central1,Finance,33.63,76.52
2025-08-06,GCP,Compute Engine,europe-west1,Finance,62.71,137.03
2025-08-06,GCP,Compute Engine,asia-south1,Marketing,45.88,98.73
2025-08-07,AWS,CloudFront,eu-west-1,QA,11.07,35.89
2025-08-07,AWS,EBS,us-west-2,Engineering,11.7,21.03
2025-08-07,AWS,EBS,eu-west-1,Engineering,11.99,24.15
2025-08-07,AWS,EBS,ap-south-1,Finance,7.82,28.26
2025-08-07,AWS,EC2,us-east-1,DevOps,37.9,119.81
2025-08-07,AWS,EC2,us-west-2,Marketing,36.01,90.45
2025-08-07,AWS,EC2,eu-west-1,Finance,33.16,83.03
2025-08-07,AWS,Lambda,us-west-2,DevOps,4.35,7.24
2025-08-07,AWS,Lambda,eu-west-1,QA,4.19,10.13
2025-08-07,AWS,Lambda,ap-south-1,Marketing,5.42,8.97
2025-08-07,AWS,RDS,us-east-1,Engineering,25.6,77.25
2025-08-07,AWS,RDS,us-west-2,Finance,38.09,128.35
2025-08-07,AWS,RDS,eu-west-1,QA,31.05,96.33
2025-08-07,AWS,RDS,ap-south-1,Engineering,35.88,53.77
2025-08-07,AWS,S3,us-east-1,DevOps,6.71,13.47
2025-08-07,AWS,S3,us-west-2,Marketing,7.33,23.81
2025-08-07,AWS,S3,eu-west-1,Engineering,6.4,26.23
2025-08-07,AWS,S3,ap-south-1,QA,10.54,23.13
2025-08-07,Azure,Blob Storage,East US,DevOps,9.42,34.34
2025-08-07,Azure,Blob Storage,West Europe,Engineering,8.82,23.47
2025-08-07,Azure,Blob Storage,Southeast Asia,Engineering,13.49,44.4
2025-08-07,Azure,CDN,East US,Data Science,10.24,20.28
2025-08-07,Azure,CDN,Southeast Asia,Engineering,9.15,23.32
2025-08-07,Azure,Functions,Central India,QA,6.4,14.97
2025-08-07,Azure,Functions,Southeast Asia,QA,7.58,20.08
2025-08-07,Azure,SQL Database,East US,QA,28.58,97.83
2025-08-07,Azure,SQL Database,Central India,DevOps,41.38,140.57
2025-08-07,Azure,Virtual Machines,East US,DevOps,52.48,85.51
2025-08-07,Azure,Virtual Machines,West Europe,QA,50.54,179.73
2025-08-07,Azure,Virtual Machines,Central India,Data Science,37.24,121.85
2025-08-07,Azure,Virtual Machines,Southeast Asia,Marketing,34.39,63.09
2025-08-07,GCP,BigQuery,us-central1,QA,22.33,72.39
2025-08-07,GCP,BigQuery,europe-west1,DevOps,14.78,24.31
2025-08-07,GCP,Cloud CDN,us-central1,Finance,16.25,43.39
2025-08-07,GCP,Cloud Functions,us-central1,DevOps,8.72,20.85
2025-08-07,GCP,Cloud Functions,asia-south1,Finance,4.08,9.75
2025-08-07,GCP,Cloud Storage,us-central1,DevOps,7.96,30.79
2025-08-07,GCP,Cloud Storage,europe-west1,DevOps,5.62,22.05
2025-08-07,GCP,Cloud Storage,asia-south1,DevOps,12.79,22.54
2025-08-07,GCP,Compute Engine,us-central1,Finance,34.31,78.61
2025-08-07,GCP,Compute Engine,europe-west1,Finance,62.58,131.82
2025-08-07,GCP,Compute Engine,asia-south1,Marketing,54.11,123.51
2025-08-08,AWS,CloudFront,eu-west-1,QA,10.4,36.44
2025-08-08,AWS,EBS,us-west-2,Engineering,12.22,24.31
2025-08-08,AWS,EBS,eu-west-1,Engineering,11.96,23.36
2025-08-08,AWS,EBS,ap-south-1,Finance,9.1,36.14
2025-08-08,AWS,EC2,us-east-1,DevOps,37.53,111.58
2025-08-08,AWS,EC2,us-west-2,Marketing,35.36,93.78
2025-08-08,AWS,EC2,eu-west-1,Finance,38.74,90.57
2025-08-08,AWS,Lambda,us-west-2,DevOps,3.24,4.95
2025-08-08,AWS,Lambda,eu-west-1,QA,3.77,10.93
2025-08-08,AWS,Lambda,ap-south-1,Marketing,3.87,5.88
2025-08-08,AWS,RDS,us-east-1,Engineering,22.6,65.41
2025-08-08,AWS,RDS,us-west-2,Finance,32.43,123.21
2025-08-08,AWS,RDS,eu-west-1,QA,28.0,84.86
2025-08-08,AWS,RDS,ap-south-1,Engineering,44.37,65.17
2025-08-08,AWS,S3,us-east-1,DevOps,6.26,12.17
2025-08-08,AWS,S3,us-west-2,Marketing,6.28,19.01
2025-08-08,AWS,S3,eu-west-1,Engineering,5.97,23.0
2025-08-08,AWS,S3,ap-south-1,QA,9.71,23.82
2025-08-08,Azure,Blob Storage,East US,DevOps,10.36,36.45
2025-08-08,Azure,Blob Storage,West Europe,Engineering,9.12,23.5
2025-08-08,Azure,Blob Storage,Southeast Asia,Engineering,14.68,56.96
2025-08-08,Azure,CDN,East US,Data Science,9.88,19.68
2025-08-08,Azure,CDN,Southeast Asia,Engineering,8.05,21.7
2025-08-08,Azure,Functions,Central India,QA,7.39,19.53
2025-08-08,Azure,Functions,Southeast Asia,QA,8.41,20.39
2025-08-08,Azure,SQL Database,East US,QA,31.29,100.94
2025-08-08,Azure,SQL Database,Central India,DevOps,38.55,123.15
2025-08-08,Azure,Virtual Machines,East US,DevOps,51.11,73.36
2025-08-08,Azure,Virtual Machines,West Europe,QA,60.17,218.17
2025-08-08,Azure,Virtual Machines,Central India,Data Science,40.1,120.78
2025-08-08,Azure,Virtual Machines,Southeast Asia,Marketing,36.91,72.07
2025-08-08,GCP,BigQuery,us-central1,QA,25.4,85.32
2025-08-08,GCP,BigQuery,europe-west1,DevOps,12.6,20.72
2025-08-08,GCP,Cloud CDN,us-central1,Finance,15.43,44.49
2025-08-08,GCP,Cloud Functions,us-central1,DevOps,7.94,21.39
2025-08-08,GCP,Cloud Functions,asia-south1,Finance,4.02,9.37
2025-08-08,GCP,Cloud Storage,us-central1,DevOps,8.86,30.67
2025-08-08,GCP,Cloud Storage,europe-west1,DevOps,6.0,24.76
2025-08-08,GCP,Cloud Storage,asia-south1,DevOps,13.72,25.55
2025-08-08,GCP,Compute Engine,us-central1,Finance,37.63,80.09
2025-08-08,GCP,Compute Engine,europe-west1,Finance,64.64,126.76
2025-08-08,GCP,Compute Engine,asia-south1,Marketing,65.86,169.26
2025-08-09,AWS,CloudFront,eu-west-1,QA,11.34,38.23
2025-08-09,AWS,EBS,us-west-2,Engineering,10.35,20.68
2025-08-09,AWS,EBS,eu-west-1,Engineering,12.78,27.57
2025-08-09,AWS,EBS,ap-south-1,Finance,8.54,33.06
2025-08-09,AWS,EC2,us-east-1,DevOps,43.13,136.86
2025-08-09,AWS,EC2,us-west-2,Marketing,34.35,93.34
2025-08-09,AWS,EC2,eu-west-1,Finance,37.12,97.78
2025-08-09,AWS,Lambda,us-west-2,DevOps,3.89,5.91
2025-08-09,AWS,Lambda,eu-west-1,QA,3.77,10.11
2025-08-09,AWS,Lambda,ap-south-1,Marketing,4.23,6.84
2025-08-09,AWS,RDS,us-east-1,Engineering,29.6,99.21
2025-08-09,AWS,RDS,us-west-2,Finance,34.81,130.02
2025-08-09,AWS,RDS,eu-west-1,QA,30.16,103.87
2025-08-09,AWS,RDS,ap-south-1,Engineering,46.19,74.69
2025-08-09,AWS,S3,us-east-1,DevOps,6.79,14.63
2025-08-09,AWS,S3,us-west-2,Marketing,6.91,23.88
2025-08-09,AWS,S3,eu-west-1,Engineering,5.61,19.5
2025-08-09,AWS,S3,ap-south-1,QA,11.2,28.33
2025-08-09,Azure,Blob Storage,East US,DevOps,10.43,37.97
2025-08-09,Azure,Blob Storage,West Europe,Engineering,8.5,21.49
2025-08-09,Azure,Blob Storage,Southeast Asia,Engineering,15.52,59.59
2025-08-09,Azure,CDN,East US,Data Science,8.58,18.11
2025-08-09,Azure,CDN,Southeast Asia,Engineering,8.62,20.42
2025-08-09,Azure,Functions,Central India,QA,7.37,16.95
2025-08-09,Azure,Functions,Southeast Asia,QA,9.23,24.07
2025-08-09,Azure,SQL Database,East US,QA,33.27,118.84
2025-08-09,Azure,SQL Database,Central India,DevOps,42.38,141.99
2025-08-09,Azure,Virtual Machines,East US,DevOps,49.42,81.4
2025-08-09,Azure,Virtual Machines,West Europe,QA,61.26,203.07
2025-08-09,Azure,Virtual Machines,Central India,Data Science,38.86,116.65
2025-08-09,Azure,Virtual Machines,Southeast Asia,Marketing,35.94,62.62
2025-08-09,GCP,BigQuery,us-central1,QA,26.84,90.55
2025-08-09,GCP,BigQuery,europe-west1,DevOps,15.56,24.29
2025-08-09,GCP,Cloud CDN,us-central1,Finance,13.02,34.68
2025-08-09,GCP,Cloud Functions,us-central1,DevOps,9.13,24.64
2025-08-09,GCP,Cloud Functions,asia-south1,Finance,4.77,11.81
2025-08-09,GCP,Cloud Storage,us-central1,DevOps,9.06,35.82
2025-08-09,GCP,Cloud Storage,europe-west1,DevOps,6.14,22.96
2025-08-09,GCP,Cloud Storage,asia-south1,DevOps,11.82,22.04
2025-08-09,GCP,Compute Engine,us-central1,Finance,37.11,85.32
2025-08-09,GCP,Compute Engine,europe-west1,Finance,58.13,126.89
2025-08-09,GCP,Compute Engine,asia-south1,Marketing,76.43,163.96
2025-08-10,AWS,CloudFront,eu-west-1,QA,11.53,39.68
2025-08-10,AWS,EBS,us-west-2,Engineering,11.0,19.65
2025-08-10,AWS,EBS,eu-west-1,Engineering,12.8,24.61
2025-08-10,AWS,EBS,ap-south-1,Finance,8.75,36.6
2025-08-10,AWS,EC2,us-east-1,DevOps,47.78,126.09
2025-08-10,AWS,EC2,us-west-2,Marketing,36.93,103.9
2025-08-10,AWS,EC2,eu-west-1,Finance,37.02,92.91
2025-08-10,AWS,Lambda,us-west-2,DevOps,3.72,6.18
2025-08-10,AWS,Lambda,eu-west-1,QA,4.72,11.46
2025-08-10,AWS,Lambda,ap-south-1,Marketing,4.07,6.66
2025-08-10,AWS,RDS,us-east-1,Engineering,52.53,99.61
2025-08-10,AWS,RDS,us-west-2,Finance,32.95,132.22
2025-08-10,AWS,RDS,eu-west-1,QA,32.23,105.95
2025-08-10,AWS,RDS,ap-south-1,Engineering,50.12,79.87
2025-08-10,AWS,S3,us-east-1,DevOps,7.07,15.35
2025-08-10,AWS,S3,us-west-2,Marketing,6.93,20.6
2025-08-10,AWS,S3,eu-west-1,Engineering,5.81,21.79
2025-08-10,AWS,S3,ap-south-1,QA,11.22,25.14
2025-08-10,Azure,Blob Storage,East US,DevOps,11.98,45.89
2025-08-10,Azure,Blob Storage,West Europe,Engineering,9.22,23.66
2025-08-10,Azure,Blob Storage,Southeast Asia,Engineering,16.17,62.63
2025-08-10,Azure,CDN,East US,Data Science,10.91,25.46
2025-08-10,Azure,CDN,Southeast Asia,Engineering,8.22,21.44
2025-08-10,Azure,Functions,Central India,QA,6.62,15.84
2025-08-10,Azure,Functions,Southeast Asia,QA,7.15,17.32
2025-08-10,Azure,SQL Database,East US,QA,27.41,94.8
2025-08-10,Azure,SQL Database,Central India,DevOps,40.4,137.86
2025-08-10,Azure,Virtual Machines,East US,DevOps,49.1,81.57
2025-08-10,Azure,Virtual Machines,West Europe,QA,55.37,186.16
2025-08-10,Azure,Virtual Machines,Central India,Data Science,34.08,102.52
2025-08-10,Azure,Virtual Machines,Southeast Asia,Marketing,36.18,71.27
2025-08-10,GCP,BigQuery,us-central1,QA,24.52,77.83
2025-08-10,GCP,BigQuery,europe-west1,DevOps,14.81,23.26
2025-08-10,GCP,Cloud CDN,us-central1,Finance,14.21,39.65
2025-08-10,GCP,Cloud Functions,us-central1,DevOps,7.92,20.91
2025-08-10,GCP,Cloud Functions,asia-south1,Finance,4.7,10.97
2025-08-10,GCP,Cloud Storage,us-central1,DevOps,10.44,39.32
2025-08-10,GCP,Cloud Storage,europe-west1,DevOps,4.96,19.54
2025-08-10,GCP,Cloud Storage,asia-south1,DevOps,12.72,26.09
2025-08-10,GCP,Compute Engine,us-central1,Finance,36.49,76.84
2025-08-10,GCP,Compute Engine,europe-west1,Finance,63.94,132.48
2025-08-10,GCP,Compute Engine,asia-south1,Marketing,66.99,147.63
2025-08-11,AWS,CloudFront,eu-west-1,QA,11.95,45.78
2025-08-11,AWS,EBS,us-west-2,Engineering,10.93,20.6
2025-08-11,AWS,EBS,eu-west-1,Engineering,10.47,21.8
2025-08-11,AWS,EBS,ap-south-1,Finance,8.66,36.3
2025-08-11,AWS,EC2,us-east-1,DevOps,39.8,127.64
2025-08-11,AWS,EC2,us-west-2,Marketing,44.91,120.77
2025-08-11,AWS,EC2,eu-west-1,Finance,38.91,108.68
2025-08-11,AWS,Lambda,us-west-2,DevOps,3.88,6.2
2025-08-11,AWS,Lambda,eu-west-1,QA,4.57,11.81
2025-08-11,AWS,Lambda,ap-south-1,Marketing,4.35,7.08
2025-08-11,AWS,RDS,us-east-1,Engineering,27.87,83.86
2025-08-11,AWS,RDS,us-west-2,Finance,34.7,118.81
2025-08-11,AWS,RDS,eu-west-1,QA,30.57,92.32
2025-08-11,AWS,RDS,ap-south-1,Engineering,46.97,68.62
2025-08-11,AWS,S3,us-east-1,DevOps,7.58,17.37
2025-08-11,AWS,S3,us-west-2,Marketing,7.35,24.91
2025-08-11,AWS,S3,eu-west-1,Engineering,10.42,22.28
2025-08-11,AWS,S3,ap-south-1,QA,11.97,30.42
2025-08-11,Azure,Blob Storage,East US,DevOps,11.36,41.5
2025-08-11,Azure,Blob Storage,West Europe,Engineering,9.24,21.41
2025-08-11,Azure,Blob Storage,Southeast Asia,Engineering,14.27,46.17
2025-08-11,Azure,CDN,East US,Data Science,10.94,22.78
2025-08-11,Azure,CDN,Southeast Asia,Engineering,8.28,21.14
2025-08-11,Azure,Functions,Central India,QA,7.45,19.79
2025-08-11,Azure,Functions,Southeast Asia,QA,8.92,24.08
2025-08-11,Azure,SQL Database,East US,QA,29.08,104.43
2025-08-11,Azure,SQL Database,Central India,DevOps,41.01,135.89
2025-08-11,Azure,Virtual Machines,East US,DevOps,58.29,85.9
2025-08-11,Azure,Virtual Machines,West Europe,QA,55.14,180.04
2025-08-11,Azure,Virtual Machines,Central India,Data Science,39.83,114.56
2025-08-11,Azure,Virtual Machines,Southeast Asia,Marketing,41.17,77.91
2025-08-11,GCP,BigQuery,us-central1,QA,23.48,71.05
2025-08-11,GCP,BigQuery,europe-west1,DevOps,13.58,21.06
2025-08-11,GCP,Cloud CDN,us-central1,Finance,14.54,43.71
2025-08-11,GCP,Cloud Functions,us-central1,DevOps,7.22,18.53
2025-08-11,GCP,Cloud Functions,asia-south1,Finance,4.82,11.82
2025-08-11,GCP,Cloud Storage,us-central1,DevOps,8.86,31.47
2025-08-11,GCP,Cloud Storage,europe-west1,DevOps,5.52,20.89
2025-08-11,GCP,Cloud Storage,asia-south1,DevOps,12.47,24.39
2025-08-11,GCP,Compute Engine,us-central1,Finance,39.83,77.82
2025-08-11,GCP,Compute Engine,europe-west1,Finance,73.06,158.81
2025-08-11,GCP,Compute Engine,asia-south1,Marketing,55.93,144.24
2025-08-12,AWS,CloudFront,eu-west-1,QA,11.65,37.92
2025-08-12,AWS,EBS,us-west-2,Engineering,9.88,19.32
2025-08-12,AWS,EBS,eu-west-1,Engineering,12.7,25.56
2025-08-12,AWS,EBS,ap-south-1,Finance,10.05,41.15
2025-08-12,AWS,EC2,us-east-1,DevOps,36.55,106.86
2025-08-12,AWS,EC2,us-west-2,Marketing,35.18,96.9
2025-08-12,AWS,EC2,eu-west-1,Finance,36.35,94.15
2025-08-12,AWS,Lambda,us-west-2,DevOps,3.91,6.81
2025-08-12,AWS,Lambda,eu-west-1,QA,4.23,10.34
2025-08-12,AWS,Lambda,ap-south-1,Marketing,4.35,7.0
2025-08-12,AWS,RDS,us-east-1,Engineering,26.55,80.96
2025-08-12,AWS,RDS,us-west-2,Finance,38.94,150.67
2025-08-12,AWS,RDS,eu-west-1,QA,33.65,109.8
2025-08-12,AWS,RDS,ap-south-1,Engineering,40.64,56.69
2025-08-12,AWS,S3,us-east-1,DevOps,7.06,15.28
2025-08-12,AWS,S3,us-west-2,Marketing,6.67,20.58
2025-08-12,AWS,S3,eu-west-1,Engineering,6.09,24.44
2025-08-12,AWS,S3,ap-south-1,QA,11.09,23.8
2025-08-12,Azure,Blob Storage,East US,DevOps,11.19,39.14
2025-08-12,Azure,Blob Storage,West Europe,Engineering,9.83,24.67
2025-08-12,Azure,Blob Storage,Southeast Asia,Engineering,13.0,48.95
2025-08-12,Azure,CDN,East US,Data Science,9.43,20.53
2025-08-12,Azure,CDN,Southeast Asia,Engineering,8.48,22.18
2025-08-12,Azure,Functions,Central India,QA,7.39,17.32
2025-08-12,Azure,Functions,Southeast Asia,QA,9.02,22.03
2025-08-12,Azure,SQL Database,East US,QA,32.54,116.01
2025-08-12,Azure,SQL Database,Central India,DevOps,40.0,139.64
2025-08-12,Azure,Virtual Machines,East US,DevOps,55.3,81.52
2025-08-12,Azure,Virtual Machines,West Europe,QA,54.53,165.62
2025-08-12,Azure,Virtual Machines,Central India,Data Science,36.66,104.43
2025-08-12,Azure,Virtual Machines,Southeast Asia,Marketing,33.81,60.44
2025-08-12,GCP,BigQuery,us-central1,QA,22.03,69.49
2025-08-12,GCP,BigQuery,europe-west1,DevOps,15.28,21.53
2025-08-12,GCP,Cloud CDN,us-central1,Finance,16.37,41.29
2025-08-12,GCP,Cloud Functions,us-central1,DevOps,7.49,19.33
2025-08-12,GCP,Cloud Functions,asia-south1,Finance,4.31,11.76
2025-08-12,GCP,Cloud Storage,us-central1,DevOps,8.7,30.15
2025-08-12,GCP,Cloud Storage,europe-west1,DevOps,6.16,21.2
2025-08-12,GCP,Cloud Storage,asia-south1,DevOps,14.17,25.03
2025-08-12,GCP,Compute Engine,us-central1,Finance,38.65,74.03
2025-08-12,GCP,Compute Engine,europe-west1,Finance,60.07,121.32
2025-08-12,GCP,Compute Engine,asia-south1,Marketing,63.65,136.22
2025-08-13,AWS,CloudFront,eu-west-1,QA,12.93,45.55
2025-08-13,AWS,EBS,us-west-2,Engineering,10.78,18.64
2025-08-13,AWS,EBS,eu-west-1,Engineering,13.47,24.29
2025-08-13,AWS,EBS,ap-south-1,Finance,9.92,39.8
2025-08-13,AWS,EC2,us-east-1,DevOps,79.59,136.93
2025-08-13,AWS,EC2,us-west-2,Marketing,39.42,96.19
2025-08-13,AWS,EC2,eu-west-1,Finance,40.12,112.12
2025-08-13,AWS,Lambda,us-west-2,DevOps,3.84,6.74
2025-08-13,AWS,Lambda,eu-west-1,QA,4.32,11.28
2025-08-13,AWS,Lambda,ap-south-1,Marketing,4.26,6.6
2025-08-13,AWS,RDS,us-east-1,Engineering,27.91,95.34
2025-08-13,AWS,RDS,us-west-2,Finance,36.54,141.35
2025-08-13,AWS,RDS,eu-west-1,QA,33.36,113.14
2025-08-13,AWS,RDS,ap-south-1,Engineering,43.18,59.82
2025-08-13,AWS,S3,us-east-1,DevOps,6.19,12.8
2025-08-13,AWS,S3,us-west-2,Marketing,6.62,20.64
2025-08-13,AWS,S3,eu-west-1,Engineering,6.03,22.82
2025-08-13,AWS,S3,ap-south-1,QA,11.19,28.68
2025-08-13,Azure,Blob Storage,East US,DevOps,11.11,38.96
2025-08-13,Azure,Blob Storage,West Europe,Engineering,9.45,26.15
2025-08-13,Azure,Blob Storage,Southeast Asia,Engineering,30.39,44.67
2025-08-13,Azure,CDN,East US,Data Science,10.32,20.4
2025-08-13,Azure,CDN,Southeast Asia,Engineering,8.36,23.3
2025-08-13,Azure,Functions,Central India,QA,7.16,17.92
2025-08-13,Azure,Functions,Southeast Asia,QA,9.08,24.47
2025-08-13,Azure,SQL Database,East US,QA,31.35,102.54
2025-08-13,Azure,SQL Database,Central India,DevOps,44.55,148.61
2025-08-13,Azure,Virtual Machines,East US,DevOps,51.79,76.94
2025-08-13,Azure,Virtual Machines,West Europe,QA,56.01,183.16
2025-08-13,Azure,Virtual Machines,Central India,Data Science,35.2,111.87
2025-08-13,Azure,Virtual Machines,Southeast Asia,Marketing,39.39,73.75
2025-08-13,GCP,BigQuery,us-central1,QA,24.0,73.13
2025-08-13,GCP,BigQuery,europe-west1,DevOps,13.97,21.03
2025-08-13,GCP,Cloud CDN,us-central1,Finance,13.68,35.33
2025-08-13,GCP,Cloud Functions,us-central1,DevOps,8.72,21.41
2025-08-13,GCP,Cloud Functions,asia-south1,Finance,4.22,10.49
2025-08-13,GCP,Cloud Storage,us-central1,DevOps,9.22,31.64
2025-08-13,GCP,Cloud Storage,europe-west1,DevOps,6.48,22.21
2025-08-13,GCP,Cloud Storage,asia-south1,DevOps,12.48,23.85
2025-08-13,GCP,Compute Engine,us-central1,Finance,44.07,86.49
2025-08-13,GCP,Compute Engine,europe-west1,Finance,59.18,120.27
2025-08-13,GCP,Compute Engine,asia-south1,Marketing,59.72,139.26
2025-08-14,AWS,CloudFront,eu-west-1,QA,13.51,43.45
2025-08-14,AWS,EBS,us-west-2,Engineering,9.7,18.17
2025-08-14,AWS,EBS,eu-west-1,Engineering,14.02,25.43
2025-08-14,AWS,EBS,ap-south-1,Finance,8.17,30.45
2025-08-14,AWS,EC2,us-east-1,DevOps,37.88,118.05
2025-08-14,AWS,EC2,us-west-2,Marketing,36.45,94.69
2025-08-14,AWS,EC2,eu-west-1,Finance,34.77,84.31
2025-08-14,AWS,Lambda,us-west-2,DevOps,3.57,6.47
2025-08-14,AWS,Lambda,eu-west-1,QA,4.2,11.59
2025-08-14,AWS,Lambda,ap-south-1,Marketing,4.47,6.87
2025-08-14,AWS,RDS,us-east-1,Engineering,26.52,86.74
2025-08-14,AWS,RDS,us-west-2,Finance,44.05,170.07
2025-08-14,AWS,RDS,eu-west-1,QA,37.44,116.38
2025-08-14,AWS,RDS,ap-south-1,Engineering,41.87,58.29
2025-08-14,AWS,S3,us-east-1,DevOps,7.33,16.57
2025-08-14,AWS,S3,us-west-2,Marketing,7.09,23.97
2025-08-14,AWS,S3,eu-west-1,Engineering,7.25,29.64
2025-08-14,AWS,S3,ap-south-1,QA,11.3,24.73
2025-08-14,Azure,Blob Storage,East US,DevOps,10.52,40.09
2025-08-14,Azure,Blob Storage,West Europe,Engineering,8.79,20.32
2025-08-14,Azure,Blob Storage,Southeast Asia,Engineering,15.38,56.01
2025-08-14,Azure,CDN,East US,Data Science,9.55,19.15
2025-08-14,Azure,CDN,Southeast Asia,Engineering,20.6,20.66
2025-08-14,Azure,Functions,Central India,QA,7.81,18.3
2025-08-14,Azure,Functions,Southeast Asia,QA,8.21,21.77
2025-08-14,Azure,SQL Database,East US,QA,33.54,115.72
2025-08-14,Azure,SQL Database,Central India,DevOps,38.34,122.53
2025-08-14,Azure,Virtual Machines,East US,DevOps,49.07,82.08
2025-08-14,Azure,Virtual Machines,West Europe,QA,55.04,193.42
2025-08-14,Azure,Virtual Machines,Central India,Data Science,35.24,117.08
2025-08-14,Azure,Virtual Machines,Southeast Asia,Marketing,40.41,78.72
2025-08-14,GCP,BigQuery,us-central1,QA,24.75,74.15
2025-08-14,GCP,BigQuery,europe-west1,DevOps,14.34,22.85
2025-08-14,GCP,Cloud CDN,us-central1,Finance,13.96,38.3
2025-08-14,GCP,Cloud Functions,us-central1,DevOps,7.38,18.33
2025-08-14,GCP,Cloud Functions,asia-south1,Finance,4.89,11.73
2025-08-14,GCP,Cloud Storage,us-central1,DevOps,10.12,38.0
2025-08-14,GCP,Cloud Storage,europe-west1,DevOps,5.4,18.82
2025-08-14,GCP,Cloud Storage,asia-south1,DevOps,13.37,26.93
2025-08-14,GCP,Compute Engine,us-central1,Finance,34.88,75.78
2025-08-14,GCP,Compute Engine,europe-west1,Finance,59.98,116.8
2025-08-14,GCP,Compute Engine,asia-south1,Marketing,60.21,153.79
2025-08-15,AWS,CloudFront,eu-west-1,QA,11.2,37.71
2025-08-15,AWS,EBS,us-west-2,Engineering,11.02,19.59
2025-08-15,AWS,EBS,eu-west-1,Engineering,12.91,24.03
2025-08-15,AWS,EBS,ap-south-1,Finance,8.74,35.01
2025-08-15,AWS,EC2,us-east-1,DevOps,39.0,119.2
2025-08-15,AWS,EC2,us-west-2,Marketing,38.96,91.98
2025-08-15,AWS,EC2,eu-west-1,Finance,42.14,113.14
2025-08-15,AWS,Lambda,us-west-2,DevOps,3.53,6.24
2025-08-15,AWS,Lambda,eu-west-1,QA,4.51,11.96
2025-08-15,AWS,Lambda,ap-south-1,Marketing,4.78,7.64
2025-08-15,AWS,RDS,us-east-1,Engineering,24.89,74.93
2025-08-15,AWS,RDS,us-west-2,Finance,37.26,151.45
2025-08-15,AWS,RDS,eu-west-1,QA,32.31,109.22
2025-08-15,AWS,RDS,ap-south-1,Engineering,41.66,64.18
2025-08-15,AWS,S3,us-east-1,DevOps,7.02,15.1
2025-08-15,AWS,S3,us-west-2,Marketing,7.7,27.85
2025-08-15,AWS,S3,eu-west-1,Engineering,6.67,24.11
2025-08-15,AWS,S3,ap-south-1,QA,12.67,30.87
2025-08-15,Azure,Blob Storage,East US,DevOps,12.54,41.48
2025-08-15,Azure,Blob Storage,West Europe,Engineering,9.42,23.83
2025-08-15,Azure,Blob Storage,Southeast Asia,Engineering,12.77,45.56
2025-08-15,Azure,CDN,East US,Data Science,9.74,21.79
2025-08-15,Azure,CDN,Southeast Asia,Engineering,9.71,26.58
2025-08-15,Azure,Functions,Central India,QA,7.01,15.73
2025-08-15,Azure,Functions,Southeast Asia,QA,8.49,20.09
2025-08-15,Azure,SQL Database,East US,QA,32.29,109.59
2025-08-15,Azure,SQL Database,Central India,DevOps,38.75,126.13
2025-08-15,Azure,Virtual Machines,East US,DevOps,56.95,85.82
2025-08-15,Azure,Virtual Machines,West Europe,QA,58.13,204.86
2025-08-15,Azure,Virtual Machines,Central India,Data Science,39.56,112.25
2025-08-15,Azure,Virtual Machines,Southeast Asia,Marketing,37.97,64.22
2025-08-15,GCP,BigQuery,us-central1,QA,21.63,68.54
2025-08-15,GCP,BigQuery,europe-west1,DevOps,15.13,24.03
2025-08-15,GCP,Cloud CDN,us-central1,Finance,15.71,45.31
2025-08-15,GCP,Cloud Functions,us-central1,DevOps,8.53,21.64
2025-08-15,GCP,Cloud Functions,asia-south1,Finance,4.33,11.94
2025-08-15,GCP,Cloud Storage,us-central1,DevOps,9.39,36.7
2025-08-15,GCP,Cloud Storage,europe-west1,DevOps,6.46,23.35
2025-08-15,GCP,Cloud Storage,asia-south1,DevOps,13.9,27.95
2025-08-15,GCP,Compute Engine,us-central1,Finance,36.7,75.04
2025-08-15,GCP,Compute Engine,europe-west1,Finance,81.37,161.64
2025-08-15,GCP,Compute Engine,asia-south1,Marketing,55.87,143.36
2025-08-16,AWS,CloudFront,eu-west-1,QA,12.55,44.11
2025-08-16,AWS,EBS,us-west-2,Engineering,10.31,19.85
2025-08-16,AWS,EBS,eu-west-1,Engineering,36.63,23.4
2025-08-16,AWS,EBS,ap-south-1,Finance,9.82,40.85
2025-08-16,AWS,EC2,us-east-1,DevOps,45.09,132.98
2025-08-16,AWS,EC2,us-west-2,Marketing,41.76,103.8
2025-08-16,AWS,EC2,eu-west-1,Finance,36.45,95.82
2025-08-16,AWS,Lambda,us-west-2,DevOps,3.89,5.95
2025-08-16,AWS,Lambda,eu-west-1,QA,4.1,10.71
2025-08-16,AWS,Lambda,ap-south-1,Marketing,5.09,7.32
2025-08-16,AWS,RDS,us-east-1,Engineering,29.24,93.25
2025-08-16,AWS,RDS,us-west-2,Finance,37.13,147.59
2025-08-16,AWS,RDS,eu-west-1,QA,35.64,105.2
2025-08-16,AWS,RDS,ap-south-1,Engineering,42.96,59.25
2025-08-16,AWS,S3,us-east-1,DevOps,8.01,15.64
2025-08-16,AWS,S3,us-west-2,Marketing,6.4,22.23
2025-08-16,AWS,S3,eu-west-1,Engineering,6.76,25.14
2025-08-16,AWS,S3,ap-south-1,QA,11.03,24.81
2025-08-16,Azure,Blob Storage,East US,DevOps,11.03,38.17
2025-08-16,Azure,Blob Storage,West Europe,Engineering,8.79,21.25
2025-08-16,Azure,Blob Storage,Southeast Asia,Engineering,15.03,56.58
2025-08-16,Azure,CDN,East US,Data Science,10.02,20.6
2025-08-16,Azure,CDN,Southeast Asia,Engineering,7.95,21.37
2025-08-16,Azure,Functions,Central India,QA,7.56,18.85
2025-08-16,Azure,Functions,Southeast Asia,QA,8.35,19.57
2025-08-16,Azure,SQL Database,East US,QA,35.72,124.59
2025-08-16,Azure,SQL Database,Central India,DevOps,40.07,150.71
2025-08-16,Azure,Virtual Machines,East US,DevOps,52.44,87.71
2025-08-16,Azure,Virtual Machines,West Europe,QA,63.01,225.69
2025-08-16,Azure,Virtual Machines,Central India,Data Science,42.62,135.08
2025-08-16,Azure,Virtual Machines,Southeast Asia,Marketing,41.41,79.74
2025-08-16,GCP,BigQuery,us-central1,QA,26.47,85.64
2025-08-16,GCP,BigQuery,europe-west1,DevOps,14.34,23.3
2025-08-16,GCP,Cloud CDN,us-central1,Finance,15.74,41.86
2025-08-16,GCP,Cloud Functions,us-central1,DevOps,7.99,20.65
2025-08-16,GCP,Cloud Functions,asia-south1,Finance,4.69,12.32
2025-08-16,GCP,Cloud Storage,us-central1,DevOps,9.06,34.5
2025-08-16,GCP,Cloud Storage,europe-west1,DevOps,5.22,18.73
2025-08-16,GCP,Cloud Storage,asia-south1,DevOps,14.13,25.2
2025-08-16,GCP,Compute Engine,us-central1,Finance,42.6,93.02
2025-08-16,GCP,Compute Engine,europe-west1,Finance,70.07,144.32
2025-08-16,GCP,Compute Engine,asia-south1,Marketing,65.36,168.82
2025-08-17,AWS,CloudFront,eu-west-1,QA,13.71,52.2
2025-08-17,AWS,EBS,us-west-2,Engineering,11.48,23.42
2025-08-17,AWS,EBS,eu-west-1,Engineering,13.96,26.68
2025-08-17,AWS,EBS,ap-south-1,Finance,9.7,33.47
2025-08-17,AWS,EC2,us-east-1,DevOps,68.07,125.66
2025-08-17,AWS,EC2,us-west-2,Marketing,39.18,107.21
2025-08-17,AWS,EC2,eu-west-1,Finance,33.19,89.34
2025-08-17,AWS,Lambda,us-west-2,DevOps,3.55,5.81
2025-08-17,AWS,Lambda,eu-west-1,QA,4.72,11.64
2025-08-17,AWS,Lambda,ap-south-1,Marketing,4.5,7.63
2025-08-17,AWS,RDS,us-east-1,Engineering,27.22,93.03
2025-08-17,AWS,RDS,us-west-2,Finance,37.53,127.31
2025-08-17,AWS,RDS,eu-west-1,QA,34.28,115.71
2025-08-17,AWS,RDS,ap-south-1,Engineering,48.14,70.56
2025-08-17,AWS,S3,us-east-1,DevOps,8.09,17.49
2025-08-17,AWS,S3,us-west-2,Marketing,6.54,20.35
2025-08-17,AWS,S3,eu-west-1,Engineering,6.55,26.81
2025-08-17,AWS,S3,ap-south-1,QA,11.81,29.86
2025-08-17,Azure,Blob Storage,East US,DevOps,12.89,43.46
2025-08-17,Azure,Blob Storage,West Europe,Engineering,9.76,24.8
2025-08-17,Azure,Blob Storage,Southeast Asia,Engineering,16.03,63.33
2025-08-17,Azure,CDN,East US,Data Science,11.05,25.12
2025-08-17,Azure,CDN,Southeast Asia,Engineering,9.3,22.76
2025-08-17,Azure,Functions,Central India,QA,7.37,19.41
2025-08-17,Azure,Functions,Southeast Asia,QA,10.25,27.26
2025-08-17,Azure,SQL Database,East US,QA,31.87,110.65
2025-08-17,Azure,SQL Database,Central India,DevOps,43.04,153.29
2025-08-17,Azure,Virtual Machines,East US,DevOps,49.65,79.03
2025-08-17,Azure,Virtual Machines,West Europe,QA,62.97,190.39
2025-08-17,Azure,Virtual Machines,Central India,Data Science,38.88,118.51
2025-08-17,Azure,Virtual Machines,Southeast Asia,Marketing,39.36,74.37
2025-08-17,GCP,BigQuery,us-central1,QA,23.98,76.56
2025-08-17,GCP,BigQuery,europe-west1,DevOps,14.23,23.15
2025-08-17,GCP,Cloud CDN,us-central1,Finance,17.0,43.23
2025-08-17,GCP,Cloud Functions,us-central1,DevOps,7.67,17.41
2025-08-17,GCP,Cloud Functions,asia-south1,Finance,4.45,12.48
2025-08-17,GCP,Cloud Storage,us-central1,DevOps,8.67,33.53
2025-08-17,GCP,Cloud Storage,europe-west1,DevOps,6.44,25.36
2025-08-17,GCP,Cloud Storage,asia-south1,DevOps,12.38,26.31
2025-08-17,GCP,Compute Engine,us-central1,Finance,43.62,92.63
2025-08-17,GCP,Compute Engine,europe-west1,Finance,66.58,147.39
2025-08-17,GCP,Compute Engine,asia-south1,Marketing,56.76,133.27
2025-08-18,AWS,CloudFront,eu-west-1,QA,12.75,43.6
2025-08-18,AWS,EBS,us-west-2,Engineering,11.12,21.34
2025-08-18,AWS,EBS,eu-west-1,Engineering,15.18,30.53
2025-08-18,AWS,EBS,ap-south-1,Finance,9.3,35.72
2025-08-18,AWS,EC2,us-east-1,DevOps,41.59,130.06
2025-08-18,AWS,EC2,us-west-2,Marketing,45.46,130.71
2025-08-18,AWS,EC2,eu-west-1,Finance,37.67,91.25
2025-08-18,AWS,Lambda,us-west-2,DevOps,3.99,6.41
2025-08-18,AWS,Lambda,eu-west-1,QA,4.31,10.93
2025-08-18,AWS,Lambda,ap-south-1,Marketing,4.64,7.79
2025-08-18,AWS,RDS,us-east-1,Engineering,28.67,95.58
2025-08-18,AWS,RDS,us-west-2,Finance,35.58,132.1
2025-08-18,AWS,RDS,eu-west-1,QA,32.83,104.95
2025-08-18,AWS,RDS,ap-south-1,Engineering,38.38,61.09
2025-08-18,AWS,S3,us-east-1,DevOps,8.17,18.85
2025-08-18,AWS,S3,us-west-2,Marketing,6.87,21.16
2025-08-18,AWS,S3,eu-west-1,Engineering,6.17,25.24
2025-08-18,AWS,S3,ap-south-1,QA,12.04,28.57
2025-08-18,Azure,Blob Storage,East US,DevOps,10.55,41.64
2025-08-18,Azure,Blob Storage,West Europe,Engineering,9.0,23.01
2025-08-18,Azure,Blob Storage,Southeast Asia,Engineering,14.68,54.92
2025-08-18,Azure,CDN,East US,Data Science,12.39,28.67
2025-08-18,Azure,CDN,Southeast Asia,Engineering,8.28,22.53
2025-08-18,Azure,Functions,Central India,QA,7.13,17.18
2025-08-18,Azure,Functions,Southeast Asia,QA,10.02,24.69
2025-08-18,Azure,SQL Database,East US,QA,32.2,98.39
2025-08-18,Azure,SQL Database,Central India,DevOps,43.79,146.34
2025-08-18,Azure,Virtual Machines,East US,DevOps,50.27,83.61
2025-08-18,Azure,Virtual Machines,West Europe,QA,56.12,187.42
2025-08-18,Azure,Virtual Machines,Central India,Data Science,42.82,144.45
2025-08-18,Azure,Virtual Machines,Southeast Asia,Marketing,42.97,76.03
2025-08-18,GCP,BigQuery,us-central1,QA,26.72,91.39
2025-08-18,GCP,BigQuery,europe-west1,DevOps,13.86,19.87
2025-08-18,GCP,Cloud CDN,us-central1,Finance,15.18,40.25
2025-08-18,GCP,Cloud Functions,us-central1,DevOps,9.27,21.65
2025-08-18,GCP,Cloud Functions,asia-south1,Finance,5.46,13.4
2025-08-18,GCP,Cloud Storage,us-central1,DevOps,8.7,33.3
2025-08-18,GCP,Cloud Storage,europe-west1,DevOps,5.8,22.81
2025-08-18,GCP,Cloud Storage,asia-south1,DevOps,13.24,24.62
2025-08-18,GCP,Compute Engine,us-central1,Finance,36.04,73.87
2025-08-18,GCP,Compute Engine,europe-west1,Finance,68.94,142.9
2025-08-18,GCP,Compute Engine,asia-south1,Marketing,51.89,112.2
2025-08-19,AWS,CloudFront,eu-west-1,QA,12.58,40.14
2025-08-19,AWS,EBS,us-west-2,Engineering,11.19,19.38
2025-08-19,AWS,EBS,eu-west-1,Engineering,13.47,27.21
2025-08-19,AWS,EBS,ap-south-1,Finance,8.54,30.74
2025-08-19,AWS,EC2,us-east-1,DevOps,44.59,122.9
2025-08-19,AWS,EC2,us-west-2,Marketing,47.3,113.91
2025-08-19,AWS,EC2,eu-west-1,Finance,37.61,99.79
2025-08-19,AWS,Lambda,us-west-2,DevOps,3.98,6.53
2025-08-19,AWS,Lambda,eu-west-1,QA,4.29,10.54
2025-08-19,AWS,Lambda,ap-south-1,Marketing,4.84,7.4
2025-08-19,AWS,RDS,us-east-1,Engineering,27.44,90.28
2025-08-19,AWS,RDS,us-west-2,Finance,37.61,137.58
2025-08-19,AWS,RDS,eu-west-1,QA,33.86,101.43
2025-08-19,AWS,RDS,ap-south-1,Engineering,40.74,59.19
2025-08-19,AWS,S3,us-east-1,DevOps,7.03,14.69
2025-08-19,AWS,S3,us-west-2,Marketing,7.02,24.81
2025-08-19,AWS,S3,eu-west-1,Engineering,6.27,24.63
2025-08-19,AWS,S3,ap-south-1,QA,11.88,26.08
2025-08-19,Azure,Blob Storage,East US,DevOps,11.49,38.23
2025-08-19,Azure,Blob Storage,West Europe,Engineering,8.42,21.56
2025-08-19,Azure,Blob Storage,Southeast Asia,Engineering,13.2,49.07
2025-08-19,Azure,CDN,East US,Data Science,10.4,24.35
2025-08-19,Azure,CDN,Southeast Asia,Engineering,8.38,21.77
2025-08-19,Azure,Functions,Central India,QA,7.86,19.59
2025-08-19,Azure,Functions,Southeast Asia,QA,9.25,25.39
2025-08-19,Azure,SQL Database,East US,QA,32.69,101.61
2025-08-19,Azure,SQL Database,Central India,DevOps,40.07,135.4
2025-08-19,Azure,Virtual Machines,East US,DevOps,55.99,89.35
2025-08-19,Azure,Virtual Machines,West Europe,QA,61.37,187.81
2025-08-19,Azure,Virtual Machines,Central India,Data Science,40.4,117.41
2025-08-19,Azure,Virtual Machines,Southeast Asia,Marketing,34.63,68.19
2025-08-19,GCP,BigQuery,us-central1,QA,25.15,75.69
2025-08-19,GCP,BigQuery,europe-west1,DevOps,15.8,24.84
2025-08-19,GCP,Cloud CDN,us-central1,Finance,17.49,49.55
2025-08-19,GCP,Cloud Functions,us-central1,DevOps,8.02,21.64
2025-08-19,GCP,Cloud Functions,asia-south1,Finance,5.22,12.54
2025-08-19,GCP,Cloud Storage,us-central1,DevOps,9.98,39.62
2025-08-19,GCP,Cloud Storage,europe-west1,DevOps,6.73,27.74
2025-08-19,GCP,Cloud Storage,asia-south1,DevOps,15.37,32.45
2025-08-19,GCP,Compute Engine,us-central1,Finance,37.77,75.59
2025-08-19,GCP,Compute Engine,europe-west1,Finance,70.36,132.9
2025-08-19,GCP,Compute Engine,asia-south1,Marketing,61.95,153.99
2025-08-20,AWS,CloudFront,eu-west-1,QA,10.24,34.99
2025-08-20,AWS,EBS,us-west-2,Engineering,13.02,22.52
2025-08-20,AWS,EBS,eu-west-1,Engineering,13.27,26.73
2025-08-20,AWS,EBS,ap-south-1,Finance,8.96,34.55
2025-08-20,AWS,EC2,us-east-1,DevOps,43.24,138.48
2025-08-20,AWS,EC2,us-west-2,Marketing,34.83,89.38
2025-08-20,AWS,EC2,eu-west-1,Finance,38.24,98.19
2025-08-20,AWS,Lambda,us-west-2,DevOps,3.29,5.15
2025-08-20,AWS,Lambda,eu-west-1,QA,4.48,12.7
2025-08-20,AWS,Lambda,ap-south-1,Marketing,4.24,6.77
2025-08-20,AWS,RDS,us-east-1,Engineering,28.94,95.13
2025-08-20,AWS,RDS,us-west-2,Finance,41.52,149.17
2025-08-20,AWS,RDS,eu-west-1,QA,30.27,94.2
2025-08-20,AWS,RDS,ap-south-1,Engineering,48.99,78.13
2025-08-20,AWS,S3,us-east-1,DevOps,8.6,17.6
2025-08-20,AWS,S3,us-west-2,Marketing,6.24,20.33
2025-08-20,AWS,S3,eu-west-1,Engineering,6.36,25.84
2025-08-20,AWS,S3,ap-south-1,QA,11.32,27.2
2025-08-20,Azure,Blob Storage,East US,DevOps,13.95,53.15
2025-08-20,Azure,Blob Storage,West Europe,Engineering,8.69,23.45
2025-08-20,Azure,Blob Storage,Southeast Asia,Engineering,13.59,50.29
2025-08-20,Azure,CDN,East US,Data Science,11.56,23.45
2025-08-20,Azure,CDN,Southeast Asia,Engineering,7.82,20.27
2025-08-20,Azure,Functions,Central India,QA,7.48,18.6
2025-08-20,Azure,Functions,Southeast Asia,QA,9.08,24.89
2025-08-20,Azure,SQL Database,East US,QA,31.74,99.33
2025-08-20,Azure,SQL Database,Central India,DevOps,45.29,157.0
2025-08-20,Azure,Virtual Machines,East US,DevOps,57.68,88.09
2025-08-20,Azure,Virtual Machines,West Europe,QA,64.27,200.7
2025-08-20,Azure,Virtual Machines,Central India,Data Science,33.46,105.98
2025-08-20,Azure,Virtual Machines,Southeast Asia,Marketing,38.61,69.52
2025-08-20,GCP,BigQuery,us-central1,QA,25.96,79.33
2025-08-20,GCP,BigQuery,europe-west1,DevOps,14.85,23.03
2025-08-20,GCP,Cloud CDN,us-central1,Finance,17.42,50.75
2025-08-20,GCP,Cloud Functions,us-central1,DevOps,7.92,18.92
2025-08-20,GCP,Cloud Functions,asia-south1,Finance,5.94,14.55
2025-08-20,GCP,Cloud Storage,us-central1,DevOps,9.25,35.23
2025-08-20,GCP,Cloud Storage,europe-west1,DevOps,5.8,21.03
2025-08-20,GCP,Cloud Storage,asia-south1,DevOps,13.72,25.32
2025-08-20,GCP,Compute Engine,us-central1,Finance,38.72,75.22
2025-08-20,GCP,Compute Engine,europe-west1,Finance,66.09,121.06
2025-08-20,GCP,Compute Engine,asia-south1,Marketing,51.31,125.99
2025-08-21,AWS,CloudFront,eu-west-1,QA,11.54,37.48
2025-08-21,AWS,EBS,us-west-2,Engineering,11.74,22.88
2025-08-21,AWS,EBS,eu-west-1,Engineering,14.94,27.3
2025-08-21,AWS,EBS,ap-south-1,Finance,9.16,34.68
2025-08-21,AWS,EC2,us-east-1,DevOps,51.88,158.35
2025-08-21,AWS,EC2,us-west-2,Marketing,40.47,112.31
2025-08-21,AWS,EC2,eu-west-1,Finance,40.35,108.68
2025-08-21,AWS,Lambda,us-west-2,DevOps,4.76,7.36
2025-08-21,AWS,Lambda,eu-west-1,QA,4.3,10.63
2025-08-21,AWS,Lambda,ap-south-1,Marketing,4.68,8.02
2025-08-21,AWS,RDS,us-east-1,Engineering,28.08,82.45
2025-08-21,AWS,RDS,us-west-2,Finance,38.75,143.29
2025-08-21,AWS,RDS,eu-west-1,QA,38.66,134.57
2025-08-21,AWS,RDS,ap-south-1,Engineering,50.21,79.82
2025-08-21,AWS,S3,us-east-1,DevOps,7.69,15.22
2025-08-21,AWS,S3,us-west-2,Marketing,8.2,25.05
2025-08-21,AWS,S3,eu-west-1,Engineering,6.61,22.98
2025-08-21,AWS,S3,ap-south-1,QA,11.85,27.55
2025-08-21,Azure,Blob Storage,East US,DevOps,12.38,46.01
2025-08-21,Azure,Blob Storage,West Europe,Engineering,8.72,21.5
2025-08-21,Azure,Blob Storage,Southeast Asia,Engineering,14.11,52.65
2025-08-21,Azure,CDN,East US,Data Science,11.62,25.2
2025-08-21,Azure,CDN,Southeast Asia,Engineering,10.05,26.05
2025-08-21,Azure,Functions,Central India,QA,6.76,16.17
2025-08-21,Azure,Functions,Southeast Asia,QA,9.13,23.87
2025-08-21,Azure,SQL Database,East US,QA,34.55,120.66
2025-08-21,Azure,SQL Database,Central India,DevOps,39.23,140.91
2025-08-21,Azure,Virtual Machines,East US,DevOps,56.79,97.04
2025-08-21,Azure,Virtual Machines,West Europe,QA,56.99,204.42
2025-08-21,Azure,Virtual Machines,Central India,Data Science,42.74,146.28
2025-08-21,Azure,Virtual Machines,Southeast Asia,Marketing,39.78,71.23
2025-08-21,GCP,BigQuery,us-central1,QA,24.12,78.16
2025-08-21,GCP,BigQuery,europe-west1,DevOps,16.16,26.21
2025-08-21,GCP,Cloud CDN,us-central1,Finance,16.23,48.94
2025-08-21,GCP,Cloud Functions,us-central1,DevOps,8.5,20.02
2025-08-21,GCP,Cloud Functions,asia-south1,Finance,5.2,14.11
2025-08-21,GCP,Cloud Storage,us-central1,DevOps,11.07,37.78
2025-08-21,GCP,Cloud Storage,europe-west1,DevOps,5.92,24.27
2025-08-21,GCP,Cloud Storage,asia-south1,DevOps,14.99,29.74
2025-08-21,GCP,Compute Engine,us-central1,Finance,44.05,98.68
2025-08-21,GCP,Compute Engine,europe-west1,Finance,67.33,146.42
2025-08-21,GCP,Compute Engine,asia-south1,Marketing,60.8,145.6
2025-08-22,AWS,CloudFront,eu-west-1,QA,11.77,38.93
2025-08-22,AWS,EBS,us-west-2,Engineering,13.53,24.95
2025-08-22,AWS,EBS,eu-west-1,Engineering,12.44,25.11
2025-08-22,AWS,EBS,ap-south-1,Finance,9.84,38.1
2025-08-22,AWS,EC2,us-east-1,DevOps,42.99,118.32
2025-08-22,AWS,EC2,us-west-2,Marketing,43.37,106.82
2025-08-22,AWS,EC2,eu-west-1,Finance,43.45,107.76
2025-08-22,AWS,Lambda,us-west-2,DevOps,4.18,7.06
2025-08-22,AWS,Lambda,eu-west-1,QA,4.67,12.7
2025-08-22,AWS,Lambda,ap-south-1,Marketing,4.58,6.9
2025-08-22,AWS,RDS,us-east-1,Engineering,28.12,93.97
2025-08-22,AWS,RDS,us-west-2,Finance,36.26,132.27
2025-08-22,AWS,RDS,eu-west-1,QA,40.88,136.98
2025-08-22,AWS,RDS,ap-south-1,Engineering,42.95,61.77
2025-08-22,AWS,S3,us-east-1,DevOps,8.52,16.89
2025-08-22,AWS,S3,us-west-2,Marketing,7.3,25.79
2025-08-22,AWS,S3,eu-west-1,Engineering,6.77,27.51
2025-08-22,AWS,S3,ap-south-1,QA,11.75,28.72
2025-08-22,Azure,Blob Storage,East US,DevOps,11.76,43.76
2025-08-22,Azure,Blob Storage,West Europe,Engineering,9.29,23.5
2025-08-22,Azure,Blob Storage,Southeast Asia,Engineering,15.21,52.89
2025-08-22,Azure,CDN,East US,Data Science,9.13,21.77
2025-08-22,Azure,CDN,Southeast Asia,Engineering,9.15,25.92
2025-08-22,Azure,Functions,Central India,QA,6.61,16.46
2025-08-22,Azure,Functions,Southeast Asia,QA,8.98,22.61
2025-08-22,Azure,SQL Database,East US,QA,33.23,115.87
2025-08-22,Azure,SQL Database,Central India,DevOps,45.34,159.99
2025-08-22,Azure,Virtual Machines,East US,DevOps,57.36,94.48
2025-08-22,Azure,Virtual Machines,West Europe,QA,62.84,208.58
2025-08-22,Azure,Virtual Machines,Central India,Data Science,39.29,119.08
2025-08-22,Azure,Virtual Machines,Southeast Asia,Marketing,31.7,59.06
2025-08-22,GCP,BigQuery,us-central1,QA,25.04,80.1
2025-08-22,GCP,BigQuery,europe-west1,DevOps,14.34,20.22
2025-08-22,GCP,Cloud CDN,us-central1,Finance,15.79,45.74
2025-08-22,GCP,Cloud Functions,us-central1,DevOps,8.27,20.11
2025-08-22,GCP,Cloud Functions,asia-south1,Finance,5.11,12.15
2025-08-22,GCP,Cloud Storage,us-central1,DevOps,9.68,37.12
2025-08-22,GCP,Cloud Storage,europe-west1,DevOps,6.05,23.33
2025-08-22,GCP,Cloud Storage,asia-south1,DevOps,16.26,31.24
2025-08-22,GCP,Compute Engine,us-central1,Finance,39.47,89.03
2025-08-22,GCP,Compute Engine,europe-west1,Finance,69.93,138.25
2025-08-22,GCP,Compute Engine,asia-south1,Marketing,68.65,174.37
2025-08-23,AWS,CloudFront,eu-west-1,QA,13.64,48.79
2025-08-23,AWS,EBS,us-west-2,Engineering,12.28,23.79
2025-08-23,AWS,EBS,eu-west-1,Engineering,13.85,26.92
2025-08-23,AWS,EBS,ap-south-1,Finance,11.04,42.51
2025-08-23,AWS,EC2,us-east-1,DevOps,42.48,130.28
2025-08-23,AWS,EC2,us-west-2,Marketing,47.45,125.6
2025-08-23,AWS,EC2,eu-west-1,Finance,39.66,109.84
2025-08-23,AWS,Lambda,us-west-2,DevOps,3.37,5.92
2025-08-23,AWS,Lambda,eu-west-1,QA,4.39,11.35
2025-08-23,AWS,Lambda,ap-south-1,Marketing,5.18,8.56
2025-08-23,AWS,RDS,us-east-1,Engineering,28.61,85.78
2025-08-23,AWS,RDS,us-west-2,Finance,36.16,133.2
2025-08-23,AWS,RDS,eu-west-1,QA,36.25,116.66
2025-08-23,AWS,RDS,ap-south-1,Engineering,51.75,82.01
2025-08-23,AWS,S3,us-east-1,DevOps,7.29,15.34
2025-08-23,AWS,S3,us-west-2,Marketing,7.27,25.46
2025-08-23,AWS,S3,eu-west-1,Engineering,6.62,24.17
2025-08-23,AWS,S3,ap-south-1,QA,13.8,35.19
2025-08-23,Azure,Blob Storage,East US,DevOps,11.72,44.72
2025-08-23,Azure,Blob Storage,West Europe,Engineering,9.12,20.74
2025-08-23,Azure,Blob Storage,Southeast Asia,Engineering,16.99,58.8
2025-08-23,Azure,CDN,East US,Data Science,9.86,22.76
2025-08-23,Azure,CDN,Southeast Asia,Engineering,8.72,24.7
2025-08-23,Azure,Functions,Central India,QA,8.28,19.17
2025-08-23,Azure,Functions,Southeast Asia,QA,7.89,18.66
2025-08-23,Azure,SQL Database,East US,QA,34.94,114.62
2025-08-23,Azure,SQL Database,Central India,DevOps,88.63,167.72
2025-08-23,Azure,Virtual Machines,East US,DevOps,53.62,84.4
2025-08-23,Azure,Virtual Machines,West Europe,QA,68.75,240.16
2025-08-23,Azure,Virtual Machines,Central India,Data Science,38.72,126.96
2025-08-23,Azure,Virtual Machines,Southeast Asia,Marketing,37.1,71.98
2025-08-23,GCP,BigQuery,us-central1,QA,27.29,77.04
2025-08-23,GCP,BigQuery,europe-west1,DevOps,13.96,22.03
2025-08-23,GCP,Cloud CDN,us-central1,Finance,18.89,51.92
2025-08-23,GCP,Cloud Functions,us-central1,DevOps,10.24,24.23
2025-08-23,GCP,Cloud Functions,asia-south1,Finance,5.3,12.84
2025-08-23,GCP,Cloud Storage,us-central1,DevOps,10.07,35.2
2025-08-23,GCP,Cloud Storage,europe-west1,DevOps,5.41,20.37
2025-08-23,GCP,Cloud Storage,asia-south1,DevOps,14.01,27.87
2025-08-23,GCP,Compute Engine,us-central1,Finance,39.68,84.84
2025-08-23,GCP,Compute Engine,europe-west1,Finance,67.29,131.68
2025-08-23,GCP,Compute Engine,asia-south1,Marketing,72.0,183.68
2025-08-24,AWS,CloudFront,eu-west-1,QA,11.65,37.21
2025-08-24,AWS,EBS,us-west-2,Engineering,12.74,22.69
2025-08-24,AWS,EBS,eu-west-1,Engineering,16.56,35.43
2025-08-24,AWS,EBS,ap-south-1,Finance,9.26,38.54
2025-08-24,AWS,EC2,us-east-1,DevOps,44.54,131.22
2025-08-24,AWS,EC2,us-west-2,Marketing,42.31,115.93
2025-08-24,AWS,EC2,eu-west-1,Finance,38.38,90.39
2025-08-24,AWS,Lambda,us-west-2,DevOps,4.31,7.53
2025-08-24,AWS,Lambda,eu-west-1,QA,4.8,12.11
2025-08-24,AWS,Lambda,ap-south-1,Marketing,5.53,7.99
2025-08-24,AWS,RDS,us-east-1,Engineering,35.58,121.29
2025-08-24,AWS,RDS,us-west-2,Finance,37.97,155.37
2025-08-24,AWS,RDS,eu-west-1,QA,37.42,109.51
2025-08-24,AWS,RDS,ap-south-1,Engineering,49.7,79.03
2025-08-24,AWS,S3,us-east-1,DevOps,7.47,16.24
2025-08-24,AWS,S3,us-west-2,Marketing,8.47,30.59
2025-08-24,AWS,S3,eu-west-1,Engineering,6.52,23.11
2025-08-24,AWS,S3,ap-south-1,QA,11.59,26.96
2025-08-24,Azure,Blob Storage,East US,DevOps,11.58,41.13
2025-08-24,Azure,Blob Storage,West Europe,Engineering,9.84,26.25
2025-08-24,Azure,Blob Storage,Southeast Asia,Engineering,15.64,59.37
2025-08-24,Azure,CDN,East US,Data Science,13.02,26.3
2025-08-24,Azure,CDN,Southeast Asia,Engineering,9.57,26.96
2025-08-24,Azure,Functions,Central India,QA,7.09,16.82
2025-08-24,Azure,Functions,Southeast Asia,QA,9.4,25.48
2025-08-24,Azure,SQL Database,East US,QA,35.64,118.91
2025-08-24,Azure,SQL Database,Central India,DevOps,43.63,155.27
2025-08-24,Azure,Virtual Machines,East US,DevOps,53.03,86.03
2025-08-24,Azure,Virtual Machines,West Europe,QA,61.97,187.91
2025-08-24,Azure,Virtual Machines,Central India,Data Science,43.81,147.51
2025-08-24,Azure,Virtual Machines,Southeast Asia,Marketing,38.28,77.9
2025-08-24,GCP,BigQuery,us-central1,QA,25.89,78.14
2025-08-24,GCP,BigQuery,europe-west1,DevOps,16.61,24.62
2025-08-24,GCP,Cloud CDN,us-central1,Finance,17.41,45.95
2025-08-24,GCP,Cloud Functions,us-central1,DevOps,9.52,21.59
2025-08-24,GCP,Cloud Functions,asia-south1,Finance,4.43,11.79
2025-08-24,GCP,Cloud Storage,us-central1,DevOps,9.34,37.21
2025-08-24,GCP,Cloud Storage,europe-west1,DevOps,5.34,20.81
2025-08-24,GCP,Cloud Storage,asia-south1,DevOps,15.15,29.65
2025-08-24,GCP,Compute Engine,us-central1,Finance,39.7,78.41
2025-08-24,GCP,Compute Engine,europe-west1,Finance,69.77,150.3
2025-08-24,GCP,Compute Engine,asia-south1,Marketing,69.95,170.91
2025-08-25,AWS,CloudFront,eu-west-1,QA,12.39,43.02
2025-08-25,AWS,EBS,us-west-2,Engineering,11.22,22.61
2025-08-25,AWS,EBS,eu-west-1,Engineering,14.51,31.08
2025-08-25,AWS,EBS,ap-south-1,Finance,9.07,34.94
2025-08-25,AWS,EC2,us-east-1,DevOps,45.08,137.51
2025-08-25,AWS,EC2,us-west-2,Marketing,44.22,118.45
2025-08-25,AWS,EC2,eu-west-1,Finance,37.29,101.67
2025-08-25,AWS,Lambda,us-west-2,DevOps,4.19,6.97
2025-08-25,AWS,Lambda,eu-west-1,QA,5.12,14.05
2025-08-25,AWS,Lambda,ap-south-1,Marketing,4.58,7.26
2025-08-25,AWS,RDS,us-east-1,Engineering,30.86,94.23
2025-08-25,AWS,RDS,us-west-2,Finance,39.97,136.96
2025-08-25,AWS,RDS,eu-west-1,QA,36.74,114.57
2025-08-25,AWS,RDS,ap-south-1,Engineering,45.49,67.52
2025-08-25,AWS,S3,us-east-1,DevOps,7.89,15.41
2025-08-25,AWS,S3,us-west-2,Marketing,7.99,28.47
2025-08-25,AWS,S3,eu-west-1,Engineering,6.41,23.02
2025-08-25,AWS,S3,ap-south-1,QA,11.25,25.53
2025-08-25,Azure,Blob Storage,East US,DevOps,13.01,46.19
2025-08-25,Azure,Blob Storage,West Europe,Engineering,9.63,23.11
2025-08-25,Azure,Blob Storage,Southeast Asia,Engineering,18.48,60.43
2025-08-25,Azure,CDN,East US,Data Science,10.82,23.69
2025-08-25,Azure,CDN,Southeast Asia,Engineering,9.29,26.01
2025-08-25,Azure,Functions,Central India,QA,8.09,19.46
2025-08-25,Azure,Functions,Southeast Asia,QA,10.99,25.35
2025-08-25,Azure,SQL Database,East US,QA,34.56,120.88
2025-08-25,Azure,SQL Database,Central India,DevOps,45.59,171.24
2025-08-25,Azure,Virtual Machines,East US,DevOps,56.59,91.43
2025-08-25,Azure,Virtual Machines,West Europe,QA,53.47,174.65
2025-08-25,Azure,Virtual Machines,Central India,Data Science,42.54,124.72
2025-08-25,Azure,Virtual Machines,Southeast Asia,Marketing,44.4,77.25
2025-08-25,GCP,BigQuery,us-central1,QA,24.05,71.69
2025-08-25,GCP,BigQuery,europe-west1,DevOps,14.06,20.73
2025-08-25,GCP,Cloud CDN,us-central1,Finance,16.54,49.44
2025-08-25,GCP,Cloud Functions,us-central1,DevOps,8.43,19.61
2025-08-25,GCP,Cloud Functions,asia-south1,Finance,4.39,11.74
2025-08-25,GCP,Cloud Storage,us-central1,DevOps,9.21,32.55
2025-08-25,GCP,Cloud Storage,europe-west1,DevOps,6.53,25.59
2025-08-25,GCP,Cloud Storage,asia-south1,DevOps,15.42,27.19
2025-08-25,GCP,Compute Engine,us-central1,Finance,41.26,83.34
2025-08-25,GCP,Compute Engine,europe-west1,Finance,74.74,165.41
2025-08-25,GCP,Compute Engine,asia-south1,Marketing,65.85,143.17
2025-08-26,AWS,CloudFront,eu-west-1,QA,13.43,47.97
2025-08-26,AWS,EBS,us-west-2,Engineering,11.49,23.52
2025-08-26,AWS,EBS,eu-west-1,Engineering,14.98,31.24
2025-08-26,AWS,EBS,ap-south-1,Finance,9.88,40.28
2025-08-26,AWS,EC2,us-east-1,DevOps,49.28,152.04
2025-08-26,AWS,EC2,us-west-2,Marketing,40.54,99.52
2025-08-26,AWS,EC2,eu-west-1,Finance,39.79,109.6
2025-08-26,AWS,Lambda,us-west-2,DevOps,3.84,6.49
2025-08-26,AWS,Lambda,eu-west-1,QA,4.43,11.74
2025-08-26,AWS,Lambda,ap-south-1,Marketing,5.43,9.22
2025-08-26,AWS,RDS,us-east-1,Engineering,35.28,118.64
2025-08-26,AWS,RDS,us-west-2,Finance,43.91,177.81
2025-08-26,AWS,RDS,eu-west-1,QA,35.44,107.05
2025-08-26,AWS,RDS,ap-south-1,Engineering,37.75,53.89
2025-08-26,AWS,S3,us-east-1,DevOps,7.88,18.28
2025-08-26,AWS,S3,us-west-2,Marketing,7.29,25.7
2025-08-26,AWS,S3,eu-west-1,Engineering,6.03,22.48
2025-08-26,AWS,S3,ap-south-1,QA,24.1,26.16
2025-08-26,Azure,Blob Storage,East US,DevOps,13.57,47.08
2025-08-26,Azure,Blob Storage,West Europe,Engineering,10.44,27.98
2025-08-26,Azure,Blob Storage,Southeast Asia,Engineering,17.23,65.08
2025-08-26,Azure,CDN,East US,Data Science,11.78,27.97
2025-08-26,Azure,CDN,Southeast Asia,Engineering,10.48,24.73
2025-08-26,Azure,Functions,Central India,QA,8.02,20.93
2025-08-26,Azure,Functions,Southeast Asia,QA,9.76,23.94
2025-08-26,Azure,SQL Database,East US,QA,35.04,110.74
2025-08-26,Azure,SQL Database,Central India,DevOps,43.86,137.18
2025-08-26,Azure,Virtual Machines,East US,DevOps,56.05,86.0
2025-08-26,Azure,Virtual Machines,West Europe,QA,51.38,176.6
2025-08-26,Azure,Virtual Machines,Central India,Data Science,42.22,145.07
2025-08-26,Azure,Virtual Machines,Southeast Asia,Marketing,39.25,72.05
2025-08-26,GCP,BigQuery,us-central1,QA,26.83,89.87
2025-08-26,GCP,BigQuery,europe-west1,DevOps,14.82,20.25
2025-08-26,GCP,Cloud CDN,us-central1,Finance,15.76,43.68
2025-08-26,GCP,Cloud Functions,us-central1,DevOps,8.59,21.81
2025-08-26,GCP,Cloud Functions,asia-south1,Finance,5.46,15.22
2025-08-26,GCP,Cloud Storage,us-central1,DevOps,10.55,36.64
2025-08-26,GCP,Cloud Storage,europe-west1,DevOps,6.82,24.03
2025-08-26,GCP,Cloud Storage,asia-south1,DevOps,12.89,24.48
2025-08-26,GCP,Compute Engine,us-central1,Finance,42.38,98.04
2025-08-26,GCP,Compute Engine,europe-west1,Finance,67.49,143.94
2025-08-26,GCP,Compute Engine,asia-south1,Marketing,64.7,140.15
2025-08-27,AWS,CloudFront,eu-west-1,QA,11.9,40.96
2025-08-27,AWS,EBS,us-west-2,Engineering,12.29,25.28
2025-08-27,AWS,EBS,eu-west-1,Engineering,13.85,28.53
2025-08-27,AWS,EBS,ap-south-1,Finance,10.89,40.01
2025-08-27,AWS,EC2,us-east-1,DevOps,39.89,107.18
2025-08-27,AWS,EC2,us-west-2,Marketing,39.54,100.53
2025-08-27,AWS,EC2,eu-west-1,Finance,35.41,96.73
2025-08-27,AWS,Lambda,us-west-2,DevOps,4.44,7.49
2025-08-27,AWS,Lambda,eu-west-1,QA,4.7,12.3
2025-08-27,AWS,Lambda,ap-south-1,Marketing,4.39,6.99
2025-08-27,AWS,RDS,us-east-1,Engineering,29.45,88.1
2025-08-27,AWS,RDS,us-west-2,Finance,36.1,134.28
2025-08-27,AWS,RDS,eu-west-1,QA,40.39,117.09
2025-08-27,AWS,RDS,ap-south-1,Engineering,40.98,62.35
2025-08-27,AWS,S3,us-east-1,DevOps,8.64,19.36
2025-08-27,AWS,S3,us-west-2,Marketing,7.78,23.33
2025-08-27,AWS,S3,eu-west-1,Engineering,7.55,27.18
2025-08-27,AWS,S3,ap-south-1,QA,12.27,29.5
2025-08-27,Azure,Blob Storage,East US,DevOps,13.02,48.1
2025-08-27,Azure,Blob Storage,West Europe,Engineering,10.42,25.03
2025-08-27,Azure,Blob Storage,Southeast Asia,Engineering,16.43,62.69
2025-08-27,Azure,CDN,East US,Data Science,11.78,25.46
2025-08-27,Azure,CDN,Southeast Asia,Engineering,8.92,22.73
2025-08-27,Azure,Functions,Central India,QA,7.81,18.43
2025-08-27,Azure,Functions,Southeast Asia,QA,9.15,22.2
2025-08-27,Azure,SQL Database,East US,QA,31.23,93.3
2025-08-27,Azure,SQL Database,Central India,DevOps,45.55,170.48
2025-08-27,Azure,Virtual Machines,East US,DevOps,52.37,81.44
2025-08-27,Azure,Virtual Machines,West Europe,QA,66.52,204.75
2025-08-27,Azure,Virtual Machines,Central India,Data Science,43.14,143.29
2025-08-27,Azure,Virtual Machines,Southeast Asia,Marketing,39.2,67.11
2025-08-27,GCP,BigQuery,us-central1,QA,27.65,93.04
2025-08-27,GCP,BigQuery,europe-west1,DevOps,16.38,26.93
2025-08-27,GCP,Cloud CDN,us-central1,Finance,19.03,54.38
2025-08-27,GCP,Cloud Functions,us-central1,DevOps,7.55,17.63
2025-08-27,GCP,Cloud Functions,asia-south1,Finance,4.97,13.91
2025-08-27,GCP,Cloud Storage,us-central1,DevOps,10.99,37.74
2025-08-27,GCP,Cloud Storage,europe-west1,DevOps,6.69,26.47
2025-08-27,GCP,Cloud Storage,asia-south1,DevOps,15.06,26.6
2025-08-27,GCP,Compute Engine,us-central1,Finance,47.85,95.89
2025-08-27,GCP,Compute Engine,europe-west1,Finance,89.45,169.9
2025-08-27,GCP,Compute Engine,asia-south1,Marketing,63.14,146.11
2025-08-28,AWS,CloudFront,eu-west-1,QA,28.89,41.34
2025-08-28,AWS,EBS,us-west-2,Engineering,13.57,24.9
2025-08-28,AWS,EBS,eu-west-1,Engineering,15.02,27.43
2025-08-28,AWS,EBS,ap-south-1,Finance,8.97,33.78
2025-08-28,AWS,EC2,us-east-1,DevOps,108.96,145.16
2025-08-28,AWS,EC2,us-west-2,Marketing,50.73,140.35
2025-08-28,AWS,EC2,eu-west-1,Finance,39.64,102.08
2025-08-28,AWS,Lambda,us-west-2,DevOps,4.04,7.05
2025-08-28,AWS,Lambda,eu-west-1,QA,4.97,13.51
2025-08-28,AWS,Lambda,ap-south-1,Marketing,5.09,8.21
2025-08-28,AWS,RDS,us-east-1,Engineering,28.97,91.19
2025-08-28,AWS,RDS,us-west-2,Finance,39.76,152.13
2025-08-28,AWS,RDS,eu-west-1,QA,39.53,126.4
2025-08-28,AWS,RDS,ap-south-1,Engineering,45.18,74.23
2025-08-28,AWS,S3,us-east-1,DevOps,7.77,16.85
2025-08-28,AWS,S3,us-west-2,Marketing,7.71,23.4
2025-08-28,AWS,S3,eu-west-1,Engineering,8.13,29.68
2025-08-28,AWS,S3,ap-south-1,QA,12.65,29.38
2025-08-28,Azure,Blob Storage,East US,DevOps,12.81,50.41
2025-08-28,Azure,Blob Storage,West Europe,Engineering,9.93,22.58
2025-08-28,Azure,Blob Storage,Southeast Asia,Engineering,16.1,58.06
2025-08-28,Azure,CDN,East US,Data Science,9.6,22.42
2025-08-28,Azure,CDN,Southeast Asia,Engineering,9.68,27.16
2025-08-28,Azure,Functions,Central India,QA,9.39,23.46
2025-08-28,Azure,Functions,Southeast Asia,QA,9.91,27.25
2025-08-28,Azure,SQL Database,East US,QA,32.75,107.16
2025-08-28,Azure,SQL Database,Central India,DevOps,53.67,194.56
2025-08-28,Azure,Virtual Machines,East US,DevOps,57.29,87.18
2025-08-28,Azure,Virtual Machines,West Europe,QA,66.05,211.74
2025-08-28,Azure,Virtual Machines,Central India,Data Science,40.25,116.77
2025-08-28,Azure,Virtual Machines,Southeast Asia,Marketing,45.05,88.81
2025-08-28,GCP,BigQuery,us-central1,QA,30.01,90.04
2025-08-28,GCP,BigQuery,europe-west1,DevOps,18.04,28.12
2025-08-28,GCP,Cloud CDN,us-central1,Finance,16.49,45.16
2025-08-28,GCP,Cloud Functions,us-central1,DevOps,9.19,23.37
2025-08-28,GCP,Cloud Functions,asia-south1,Finance,5.26,13.87
2025-08-28,GCP,Cloud Storage,us-central1,DevOps,9.31,34.81
2025-08-28,GCP,Cloud Storage,europe-west1,DevOps,5.79,22.79
2025-08-28,GCP,Cloud Storage,asia-south1,DevOps,16.49,33.47
2025-08-28,GCP,Compute Engine,us-central1,Finance,46.87,90.56
2025-08-28,GCP,Compute Engine,europe-west1,Finance,79.16,157.36
2025-08-28,GCP,Compute Engine,asia-south1,Marketing,76.94,173.83
2025-08-29,AWS,CloudFront,eu-west-1,QA,13.06,50.1
2025-08-29,AWS,EBS,us-west-2,Engineering,12.12,23.88
2025-08-29,AWS,EBS,eu-west-1,Engineering,15.87,28.8
2025-08-29,AWS,EBS,ap-south-1,Finance,11.43,43.3
2025-08-29,AWS,EC2,us-east-1,DevOps,46.21,147.02
2025-08-29,AWS,EC2,us-west-2,Marketing,39.18,103.69
2025-08-29,AWS,EC2,eu-west-1,Finance,46.68,118.42
2025-08-29,AWS,Lambda,us-west-2,DevOps,4.48,6.84
2025-08-29,AWS,Lambda,eu-west-1,QA,4.66,12.43
2025-08-29,AWS,Lambda,ap-south-1,Marketing,5.15,8.79
2025-08-29,AWS,RDS,us-east-1,Engineering,27.38,79.16
2025-08-29,AWS,RDS,us-west-2,Finance,41.64,165.76
2025-08-29,AWS,RDS,eu-west-1,QA,29.81,101.87
2025-08-29,AWS,RDS,ap-south-1,Engineering,51.03,79.48
2025-08-29,AWS,S3,us-east-1,DevOps,8.72,19.83
2025-08-29,AWS,S3,us-west-2,Marketing,8.71,29.07
2025-08-29,AWS,S3,eu-west-1,Engineering,7.64,26.82
2025-08-29,AWS,S3,ap-south-1,QA,12.11,27.95
2025-08-29,Azure,Blob Storage,East US,DevOps,13.61,53.49
2025-08-29,Azure,Blob Storage,West Europe,Engineering,11.3,26.52
2025-08-29,Azure,Blob Storage,Southeast Asia,Engineering,15.69,60.96
2025-08-29,Azure,CDN,East US,Data Science,11.03,24.11
2025-08-29,Azure,CDN,Southeast Asia,Engineering,10.54,28.81
2025-08-29,Azure,Functions,Central India,QA,8.3,19.04
2025-08-29,Azure,Functions,Southeast Asia,QA,9.63,22.39
2025-08-29,Azure,SQL Database,East US,QA,36.88,131.11
2025-08-29,Azure,SQL Database,Central India,DevOps,48.63,157.72
2025-08-29,Azure,Virtual Machines,East US,DevOps,61.16,106.22
2025-08-29,Azure,Virtual Machines,West Europe,QA,67.08,203.38
2025-08-29,Azure,Virtual Machines,Central India,Data Science,49.71,149.61
2025-08-29,Azure,Virtual Machines,Southeast Asia,Marketing,37.12,68.84
2025-08-29,GCP,BigQuery,us-central1,QA,29.78,85.96
2025-08-29,GCP,BigQuery,europe-west1,DevOps,16.36,25.08
2025-08-29,GCP,Cloud CDN,us-central1,Finance,16.79,43.85
2025-08-29,GCP,Cloud Functions,us-central1,DevOps,8.62,19.6
2025-08-29,GCP,Cloud Functions,asia-south1,Finance,4.61,11.46
2025-08-29,GCP,Cloud Storage,us-central1,DevOps,9.6,32.08
2025-08-29,GCP,Cloud Storage,europe-west1,DevOps,6.73,27.91
2025-08-29,GCP,Cloud Storage,asia-south1,DevOps,12.98,27.2
2025-08-29,GCP,Compute Engine,us-central1,Finance,38.65,82.77
2025-08-29,GCP,Compute Engine,europe-west1,Finance,67.68,144.66
2025-08-29,GCP,Compute Engine,asia-south1,Marketing,62.35,136.18
2025-08-30,AWS,CloudFront,eu-west-1,QA,13.93,47.41
2025-08-30,AWS,EBS,us-west-2,Engineering,11.15,20.34
2025-08-30,AWS,EBS,eu-west-1,Engineering,12.81,27.09
2025-08-30,AWS,EBS,ap-south-1,Finance,10.18,37.11
2025-08-30,AWS,EC2,us-east-1,DevOps,51.76,146.15
2025-08-30,AWS,EC2,us-west-2,Marketing,54.91,129.52
2025-08-30,AWS,EC2,eu-west-1,Finance,40.01,112.97
2025-08-30,AWS,Lambda,us-west-2,DevOps,4.2,7.35
2025-08-30,AWS,Lambda,eu-west-1,QA,5.06,12.97
2025-08-30,AWS,Lambda,ap-south-1,Marketing,4.49,7.38
2025-08-30,AWS,RDS,us-east-1,Engineering,34.07,110.34
2025-08-30,AWS,RDS,us-west-2,Finance,35.44,128.65
2025-08-30,AWS,RDS,eu-west-1,QA,35.93,117.95
2025-08-30,AWS,RDS,ap-south-1,Engineering,51.48,72.91
2025-08-30,AWS,S3,us-east-1,DevOps,8.52,16.64
2025-08-30,AWS,S3,us-west-2,Marketing,7.76,25.72
2025-08-30,AWS,S3,eu-west-1,Engineering,6.32,22.97
2025-08-30,AWS,S3,ap-south-1,QA,12.79,28.36
2025-08-30,Azure,Blob Storage,East US,DevOps,11.62,43.82
2025-08-30,Azure,Blob Storage,West Europe,Engineering,9.6,26.55
2025-08-30,Azure,Blob Storage,Southeast Asia,Engineering,16.68,59.58
2025-08-30,Azure,CDN,East US,Data Science,12.45,25.1
2025-08-30,Azure,CDN,Southeast Asia,Engineering,9.1,23.47
2025-08-30,Azure,Functions,Central India,QA,8.76,20.24
2025-08-30,Azure,Functions,Southeast Asia,QA,9.1,24.7
2025-08-30,Azure,SQL Database,East US,QA,38.81,134.83
2025-08-30,Azure,SQL Database,Central India,DevOps,43.77,144.72
2025-08-30,Azure,Virtual Machines,East US,DevOps,56.65,90.89
2025-08-30,Azure,Virtual Machines,West Europe,QA,69.29,237.09
2025-08-30,Azure,Virtual Machines,Central India,Data Science,44.52,142.75
2025-08-30,Azure,Virtual Machines,Southeast Asia,Marketing,35.86,69.99
2025-08-30,GCP,BigQuery,us-central1,QA,27.36,80.72
2025-08-30,GCP,BigQuery,europe-west1,DevOps,14.67,20.99
2025-08-30,GCP,Cloud CDN,us-central1,Finance,16.64,46.23
2025-08-30,GCP,Cloud Functions,us-central1,DevOps,9.32,20.91
2025-08-30,GCP,Cloud Functions,asia-south1,Finance,5.13,12.99
2025-08-30,GCP,Cloud Storage,us-central1,DevOps,9.75,38.53
2025-08-30,GCP,Cloud Storage,europe-west1,DevOps,6.02,24.57
2025-08-30,GCP,Cloud Storage,asia-south1,DevOps,14.85,28.4
2025-08-30,GCP,Compute Engine,us-central1,Finance,42.03,84.88
2025-08-30,GCP,Compute Engine,europe-west1,Finance,60.95,133.92
2025-08-30,GCP,Compute Engine,asia-south1,Marketing,70.61,170.12
2025-08-31,AWS,CloudFront,eu-west-1,QA,13.82,51.01
2025-08-31,AWS,EBS,us-west-2,Engineering,13.1,26.33
2025-08-31,AWS,EBS,eu-west-1,Engineering,14.59,28.45
2025-08-31,AWS,EBS,ap-south-1,Finance,9.81,36.49
2025-08-31,AWS,EC2,us-east-1,DevOps,48.98,146.13
2025-08-31,AWS,EC2,us-west-2,Marketing,49.4,136.09
2025-08-31,AWS,EC2,eu-west-1,Finance,45.38,110.26
2025-08-31,AWS,Lambda,us-west-2,DevOps,4.16,7.1
2025-08-31,AWS,Lambda,eu-west-1,QA,5.14,13.88
2025-08-31,AWS,Lambda,ap-south-1,Marketing,4.79,7.85
2025-08-31,AWS,RDS,us-east-1,Engineering,28.23,94.57
2025-08-31,AWS,RDS,us-west-2,Finance,39.11,144.01
2025-08-31,AWS,RDS,eu-west-1,QA,33.01,99.43
2025-08-31,AWS,RDS,ap-south-1,Engineering,47.11,74.0
2025-08-31,AWS,S3,us-east-1,DevOps,7.98,16.93
2025-08-31,AWS,S3,us-west-2,Marketing,7.02,22.91
2025-08-31,AWS,S3,eu-west-1,Engineering,7.54,28.96
2025-08-31,AWS,S3,ap-south-1,QA,12.92,30.17
2025-08-31,Azure,Blob Storage,East US,DevOps,13.6,53.3
2025-08-31,Azure,Blob Storage,West Europe,Engineering,11.3,27.45
2025-08-31,Azure,Blob Storage,Southeast Asia,Engineering,17.36,58.31
2025-08-31,Azure,CDN,East US,Data Science,10.97,22.32
2025-08-31,Azure,CDN,Southeast Asia,Engineering,9.67,26.51
2025-08-31,Azure,Functions,Central India,QA,8.52,21.33
2025-08-31,Azure,Functions,Southeast Asia,QA,9.08,22.67
2025-08-31,Azure,SQL Database,East US,QA,29.68,94.85
2025-08-31,Azure,SQL Database,Central India,DevOps,45.0,157.54
2025-08-31,Azure,Virtual Machines,East US,DevOps,66.5,96.44
2025-08-31,Azure,Virtual Machines,West Europe,QA,59.31,215.55
2025-08-31,Azure,Virtual Machines,Central India,Data Science,44.85,151.1
2025-08-31,Azure,Virtual Machines,Southeast Asia,Marketing,42.08,76.06
2025-08-31,GCP,BigQuery,us-central1,QA,26.51,77.76
2025-08-31,GCP,BigQuery,europe-west1,DevOps,14.99,23.28
2025-08-31,GCP,Cloud CDN,us-central1,Finance,17.33,50.94
2025-08-31,GCP,Cloud Functions,us-central1,DevOps,7.87,20.85
2025-08-31,GCP,Cloud Functions,asia-south1,Finance,5.25,13.24
2025-08-31,GCP,Cloud Storage,us-central1,DevOps,10.94,38.02
2025-08-31,GCP,Cloud Storage,europe-west1,DevOps,6.81,26.62
2025-08-31,GCP,Cloud Storage,asia-south1,DevOps,15.26,30.02
2025-08-31,GCP,Compute Engine,us-central1,Finance,43.11,99.76
2025-08-31,GCP,Compute Engine,europe-west1,Finance,72.48,161.97
2025-08-31,GCP,Compute Engine,asia-south1,Marketing,73.84,180.42
2025-09-01,AWS,CloudFront,eu-west-1,QA,13.91,46.92
2025-09-01,AWS,EBS,us-west-2,Engineering,12.87,22.71
2025-09-01,AWS,EBS,eu-west-1,Engineering,15.23,29.86
2025-09-01,AWS,EBS,ap-south-1,Finance,9.16,35.63
2025-09-01,AWS,EC2,us-east-1,DevOps,51.65,147.32
2025-09-01,AWS,EC2,us-west-2,Marketing,49.67,117.95
2025-09-01,AWS,EC2,eu-west-1,Finance,39.31,101.93
2025-09-01,AWS,Lambda,us-west-2,DevOps,4.52,7.13
2025-09-01,AWS,Lambda,eu-west-1,QA,5.39,14.89
2025-09-01,AWS,Lambda,ap-south-1,Marketing,4.79,7.68
2025-09-01,AWS,RDS,us-east-1,Engineering,35.13,115.06
2025-09-01,AWS,RDS,us-west-2,Finance,39.98,146.58
2025-09-01,AWS,RDS,eu-west-1,QA,44.77,144.04
2025-09-01,AWS,RDS,ap-south-1,Engineering,48.45,72.34
2025-09-01,AWS,S3,us-east-1,DevOps,8.61,18.84
2025-09-01,AWS,S3,us-west-2,Marketing,6.79,21.91
2025-09-01,AWS,S3,eu-west-1,Engineering,7.74,28.97
2025-09-01,AWS,S3,ap-south-1,QA,13.83,35.93
2025-09-01,Azure,Blob Storage,East US,DevOps,13.78,54.56
2025-09-01,Azure,Blob Storage,West Europe,Engineering,10.67,24.8
2025-09-01,Azure,Blob Storage,Southeast Asia,Engineering,17.22,60.1
2025-09-01,Azure,CDN,East US,Data Science,11.6,23.08
2025-09-01,Azure,CDN,Southeast Asia,Engineering,9.08,22.24
2025-09-01,Azure,Functions,Central India,QA,8.24,21.1
2025-09-01,Azure,Functions,Southeast Asia,QA,10.09,23.12
2025-09-01,Azure,SQL Database,East US,QA,33.82,101.38
2025-09-01,Azure,SQL Database,Central India,DevOps,51.0,163.74
2025-09-01,Azure,Virtual Machines,East US,DevOps,53.57,84.91
2025-09-01,Azure,Virtual Machines,West Europe,QA,63.49,224.68
2025-09-01,Azure,Virtual Machines,Central India,Data Science,44.36,130.28
2025-09-01,Azure,Virtual Machines,Southeast Asia,Marketing,38.63,77.38
2025-09-01,GCP,BigQuery,us-central1,QA,27.45,81.55
2025-09-01,GCP,BigQuery,europe-west1,DevOps,16.29,26.71
2025-09-01,GCP,Cloud CDN,us-central1,Finance,18.6,50.01
2025-09-01,GCP,Cloud Functions,us-central1,DevOps,9.4,24.43
2025-09-01,GCP,Cloud Functions,asia-south1,Finance,5.85,14.62
2025-09-01,GCP,Cloud Storage,us-central1,DevOps,10.77,37.44
2025-09-01,GCP,Cloud Storage,europe-west1,DevOps,7.25,28.5
2025-09-01,GCP,Cloud Storage,asia-south1,DevOps,15.13,27.05
2025-09-01,GCP,Compute Engine,us-central1,Finance,41.86,90.09
2025-09-01,GCP,Compute Engine,europe-west1,Finance,81.62,166.23
2025-09-01,GCP,Compute Engine,asia-south1,Marketing,59.78,146.49
2025-09-02,AWS,CloudFront,eu-west-1,QA,13.57,47.19
2025-09-02,AWS,EBS,us-west-2,Engineering,12.35,24.81
2025-09-02,AWS,EBS,eu-west-1,Engineering,14.87,31.48
2025-09-02,AWS,EBS,ap-south-1,Finance,11.2,43.39
2025-09-02,AWS,EC2,us-east-1,DevOps,48.46,140.64
2025-09-02,AWS,EC2,us-west-2,Marketing,49.71,136.52
2025-09-02,AWS,EC2,eu-west-1,Finance,50.2,133.36
2025-09-02,AWS,Lambda,us-west-2,DevOps,3.97,6.07
2025-09-02,AWS,Lambda,eu-west-1,QA,4.76,11.52
2025-09-02,AWS,Lambda,ap-south-1,Marketing,4.67,7.55
2025-09-02,AWS,RDS,us-east-1,Engineering,28.42,89.6
2025-09-02,AWS,RDS,us-west-2,Finance,39.93,145.37
2025-09-02,AWS,RDS,eu-west-1,QA,39.58,136.63
2025-09-02,AWS,RDS,ap-south-1,Engineering,49.65,76.61
2025-09-02,AWS,S3,us-east-1,DevOps,7.94,18.04
2025-09-02,AWS,S3,us-west-2,Marketing,9.01,29.27
2025-09-02,AWS,S3,eu-west-1,Engineering,6.98,25.63
2025-09-02,AWS,S3,ap-south-1,QA,13.1,29.78
2025-09-02,Azure,Blob Storage,East US,DevOps,13.72,52.63
2025-09-02,Azure,Blob Storage,West Europe,Engineering,10.3,23.97
2025-09-02,Azure,Blob Storage,Southeast Asia,Engineering,16.26,63.11
2025-09-02,Azure,CDN,East US,Data Science,10.9,22.4
2025-09-02,Azure,CDN,Southeast Asia,Engineering,9.49,25.17
2025-09-02,Azure,Functions,Central India,QA,8.45,20.4
2025-09-02,Azure,Functions,Southeast Asia,QA,8.97,23.62
2025-09-02,Azure,SQL Database,East US,QA,35.79,120.73
2025-09-02,Azure,SQL Database,Central India,DevOps,45.4,166.58
2025-09-02,Azure,Virtual Machines,East US,DevOps,56.1,80.61
2025-09-02,Azure,Virtual Machines,West Europe,QA,70.79,257.44
2025-09-02,Azure,Virtual Machines,Central India,Data Science,39.22,128.34
2025-09-02,Azure,Virtual Machines,Southeast Asia,Marketing,39.07,73.74
2025-09-02,GCP,BigQuery,us-central1,QA,27.01,80.19
2025-09-02,GCP,BigQuery,europe-west1,DevOps,17.27,24.24
2025-09-02,GCP,Cloud CDN,us-central1,Finance,17.44,49.62
2025-09-02,GCP,Cloud Functions,us-central1,DevOps,10.8,27.56
2025-09-02,GCP,Cloud Functions,asia-south1,Finance,5.56,13.74
2025-09-02,GCP,Cloud Storage,us-central1,DevOps,10.48,34.51
2025-09-02,GCP,Cloud Storage,europe-west1,DevOps,6.9,28.34
2025-09-02,GCP,Cloud Storage,asia-south1,DevOps,15.14,28.96
2025-09-02,GCP,Compute Engine,us-central1,Finance,47.28,109.59
2025-09-02,GCP,Compute Engine,europe-west1,Finance,81.13,175.5
2025-09-02,GCP,Compute Engine,asia-south1,Marketing,57.81,127.4
2025-09-03,AWS,CloudFront,eu-west-1,QA,11.66,39.85
2025-09-03,AWS,EBS,us-west-2,Engineering,12.63,23.83
2025-09-03,AWS,EBS,eu-west-1,Engineering,14.47,29.34
2025-09-03,AWS,EBS,ap-south-1,Finance,10.55,41.31
2025-09-03,AWS,EC2,us-east-1,DevOps,52.23,154.46
2025-09-03,AWS,EC2,us-west-2,Marketing,46.96,115.63
2025-09-03,AWS,EC2,eu-west-1,Finance,50.87,135.93
2025-09-03,AWS,Lambda,us-west-2,DevOps,4.57,7.08
2025-09-03,AWS,Lambda,eu-west-1,QA,4.67,12.38
2025-09-03,AWS,Lambda,ap-south-1,Marketing,4.13,6.91
2025-09-03,AWS,RDS,us-east-1,Engineering,33.39,95.25
2025-09-03,AWS,RDS,us-west-2,Finance,43.68,176.99
2025-09-03,AWS,RDS,eu-west-1,QA,41.23,136.56
2025-09-03,AWS,RDS,ap-south-1,Engineering,49.32,78.23
2025-09-03,AWS,S3,us-east-1,DevOps,9.88,22.27
2025-09-03,AWS,S3,us-west-2,Marketing,7.61,25.41
2025-09-03,AWS,S3,eu-west-1,Engineering,7.56,30.04
2025-09-03,AWS,S3,ap-south-1,QA,13.23,31.95
2025-09-03,Azure,Blob Storage,East US,DevOps,12.94,46.02
2025-09-03,Azure,Blob Storage,West Europe,Engineering,11.69,28.34
2025-09-03,Azure,Blob Storage,Southeast Asia,Engineering,15.67,61.82
2025-09-03,Azure,CDN,East US,Data Science,11.34,26.78
2025-09-03,Azure,CDN,Southeast Asia,Engineering,9.0,23.57
2025-09-03,Azure,Functions,Central India,QA,9.53,22.42
2025-09-03,Azure,Functions,Southeast Asia,QA,10.26,23.77
2025-09-03,Azure,SQL Database,East US,QA,33.49,117.3
2025-09-03,Azure,SQL Database,Central India,DevOps,129.23,197.19
2025-09-03,Azure,Virtual Machines,East US,DevOps,57.81,87.42
2025-09-03,Azure,Virtual Machines,West Europe,QA,73.14,259.71
2025-09-03,Azure,Virtual Machines,Central India,Data Science,42.97,128.23
2025-09-03,Azure,Virtual Machines,Southeast Asia,Marketing,46.42,94.73
2025-09-03,GCP,BigQuery,us-central1,QA,29.57,92.34
2025-09-03,GCP,BigQuery,europe-west1,DevOps,15.3,25.27
2025-09-03,GCP,Cloud CDN,us-central1,Finance,18.2,45.51
2025-09-03,GCP,Cloud Functions,us-central1,DevOps,9.63,21.56
2025-09-03,GCP,Cloud Functions,asia-south1,Finance,4.93,11.77
2025-09-03,GCP,Cloud Storage,us-central1,DevOps,9.98,34.34
2025-09-03,GCP,Cloud Storage,europe-west1,DevOps,7.56,31.14
2025-09-03,GCP,Cloud Storage,asia-south1,DevOps,14.14,25.69
2025-09-03,GCP,Compute Engine,us-central1,Finance,48.89,109.59
2025-09-03,GCP,Compute Engine,europe-west1,Finance,78.05,144.23
2025-09-03,GCP,Compute Engine,asia-south1,Marketing,75.65,171.38
2025-09-04,AWS,CloudFront,eu-west-1,QA,13.73,46.48
2025-09-04,AWS,EBS,us-west-2,Engineering,12.22,24.98
2025-09-04,AWS,EBS,eu-west-1,Engineering,16.87,31.25
2025-09-04,AWS,EBS,ap-south-1,Finance,10.93,40.45
2025-09-04,AWS,EC2,us-east-1,DevOps,57.67,170.56
2025-09-04,AWS,EC2,us-west-2,Marketing,49.85,142.48
2025-09-04,AWS,EC2,eu-west-1,Finance,46.85,113.21
2025-09-04,AWS,Lambda,us-west-2,DevOps,4.88,8.24
2025-09-04,AWS,Lambda,eu-west-1,QA,4.97,12.09
2025-09-04,AWS,Lambda,ap-south-1,Marketing,5.21,9.0
2025-09-04,AWS,RDS,us-east-1,Engineering,27.42,93.52
2025-09-04,AWS,RDS,us-west-2,Finance,42.83,170.46
2025-09-04,AWS,RDS,eu-west-1,QA,39.61,130.37
2025-09-04,AWS,RDS,ap-south-1,Engineering,51.28,77.93
2025-09-04,AWS,S3,us-east-1,DevOps,6.6,13.44
2025-09-04,AWS,S3,us-west-2,Marketing,8.63,25.58
2025-09-04,AWS,S3,eu-west-1,Engineering,7.07,28.88
2025-09-04,AWS,S3,ap-south-1,QA,27.44,34.43
2025-09-04,Azure,Blob Storage,East US,DevOps,12.8,46.24
2025-09-04,Azure,Blob Storage,West Europe,Engineering,11.29,25.82
2025-09-04,Azure,Blob Storage,Southeast Asia,Engineering,19.8,69.97
2025-09-04,Azure,CDN,East US,Data Science,11.74,26.47
2025-09-04,Azure,CDN,Southeast Asia,Engineering,9.48,25.03
2025-09-04,Azure,Functions,Central India,QA,9.35,24.62
2025-09-04,Azure,Functions,Southeast Asia,QA,10.26,24.49
2025-09-04,Azure,SQL Database,East US,QA,33.92,115.05
2025-09-04,Azure,SQL Database,Central India,DevOps,129.94,168.45
2025-09-04,Azure,Virtual Machines,East US,DevOps,65.13,101.73
2025-09-04,Azure,Virtual Machines,West Europe,QA,68.24,242.75
2025-09-04,Azure,Virtual Machines,Central India,Data Science,41.31,137.1
2025-09-04,Azure,Virtual Machines,Southeast Asia,Marketing,47.87,82.16
2025-09-04,GCP,BigQuery,us-central1,QA,31.03,93.8
2025-09-04,GCP,BigQuery,europe-west1,DevOps,15.49,22.98
2025-09-04,GCP,Cloud CDN,us-central1,Finance,17.46,52.25
2025-09-04,GCP,Cloud Functions,us-central1,DevOps,9.07,21.25
2025-09-04,GCP,Cloud Functions,asia-south1,Finance,5.36,13.33
2025-09-04,GCP,Cloud Storage,us-central1,DevOps,12.12,43.2
2025-09-04,GCP,Cloud Storage,europe-west1,DevOps,6.74,27.05
2025-09-04,GCP,Cloud Storage,asia-south1,DevOps,16.14,28.85
2025-09-04,GCP,Compute Engine,us-central1,Finance,42.79,94.77
2025-09-04,GCP,Compute Engine,europe-west1,Finance,75.61,147.07
2025-09-04,GCP,Compute Engine,asia-south1,Marketing,64.33,142.5
2025-09-05,AWS,CloudFront,eu-west-1,QA,40.55,43.46
2025-09-05,AWS,EBS,us-west-2,Engineering,14.22,28.44
2025-09-05,AWS,EBS,eu-west-1,Engineering,15.54,28.99
2025-09-05,AWS,EBS,ap-south-1,Finance,10.09,37.06
2025-09-05,AWS,EC2,us-east-1,DevOps,48.29,132.99
2025-09-05,AWS,EC2,us-west-2,Marketing,48.01,122.37
2025-09-05,AWS,EC2,eu-west-1,Finance,52.29,138.47
2025-09-05,AWS,Lambda,us-west-2,DevOps,5.15,9.1
2025-09-05,AWS,Lambda,eu-west-1,QA,4.74,11.86
2025-09-05,AWS,Lambda,ap-south-1,Marketing,5.3,8.85
2025-09-05,AWS,RDS,us-east-1,Engineering,30.54,99.79
2025-09-05,AWS,RDS,us-west-2,Finance,41.81,143.93
2025-09-05,AWS,RDS,eu-west-1,QA,44.7,155.02
2025-09-05,AWS,RDS,ap-south-1,Engineering,50.91,81.98
2025-09-05,AWS,S3,us-east-1,DevOps,8.91,20.67
2025-09-05,AWS,S3,us-west-2,Marketing,8.3,26.02
2025-09-05,AWS,S3,eu-west-1,Engineering,8.3,33.06
2025-09-05,AWS,S3,ap-south-1,QA,14.26,35.46
2025-09-05,Azure,Blob Storage,East US,DevOps,12.33,48.53
2025-09-05,Azure,Blob Storage,West Europe,Engineering,9.95,25.15
2025-09-05,Azure,Blob Storage,Southeast Asia,Engineering,18.26,61.19
2025-09-05,Azure,CDN,East US,Data Science,10.52,24.12
2025-09-05,Azure,CDN,Southeast Asia,Engineering,9.35,25.39
2025-09-05,Azure,Functions,Central India,QA,10.03,22.61
2025-09-05,Azure,Functions,Southeast Asia,QA,11.02,29.42
2025-09-05,Azure,SQL Database,East US,QA,37.99,122.87
2025-09-05,Azure,SQL Database,Central India,DevOps,42.79,135.75
2025-09-05,Azure,Virtual Machines,East US,DevOps,62.68,99.65
2025-09-05,Azure,Virtual Machines,West Europe,QA,62.21,209.82
2025-09-05,Azure,Virtual Machines,Central India,Data Science,41.29,133.89
2025-09-05,Azure,Virtual Machines,Southeast Asia,Marketing,47.93,90.08
2025-09-05,GCP,BigQuery,us-central1,QA,31.74,100.71
2025-09-05,GCP,BigQuery,europe-west1,DevOps,16.74,27.61
2025-09-05,GCP,Cloud CDN,us-central1,Finance,19.39,58.39
2025-09-05,GCP,Cloud Functions,us-central1,DevOps,9.74,25.56
2025-09-05,GCP,Cloud Functions,asia-south1,Finance,6.14,17.17
2025-09-05,GCP,Cloud Storage,us-central1,DevOps,11.67,41.19
2025-09-05,GCP,Cloud Storage,europe-west1,DevOps,6.75,26.81
2025-09-05,GCP,Cloud Storage,asia-south1,DevOps,25.33,27.16
2025-09-05,GCP,Compute Engine,us-central1,Finance,44.9,101.49
2025-09-05,GCP,Compute Engine,europe-west1,Finance,74.32,147.14
2025-09-05,GCP,Compute Engine,asia-south1,Marketing,75.19,180.82
2025-09-06,AWS,CloudFront,eu-west-1,QA,14.64,49.75
2025-09-06,AWS,EBS,us-west-2,Engineering,13.37,24.9
2025-09-06,AWS,EBS,eu-west-1,Engineering,14.55,25.95
2025-09-06,AWS,EBS,ap-south-1,Finance,10.69,41.65
2025-09-06,AWS,EC2,us-east-1,DevOps,51.31,155.82
2025-09-06,AWS,EC2,us-west-2,Marketing,51.32,129.72
2025-09-06,AWS,EC2,eu-west-1,Finance,46.78,127.81
2025-09-06,AWS,Lambda,us-west-2,DevOps,5.12,8.32
2025-09-06,AWS,Lambda,eu-west-1,QA,5.41,14.63
2025-09-06,AWS,Lambda,ap-south-1,Marketing,5.34,8.76
2025-09-06,AWS,RDS,us-east-1,Engineering,31.96,105.23
2025-09-06,AWS,RDS,us-west-2,Finance,45.63,157.04
2025-09-06,AWS,RDS,eu-west-1,QA,44.24,148.66
2025-09-06,AWS,RDS,ap-south-1,Engineering,44.55,70.5
2025-09-06,AWS,S3,us-east-1,DevOps,7.31,14.43
2025-09-06,AWS,S3,us-west-2,Marketing,8.04,26.56
2025-09-06,AWS,S3,eu-west-1,Engineering,7.67,28.09
2025-09-06,AWS,S3,ap-south-1,QA,12.39,28.33
2025-09-06,Azure,Blob Storage,East US,DevOps,15.5,58.08
2025-09-06,Azure,Blob Storage,West Europe,Engineering,11.3,26.84
2025-09-06,Azure,Blob Storage,Southeast Asia,Engineering,18.02,61.94
2025-09-06,Azure,CDN,East US,Data Science,13.62,30.54
2025-09-06,Azure,CDN,Southeast Asia,Engineering,9.96,28.24
2025-09-06,Azure,Functions,Central India,QA,8.9,22.59
2025-09-06,Azure,Functions,Southeast Asia,QA,10.38,24.33
2025-09-06,Azure,SQL Database,East US,QA,41.56,126.16
2025-09-06,Azure,SQL Database,Central India,DevOps,51.72,197.08
2025-09-06,Azure,Virtual Machines,East US,DevOps,57.74,99.86
2025-09-06,Azure,Virtual Machines,West Europe,QA,72.78,242.61
2025-09-06,Azure,Virtual Machines,Central India,Data Science,40.79,128.18
2025-09-06,Azure,Virtual Machines,Southeast Asia,Marketing,49.45,97.62
2025-09-06,GCP,BigQuery,us-central1,QA,28.14,85.48
2025-09-06,GCP,BigQuery,europe-west1,DevOps,17.91,27.68
2025-09-06,GCP,Cloud CDN,us-central1,Finance,18.66,50.21
2025-09-06,GCP,Cloud Functions,us-central1,DevOps,9.79,22.46
2025-09-06,GCP,Cloud Functions,asia-south1,Finance,5.49,15.09
2025-09-06,GCP,Cloud Storage,us-central1,DevOps,9.17,31.72
2025-09-06,GCP,Cloud Storage,europe-west1,DevOps,6.96,24.21
2025-09-06,GCP,Cloud Storage,asia-south1,DevOps,15.0,31.56
2025-09-06,GCP,Compute Engine,us-central1,Finance,48.46,104.9
2025-09-06,GCP,Compute Engine,europe-west1,Finance,78.18,173.98
2025-09-06,GCP,Compute Engine,asia-south1,Marketing,68.76,164.25
2025-09-07,AWS,CloudFront,eu-west-1,QA,13.43,50.61
2025-09-07,AWS,EBS,us-west-2,Engineering,35.8,28.29
2025-09-07,AWS,EBS,eu-west-1,Engineering,16.75,34.54
2025-09-07,AWS,EBS,ap-south-1,Finance,10.62,37.53
2025-09-07,AWS,EC2,us-east-1,DevOps,50.14,134.75
2025-09-07,AWS,EC2,us-west-2,Marketing,49.42,120.29
2025-09-07,AWS,EC2,eu-west-1,Finance,48.67,113.77
2025-09-07,AWS,Lambda,us-west-2,DevOps,5.26,8.63
2025-09-07,AWS,Lambda,eu-west-1,QA,4.74,13.57
2025-09-07,AWS,Lambda,ap-south-1,Marketing,5.75,8.4
2025-09-07,AWS,RDS,us-east-1,Engineering,30.6,101.7
2025-09-07,AWS,RDS,us-west-2,Finance,50.61,186.27
2025-09-07,AWS,RDS,eu-west-1,QA,40.98,120.49
2025-09-07,AWS,RDS,ap-south-1,Engineering,50.98,79.03
2025-09-07,AWS,S3,us-east-1,DevOps,8.43,19.32
2025-09-07,AWS,S3,us-west-2,Marketing,8.2,28.21
2025-09-07,AWS,S3,eu-west-1,Engineering,6.96,27.67
2025-09-07,AWS,S3,ap-south-1,QA,12.2,29.52
2025-09-07,Azure,Blob Storage,East US,DevOps,13.92,53.66
2025-09-07,Azure,Blob Storage,West Europe,Engineering,11.38,28.8
2025-09-07,Azure,Blob Storage,Southeast Asia,Engineering,18.38,66.71
2025-09-07,Azure,CDN,East US,Data Science,11.16,23.86
2025-09-07,Azure,CDN,Southeast Asia,Engineering,11.43,28.32
2025-09-07,Azure,Functions,Central India,QA,8.19,20.68
2025-09-07,Azure,Functions,Southeast Asia,QA,9.71,23.59
2025-09-07,Azure,SQL Database,East US,QA,31.13,110.61
2025-09-07,Azure,SQL Database,Central India,DevOps,40.32,132.97
2025-09-07,Azure,Virtual Machines,East US,DevOps,53.27,92.24
2025-09-07,Azure,Virtual Machines,West Europe,QA,71.73,233.77
2025-09-07,Azure,Virtual Machines,Central India,Data Science,44.51,143.39
2025-09-07,Azure,Virtual Machines,Southeast Asia,Marketing,50.3,96.17
2025-09-07,GCP,BigQuery,us-central1,QA,28.12,93.72
2025-09-07,GCP,BigQuery,europe-west1,DevOps,15.31,22.24
2025-09-07,GCP,Cloud CDN,us-central1,Finance,17.1,47.06
2025-09-07,GCP,Cloud Functions,us-central1,DevOps,11.66,30.6
2025-09-07,GCP,Cloud Functions,asia-south1,Finance,6.15,16.09
2025-09-07,GCP,Cloud Storage,us-central1,DevOps,11.75,38.67
2025-09-07,GCP,Cloud Storage,europe-west1,DevOps,6.23,25.03
2025-09-07,GCP,Cloud Storage,asia-south1,DevOps,13.63,29.26
2025-09-07,GCP,Compute Engine,us-central1,Finance,49.46,94.62
2025-09-07,GCP,Compute Engine,europe-west1,Finance,74.85,137.0
2025-09-07,GCP,Compute Engine,asia-south1,Marketing,76.1,179.48
2025-09-08,AWS,CloudFront,eu-west-1,QA,14.06,51.0
2025-09-08,AWS,EBS,us-west-2,Engineering,12.91,23.58
2025-09-08,AWS,EBS,eu-west-1,Engineering,17.38,34.29
2025-09-08,AWS,EBS,ap-south-1,Finance,11.05,40.06
2025-09-08,AWS,EC2,us-east-1,DevOps,59.29,161.1
2025-09-08,AWS,EC2,us-west-2,Marketing,46.15,116.11
2025-09-08,AWS,EC2,eu-west-1,Finance,50.88,141.46
2025-09-08,AWS,Lambda,us-west-2,DevOps,4.61,8.42
2025-09-08,AWS,Lambda,eu-west-1,QA,6.24,17.95
2025-09-08,AWS,Lambda,ap-south-1,Marketing,4.61,7.73
2025-09-08,AWS,RDS,us-east-1,Engineering,31.93,105.18
2025-09-08,AWS,RDS,us-west-2,Finance,50.72,174.19
2025-09-08,AWS,RDS,eu-west-1,QA,47.77,146.85
2025-09-08,AWS,RDS,ap-south-1,Engineering,52.15,73.5
2025-09-08,AWS,S3,us-east-1,DevOps,8.59,20.04
2025-09-08,AWS,S3,us-west-2,Marketing,9.5,29.26
2025-09-08,AWS,S3,eu-west-1,Engineering,7.98,28.12
2025-09-08,AWS,S3,ap-south-1,QA,15.51,39.47
2025-09-08,Azure,Blob Storage,East US,DevOps,13.61,45.52
2025-09-08,Azure,Blob Storage,West Europe,Engineering,12.04,28.17
2025-09-08,Azure,Blob Storage,Southeast Asia,Engineering,19.38,70.58
2025-09-08,Azure,CDN,East US,Data Science,35.0,25.75
2025-09-08,Azure,CDN,Southeast Asia,Engineering,10.92,29.87
2025-09-08,Azure,Functions,Central India,QA,8.56,21.62
2025-09-08,Azure,Functions,Southeast Asia,QA,10.82,26.48
2025-09-08,Azure,SQL Database,East US,QA,36.94,115.86
2025-09-08,Azure,SQL Database,Central India,DevOps,47.71,151.28
2025-09-08,Azure,Virtual Machines,East US,DevOps,57.17,83.01
2025-09-08,Azure,Virtual Machines,West Europe,QA,65.91,232.85
2025-09-08,Azure,Virtual Machines,Central India,Data Science,47.33,159.18
2025-09-08,Azure,Virtual Machines,Southeast Asia,Marketing,38.24,64.84
2025-09-08,GCP,BigQuery,us-central1,QA,28.54,97.58
2025-09-08,GCP,BigQuery,europe-west1,DevOps,13.95,20.47
2025-09-08,GCP,Cloud CDN,us-central1,Finance,18.93,48.58
2025-09-08,GCP,Cloud Functions,us-central1,DevOps,9.73,24.45
2025-09-08,GCP,Cloud Functions,asia-south1,Finance,5.53,13.26
2025-09-08,GCP,Cloud Storage,us-central1,DevOps,10.83,37.67
2025-09-08,GCP,Cloud Storage,europe-west1,DevOps,6.81,24.38
2025-09-08,GCP,Cloud Storage,asia-south1,DevOps,14.34,30.2
2025-09-08,GCP,Compute Engine,us-central1,Finance,44.06,91.42
2025-09-08,GCP,Compute Engine,europe-west1,Finance,79.49,155.32
2025-09-08,GCP,Compute Engine,asia-south1,Marketing,77.47,175.15
2025-09-09,AWS,CloudFront,eu-west-1,QA,14.2,46.1
2025-09-09,AWS,EBS,us-west-2,Engineering,15.12,31.55
2025-09-09,AWS,EBS,eu-west-1,Engineering,17.19,37.08
2025-09-09,AWS,EBS,ap-south-1,Finance,10.63,36.81
2025-09-09,AWS,EC2,us-east-1,DevOps,51.16,134.93
2025-09-09,AWS,EC2,us-west-2,Marketing,46.82,131.82
2025-09-09,AWS,EC2,eu-west-1,Finance,47.24,109.94
2025-09-09,AWS,Lambda,us-west-2,DevOps,4.42,7.01
2025-09-09,AWS,Lambda,eu-west-1,QA,5.85,14.29
2025-09-09,AWS,Lambda,ap-south-1,Marketing,5.33,8.8
2025-09-09,AWS,RDS,us-east-1,Engineering,32.17,99.77
2025-09-09,AWS,RDS,us-west-2,Finance,38.24,146.18
2025-09-09,AWS,RDS,eu-west-1,QA,42.92,148.75
2025-09-09,AWS,RDS,ap-south-1,Engineering,56.8,91.85
2025-09-09,AWS,S3,us-east-1,DevOps,9.76,19.47
2025-09-09,AWS,S3,us-west-2,Marketing,7.51,24.97
2025-09-09,AWS,S3,eu-west-1,Engineering,8.28,29.04
2025-09-09,AWS,S3,ap-south-1,QA,14.54,31.1
2025-09-09,Azure,Blob Storage,East US,DevOps,13.6,46.26
2025-09-09,Azure,Blob Storage,West Europe,Engineering,11.75,29.2
2025-09-09,Azure,Blob Storage,Southeast Asia,Engineering,17.28,63.65
2025-09-09,Azure,CDN,East US,Data Science,11.98,28.45
2025-09-09,Azure,CDN,Southeast Asia,Engineering,11.88,31.78
2025-09-09,Azure,Functions,Central India,QA,8.09,21.39
2025-09-09,Azure,Functions,Southeast Asia,QA,11.67,29.91
2025-09-09,Azure,SQL Database,East US,QA,39.13,121.38
2025-09-09,Azure,SQL Database,Central India,DevOps,52.81,177.07
2025-09-09,Azure,Virtual Machines,East US,DevOps,54.73,87.08
2025-09-09,Azure,Virtual Machines,West Europe,QA,61.06,189.9
2025-09-09,Azure,Virtual Machines,Central India,Data Science,42.18,128.95
2025-09-09,Azure,Virtual Machines,Southeast Asia,Marketing,48.09,98.65
2025-09-09,GCP,BigQuery,us-central1,QA,25.15,77.36
2025-09-09,GCP,BigQuery,europe-west1,DevOps,17.19,24.79
2025-09-09,GCP,Cloud CDN,us-central1,Finance,19.63,50.76
2025-09-09,GCP,Cloud Functions,us-central1,DevOps,9.11,23.58
2025-09-09,GCP,Cloud Functions,asia-south1,Finance,5.99,16.45
2025-09-09,GCP,Cloud Storage,us-central1,DevOps,10.63,40.66
2025-09-09,GCP,Cloud Storage,europe-west1,DevOps,6.91,26.36
2025-09-09,GCP,Cloud Storage,asia-south1,DevOps,18.24,39.06
2025-09-09,GCP,Compute Engine,us-central1,Finance,48.02,96.1
2025-09-09,GCP,Compute Engine,europe-west1,Finance,91.57,202.09
2025-09-09,GCP,Compute Engine,asia-south1,Marketing,81.67,182.36
2025-09-10,AWS,CloudFront,eu-west-1,QA,13.41,47.71
2025-09-10,AWS,EBS,us-west-2,Engineering,14.0,28.15
2025-09-10,AWS,EBS,eu-west-1,Engineering,15.33,31.64
2025-09-10,AWS,EBS,ap-south-1,Finance,9.93,34.61
2025-09-10,AWS,EC2,us-east-1,DevOps,50.27,135.94
2025-09-10,AWS,EC2,us-west-2,Marketing,46.72,134.45
2025-09-10,AWS,EC2,eu-west-1,Finance,41.1,102.53
2025-09-10,AWS,Lambda,us-west-2,DevOps,5.17,8.0
2025-09-10,AWS,Lambda,eu-west-1,QA,5.35,14.05
2025-09-10,AWS,Lambda,ap-south-1,Marketing,6.67,11.08
2025-09-10,AWS,RDS,us-east-1,Engineering,34.94,114.77
2025-09-10,AWS,RDS,us-west-2,Finance,47.63,165.19
2025-09-10,AWS,RDS,eu-west-1,QA,37.6,119.0
2025-09-10,AWS,RDS,ap-south-1,Engineering,49.49,81.53
2025-09-10,AWS,S3,us-east-1,DevOps,8.28,18.45
2025-09-10,AWS,S3,us-west-2,Marketing,8.29,28.47
2025-09-10,AWS,S3,eu-west-1,Engineering,7.81,28.67
2025-09-10,AWS,S3,ap-south-1,QA,13.62,31.85
2025-09-10,Azure,Blob Storage,East US,DevOps,13.2,46.33
2025-09-10,Azure,Blob Storage,West Europe,Engineering,11.9,30.58
2025-09-10,Azure,Blob Storage,Southeast Asia,Engineering,17.9,68.58
2025-09-10,Azure,CDN,East US,Data Science,13.94,30.59
2025-09-10,Azure,CDN,Southeast Asia,Engineering,10.5,28.37
2025-09-10,Azure,Functions,Central India,QA,9.55,24.3
2025-09-10,Azure,Functions,Southeast Asia,QA,10.39,27.69
2025-09-10,Azure,SQL Database,East US,QA,40.37,140.91
2025-09-10,Azure,SQL Database,Central India,DevOps,42.34,160.74
2025-09-10,Azure,Virtual Machines,East US,DevOps,68.63,115.25
2025-09-10,Azure,Virtual Machines,West Europe,QA,76.47,231.45
2025-09-10,Azure,Virtual Machines,Central India,Data Science,50.63,166.89
2025-09-10,Azure,Virtual Machines,Southeast Asia,Marketing,44.76,80.5
2025-09-10,GCP,BigQuery,us-central1,QA,27.08,77.26
2025-09-10,GCP,BigQuery,europe-west1,DevOps,21.23,30.91
2025-09-10,GCP,Cloud CDN,us-central1,Finance,18.78,52.75
2025-09-10,GCP,Cloud Functions,us-central1,DevOps,10.17,25.86
2025-09-10,GCP,Cloud Functions,asia-south1,Finance,5.9,14.51
2025-09-10,GCP,Cloud Storage,us-central1,DevOps,11.94,42.73
2025-09-10,GCP,Cloud Storage,europe-west1,DevOps,6.97,25.78
2025-09-10,GCP,Cloud Storage,asia-south1,DevOps,16.54,33.87
2025-09-10,GCP,Compute Engine,us-central1,Finance,44.0,92.08
2025-09-10,GCP,Compute Engine,europe-west1,Finance,78.24,152.85
2025-09-10,GCP,Compute Engine,asia-south1,Marketing,78.81,200.27
2025-09-11,AWS,CloudFront,eu-west-1,QA,13.0,48.99
2025-09-11,AWS,EBS,us-west-2,Engineering,11.48,24.07
2025-09-11,AWS,EBS,eu-west-1,Engineering,15.49,28.22
2025-09-11,AWS,EBS,ap-south-1,Finance,13.88,50.22
2025-09-11,AWS,EC2,us-east-1,DevOps,51.3,149.45
2025-09-11,AWS,EC2,us-west-2,Marketing,55.05,140.33
2025-09-11,AWS,EC2,eu-west-1,Finance,50.25,116.59
2025-09-11,AWS,Lambda,us-west-2,DevOps,4.69,7.63
2025-09-11,AWS,Lambda,eu-west-1,QA,5.76,15.63
2025-09-11,AWS,Lambda,ap-south-1,Marketing,5.96,8.9
2025-09-11,AWS,RDS,us-east-1,Engineering,27.52,88.53
2025-09-11,AWS,RDS,us-west-2,Finance,45.21,169.59
2025-09-11,AWS,RDS,eu-west-1,QA,43.2,126.35
2025-09-11,AWS,RDS,ap-south-1,Engineering,54.27,76.26
2025-09-11,AWS,S3,us-east-1,DevOps,9.75,18.89
2025-09-11,AWS,S3,us-west-2,Marketing,9.23,30.07
2025-09-11,AWS,S3,eu-west-1,Engineering,8.04,32.33
2025-09-11,AWS,S3,ap-south-1,QA,13.99,31.3
2025-09-11,Azure,Blob Storage,East US,DevOps,13.78,46.8
2025-09-11,Azure,Blob Storage,West Europe,Engineering,10.98,25.25
2025-09-11,Azure,Blob Storage,Southeast Asia,Engineering,17.12,64.08
2025-09-11,Azure,CDN,East US,Data Science,11.65,25.39
2025-09-11,Azure,CDN,Southeast Asia,Engineering,10.12,25.95
2025-09-11,Azure,Functions,Central India,QA,8.64,20.18
2025-09-11,Azure,Functions,Southeast Asia,QA,12.34,29.4
2025-09-11,Azure,SQL Database,East US,QA,39.24,141.22
2025-09-11,Azure,SQL Database,Central India,DevOps,58.23,213.98
2025-09-11,Azure,Virtual Machines,East US,DevOps,59.15,88.5
2025-09-11,Azure,Virtual Machines,West Europe,QA,70.04,253.45
2025-09-11,Azure,Virtual Machines,Central India,Data Science,49.43,144.06
2025-09-11,Azure,Virtual Machines,Southeast Asia,Marketing,44.23,78.75
2025-09-11,GCP,BigQuery,us-central1,QA,30.08,89.42
2025-09-11,GCP,BigQuery,europe-west1,DevOps,16.91,26.2
2025-09-11,GCP,Cloud CDN,us-central1,Finance,16.31,46.04
2025-09-11,GCP,Cloud Functions,us-central1,DevOps,10.39,25.25
2025-09-11,GCP,Cloud Functions,asia-south1,Finance,5.87,15.13
2025-09-11,GCP,Cloud Storage,us-central1,DevOps,11.65,40.44
2025-09-11,GCP,Cloud Storage,europe-west1,DevOps,7.34,26.81
2025-09-11,GCP,Cloud Storage,asia-south1,DevOps,17.54,32.0
2025-09-11,GCP,Compute Engine,us-central1,Finance,50.88,107.25
2025-09-11,GCP,Compute Engine,europe-west1,Finance,88.12,169.21
2025-09-11,GCP,Compute Engine,asia-south1,Marketing,78.01,167.27
2025-09-12,AWS,CloudFront,eu-west-1,QA,14.85,54.0
2025-09-12,AWS,EBS,us-west-2,Engineering,14.46,25.15
2025-09-12,AWS,EBS,eu-west-1,Engineering,42.36,27.18
2025-09-12,AWS,EBS,ap-south-1,Finance,10.23,35.24
2025-09-12,AWS,EC2,us-east-1,DevOps,53.59,160.27
2025-09-12,AWS,EC2,us-west-2,Marketing,48.9,126.71
2025-09-12,AWS,EC2,eu-west-1,Finance,45.81,107.72
2025-09-12,AWS,Lambda,us-west-2,DevOps,4.92,8.68
2025-09-12,AWS,Lambda,eu-west-1,QA,4.71,11.69
2025-09-12,AWS,Lambda,ap-south-1,Marketing,6.0,10.23
2025-09-12,AWS,RDS,us-east-1,Engineering,31.75,106.7
2025-09-12,AWS,RDS,us-west-2,Finance,46.77,157.43
2025-09-12,AWS,RDS,eu-west-1,QA,44.92,141.25
2025-09-12,AWS,RDS,ap-south-1,Engineering,56.18,84.93
2025-09-12,AWS,S3,us-east-1,DevOps,8.05,16.84
2025-09-12,AWS,S3,us-west-2,Marketing,7.77,23.18
2025-09-12,AWS,S3,eu-west-1,Engineering,7.75,27.88
2025-09-12,AWS,S3,ap-south-1,QA,13.62,31.54
2025-09-12,Azure,Blob Storage,East US,DevOps,15.89,62.27
2025-09-12,Azure,Blob Storage,West Europe,Engineering,11.27,27.82
2025-09-12,Azure,Blob Storage,Southeast Asia,Engineering,18.34,62.71
2025-09-12,Azure,CDN,East US,Data Science,12.19,29.33
2025-09-12,Azure,CDN,Southeast Asia,Engineering,10.87,30.77
2025-09-12,Azure,Functions,Central India,QA,6.89,16.28
2025-09-12,Azure,Functions,Southeast Asia,QA,11.11,26.34
2025-09-12,Azure,SQL Database,East US,QA,43.94,148.89
2025-09-12,Azure,SQL Database,Central India,DevOps,54.33,187.84
2025-09-12,Azure,Virtual Machines,East US,DevOps,68.64,113.81
2025-09-12,Azure,Virtual Machines,West Europe,QA,75.31,225.32
2025-09-12,Azure,Virtual Machines,Central India,Data Science,47.71,155.23
2025-09-12,Azure,Virtual Machines,Southeast Asia,Marketing,49.47,92.46
2025-09-12,GCP,BigQuery,us-central1,QA,31.29,90.29
2025-09-12,GCP,BigQuery,europe-west1,DevOps,19.34,26.3
2025-09-12,GCP,Cloud CDN,us-central1,Finance,21.68,57.79
2025-09-12,GCP,Cloud Functions,us-central1,DevOps,10.77,25.5
2025-09-12,GCP,Cloud Functions,asia-south1,Finance,5.34,14.76
2025-09-12,GCP,Cloud Storage,us-central1,DevOps,11.49,40.01
2025-09-12,GCP,Cloud Storage,europe-west1,DevOps,6.38,23.12
2025-09-12,GCP,Cloud Storage,asia-south1,DevOps,15.49,30.71
2025-09-12,GCP,Compute Engine,us-central1,Finance,44.48,87.3
2025-09-12,GCP,Compute Engine,europe-west1,Finance,89.79,190.85
2025-09-12,GCP,Compute Engine,asia-south1,Marketing,87.87,213.57
2025-09-13,AWS,CloudFront,eu-west-1,QA,15.68,50.95
2025-09-13,AWS,EBS,us-west-2,Engineering,13.74,25.05
2025-09-13,AWS,EBS,eu-west-1,Engineering,16.49,32.65
2025-09-13,AWS,EBS,ap-south-1,Finance,11.72,42.43
2025-09-13,AWS,EC2,us-east-1,DevOps,51.09,158.42
2025-09-13,AWS,EC2,us-west-2,Marketing,43.87,119.97
2025-09-13,AWS,EC2,eu-west-1,Finance,46.41,129.02
2025-09-13,AWS,Lambda,us-west-2,DevOps,5.25,9.05
2025-09-13,AWS,Lambda,eu-west-1,QA,6.56,18.45
2025-09-13,AWS,Lambda,ap-south-1,Marketing,5.18,7.51
2025-09-13,AWS,RDS,us-east-1,Engineering,36.81,122.51
2025-09-13,AWS,RDS,us-west-2,Finance,45.03,161.99
2025-09-13,AWS,RDS,eu-west-1,QA,42.93,141.5
2025-09-13,AWS,RDS,ap-south-1,Engineering,53.47,77.12
2025-09-13,AWS,S3,us-east-1,DevOps,9.91,21.2
2025-09-13,AWS,S3,us-west-2,Marketing,9.64,31.41
2025-09-13,AWS,S3,eu-west-1,Engineering,7.14,24.67
2025-09-13,AWS,S3,ap-south-1,QA,14.4,33.52
2025-09-13,Azure,Blob Storage,East US,DevOps,15.26,52.17
2025-09-13,Azure,Blob Storage,West Europe,Engineering,11.3,27.36
2025-09-13,Azure,Blob Storage,Southeast Asia,Engineering,17.48,61.45
2025-09-13,Azure,CDN,East US,Data Science,11.69,24.99
2025-09-13,Azure,CDN,Southeast Asia,Engineering,10.51,27.22
2025-09-13,Azure,Functions,Central India,QA,10.99,26.16
2025-09-13,Azure,Functions,Southeast Asia,QA,10.77,25.62
2025-09-13,Azure,SQL Database,East US,QA,38.85,130.74
2025-09-13,Azure,SQL Database,Central India,DevOps,46.76,156.0
2025-09-13,Azure,Virtual Machines,East US,DevOps,68.4,116.18
2025-09-13,Azure,Virtual Machines,West Europe,QA,75.62,275.1
2025-09-13,Azure,Virtual Machines,Central India,Data Science,57.39,188.5
2025-09-13,Azure,Virtual Machines,Southeast Asia,Marketing,41.05,77.58
2025-09-13,GCP,BigQuery,us-central1,QA,31.76,96.49
2025-09-13,GCP,BigQuery,europe-west1,DevOps,16.33,26.88
2025-09-13,GCP,Cloud CDN,us-central1,Finance,18.24,48.96
2025-09-13,GCP,Cloud Functions,us-central1,DevOps,11.01,28.13
2025-09-13,GCP,Cloud Functions,asia-south1,Finance,5.23,12.92
2025-09-13,GCP,Cloud Storage,us-central1,DevOps,10.66,39.04
2025-09-13,GCP,Cloud Storage,europe-west1,DevOps,6.61,26.69
2025-09-13,GCP,Cloud Storage,asia-south1,DevOps,41.14,29.05
2025-09-13,GCP,Compute Engine,us-central1,Finance,47.97,92.01
2025-09-13,GCP,Compute Engine,europe-west1,Finance,77.85,165.95
2025-09-13,GCP,Compute Engine,asia-south1,Marketing,71.55,152.44
2025-09-14,AWS,CloudFront,eu-west-1,QA,13.87,52.04
2025-09-14,AWS,EBS,us-west-2,Engineering,13.94,27.91
2025-09-14,AWS,EBS,eu-west-1,Engineering,17.69,37.99
2025-09-14,AWS,EBS,ap-south-1,Finance,9.98,39.25
2025-09-14,AWS,EC2,us-east-1,DevOps,53.29,143.79
2025-09-14,AWS,EC2,us-west-2,Marketing,53.8,151.71
2025-09-14,AWS,EC2,eu-west-1,Finance,49.4,123.21
2025-09-14,AWS,Lambda,us-west-2,DevOps,5.79,9.57
2025-09-14,AWS,Lambda,eu-west-1,QA,5.23,14.66
2025-09-14,AWS,Lambda,ap-south-1,Marketing,5.58,8.37
2025-09-14,AWS,RDS,us-east-1,Engineering,35.16,100.23
2025-09-14,AWS,RDS,us-west-2,Finance,47.27,182.75
2025-09-14,AWS,RDS,eu-west-1,QA,42.21,147.18
2025-09-14,AWS,RDS,ap-south-1,Engineering,46.82,74.55
2025-09-14,AWS,S3,us-east-1,DevOps,8.66,18.76
2025-09-14,AWS,S3,us-west-2,Marketing,9.39,29.68
2025-09-14,AWS,S3,eu-west-1,Engineering,7.8,27.38
2025-09-14,AWS,S3,ap-south-1,QA,13.14,32.66
2025-09-14,Azure,Blob Storage,East US,DevOps,15.65,57.35
2025-09-14,Azure,Blob Storage,West Europe,Engineering,10.12,24.18
2025-09-14,Azure,Blob Storage,Southeast Asia,Engineering,17.11,65.6
2025-09-14,Azure,CDN,East US,Data Science,10.63,24.92
2025-09-14,Azure,CDN,Southeast Asia,Engineering,11.48,27.59
2025-09-14,Azure,Functions,Central India,QA,8.82,19.44
2025-09-14,Azure,Functions,Southeast Asia,QA,10.61,26.08
2025-09-14,Azure,SQL Database,East US,QA,43.1,136.38
2025-09-14,Azure,SQL Database,Central India,DevOps,57.24,195.65
2025-09-14,Azure,Virtual Machines,East US,DevOps,72.27,117.84
2025-09-14,Azure,Virtual Machines,West Europe,QA,68.32,237.3
2025-09-14,Azure,Virtual Machines,Central India,Data Science,48.28,149.31
2025-09-14,Azure,Virtual Machines,Southeast Asia,Marketing,41.21,81.35
2025-09-14,GCP,BigQuery,us-central1,QA,28.82,93.01
2025-09-14,GCP,BigQuery,europe-west1,DevOps,18.06,28.66
2025-09-14,GCP,Cloud CDN,us-central1,Finance,20.96,57.77
2025-09-14,GCP,Cloud Functions,us-central1,DevOps,12.08,31.68
2025-09-14,GCP,Cloud Functions,asia-south1,Finance,6.16,17.05
2025-09-14,GCP,Cloud Storage,us-central1,DevOps,12.5,43.49
2025-09-14,GCP,Cloud Storage,europe-west1,DevOps,7.99,31.73
2025-09-14,GCP,Cloud Storage,asia-south1,DevOps,16.01,31.44
2025-09-14,GCP,Compute Engine,us-central1,Finance,46.02,90.52
2025-09-14,GCP,Compute Engine,europe-west1,Finance,79.99,161.65
2025-09-14,GCP,Compute Engine,asia-south1,Marketing,78.41,173.5
2025-09-15,AWS,CloudFront,eu-west-1,QA,14.43,48.44
2025-09-15,AWS,EBS,us-west-2,Engineering,15.35,31.77
2025-09-15,AWS,EBS,eu-west-1,Engineering,17.09,32.12
2025-09-15,AWS,EBS,ap-south-1,Finance,9.84,34.21
2025-09-15,AWS,EC2,us-east-1,DevOps,55.95,175.36
2025-09-15,AWS,EC2,us-west-2,Marketing,58.83,156.88
2025-09-15,AWS,EC2,eu-west-1,Finance,50.76,128.42
2025-09-15,AWS,Lambda,us-west-2,DevOps,5.23,9.6
2025-09-15,AWS,Lambda,eu-west-1,QA,5.48,15.8
2025-09-15,AWS,Lambda,ap-south-1,Marketing,4.65,7.58
2025-09-15,AWS,RDS,us-east-1,Engineering,37.28,114.16
2025-09-15,AWS,RDS,us-west-2,Finance,47.69,177.53
2025-09-15,AWS,RDS,eu-west-1,QA,50.09,153.24
2025-09-15,AWS,RDS,ap-south-1,Engineering,59.22,93.71
2025-09-15,AWS,S3,us-east-1,DevOps,9.11,21.11
2025-09-15,AWS,S3,us-west-2,Marketing,9.01,32.22
2025-09-15,AWS,S3,eu-west-1,Engineering,8.28,33.62
2025-09-15,AWS,S3,ap-south-1,QA,15.3,33.29
2025-09-15,Azure,Blob Storage,East US,DevOps,15.9,52.83
2025-09-15,Azure,Blob Storage,West Europe,Engineering,12.87,33.12
2025-09-15,Azure,Blob Storage,Southeast Asia,Engineering,16.3,60.08
2025-09-15,Azure,CDN,East US,Data Science,13.79,32.37
2025-09-15,Azure,CDN,Southeast Asia,Engineering,9.83,26.49
2025-09-15,Azure,Functions,Central India,QA,8.87,23.35
2025-09-15,Azure,Functions,Southeast Asia,QA,11.41,28.94
2025-09-15,Azure,SQL Database,East US,QA,37.2,110.43
2025-09-15,Azure,SQL Database,Central India,DevOps,43.48,136.37
2025-09-15,Azure,Virtual Machines,East US,DevOps,62.61,95.46
2025-09-15,Azure,Virtual Machines,West Europe,QA,78.24,250.94
2025-09-15,Azure,Virtual Machines,Central India,Data Science,52.69,174.49
2025-09-15,Azure,Virtual Machines,Southeast Asia,Marketing,50.64,92.88
2025-09-15,GCP,BigQuery,us-central1,QA,29.71,93.51
2025-09-15,GCP,BigQuery,europe-west1,DevOps,19.56,32.05
2025-09-15,GCP,Cloud CDN,us-central1,Finance,19.49,58.38
2025-09-15,GCP,Cloud Functions,us-central1,DevOps,10.01,22.49
2025-09-15,GCP,Cloud Functions,asia-south1,Finance,6.1,14.77
2025-09-15,GCP,Cloud Storage,us-central1,DevOps,10.48,38.96
2025-09-15,GCP,Cloud Storage,europe-west1,DevOps,6.19,23.42
2025-09-15,GCP,Cloud Storage,asia-south1,DevOps,14.41,28.52
2025-09-15,GCP,Compute Engine,us-central1,Finance,44.34,100.74
2025-09-15,GCP,Compute Engine,europe-west1,Finance,93.72,207.46
2025-09-15,GCP,Compute Engine,asia-south1,Marketing,84.25,190.23
2025-09-16,AWS,CloudFront,eu-west-1,QA,15.75,54.55
2025-09-16,AWS,EBS,us-west-2,Engineering,14.4,24.9
2025-09-16,AWS,EBS,eu-west-1,Engineering,18.74,39.52
2025-09-16,AWS,EBS,ap-south-1,Finance,11.87,44.68
2025-09-16,AWS,EC2,us-east-1,DevOps,55.08,169.25
2025-09-16,AWS,EC2,us-west-2,Marketing,56.05,143.56
2025-09-16,AWS,EC2,eu-west-1,Finance,49.44,119.76
2025-09-16,AWS,Lambda,us-west-2,DevOps,5.13,9.02
2025-09-16,AWS,Lambda,eu-west-1,QA,4.74,11.41
2025-09-16,AWS,Lambda,ap-south-1,Marketing,6.0,9.79
2025-09-16,AWS,RDS,us-east-1,Engineering,36.08,102.7
2025-09-16,AWS,RDS,us-west-2,Finance,45.22,184.99
2025-09-16,AWS,RDS,eu-west-1,QA,39.94,127.01
2025-09-16,AWS,RDS,ap-south-1,Engineering,58.41,82.14
2025-09-16,AWS,S3,us-east-1,DevOps,8.86,19.54
2025-09-16,AWS,S3,us-west-2,Marketing,8.51,25.92
2025-09-16,AWS,S3,eu-west-1,Engineering,7.91,30.78
2025-09-16,AWS,S3,ap-south-1,QA,14.62,34.72
2025-09-16,Azure,Blob Storage,East US,DevOps,17.46,58.9
2025-09-16,Azure,Blob Storage,West Europe,Engineering,10.69,27.41
2025-09-16,Azure,Blob Storage,Southeast Asia,Engineering,21.34,71.51
2025-09-16,Azure,CDN,East US,Data Science,13.36,27.68
2025-09-16,Azure,CDN,Southeast Asia,Engineering,11.17,26.9
2025-09-16,Azure,Functions,Central India,QA,10.6,23.58
2025-09-16,Azure,Functions,Southeast Asia,QA,11.22,25.51
2025-09-16,Azure,SQL Database,East US,QA,39.64,122.12
2025-09-16,Azure,SQL Database,Central India,DevOps,47.44,171.88
2025-09-16,Azure,Virtual Machines,East US,DevOps,68.98,118.15
2025-09-16,Azure,Virtual Machines,West Europe,QA,70.93,244.91
2025-09-16,Azure,Virtual Machines,Central India,Data Science,50.65,160.23
2025-09-16,Azure,Virtual Machines,Southeast Asia,Marketing,50.34,93.22
2025-09-16,GCP,BigQuery,us-central1,QA,30.42,90.5
2025-09-16,GCP,BigQuery,europe-west1,DevOps,17.9,28.12
2025-09-16,GCP,Cloud CDN,us-central1,Finance,20.07,51.38
2025-09-16,GCP,Cloud Functions,us-central1,DevOps,10.0,24.11
2025-09-16,GCP,Cloud Functions,asia-south1,Finance,5.86,16.26
2025-09-16,GCP,Cloud Storage,us-central1,DevOps,12.42,49.41
2025-09-16,GCP,Cloud Storage,europe-west1,DevOps,7.78,30.27
2025-09-16,GCP,Cloud Storage,asia-south1,DevOps,16.16,32.18
2025-09-16,GCP,Compute Engine,us-central1,Finance,46.19,102.96
2025-09-16,GCP,Compute Engine,europe-west1,Finance,80.43,153.73
2025-09-16,GCP,Compute Engine,asia-south1,Marketing,62.16,157.84
2025-09-17,AWS,CloudFront,eu-west-1,QA,15.95,56.05
2025-09-17,AWS,EBS,us-west-2,Engineering,16.35,28.09
2025-09-17,AWS,EBS,eu-west-1,Engineering,13.96,26.59
2025-09-17,AWS,EBS,ap-south-1,Finance,12.01,49.58
2025-09-17,AWS,EC2,us-east-1,DevOps,59.64,171.46
2025-09-17,AWS,EC2,us-west-2,Marketing,50.53,129.98
2025-09-17,AWS,EC2,eu-west-1,Finance,51.63,135.2
2025-09-17,AWS,Lambda,us-west-2,DevOps,4.62,7.08
2025-09-17,AWS,Lambda,eu-west-1,QA,5.81,14.64
2025-09-17,AWS,Lambda,ap-south-1,Marketing,6.41,9.73
2025-09-17,AWS,RDS,us-east-1,Engineering,31.22,90.2
2025-09-17,AWS,RDS,us-west-2,Finance,44.27,177.67
2025-09-17,AWS,RDS,eu-west-1,QA,34.55,117.86
2025-09-17,AWS,RDS,ap-south-1,Engineering,56.43,91.95
2025-09-17,AWS,S3,us-east-1,DevOps,10.09,21.44
2025-09-17,AWS,S3,us-west-2,Marketing,7.9,26.82
2025-09-17,AWS,S3,eu-west-1,Engineering,8.55,30.81
2025-09-17,AWS,S3,ap-south-1,QA,14.75,35.38
2025-09-17,Azure,Blob Storage,East US,DevOps,14.96,51.48
2025-09-17,Azure,Blob Storage,West Europe,Engineering,12.05,31.17
2025-09-17,Azure,Blob Storage,Southeast Asia,Engineering,18.44,63.91
2025-09-17,Azure,CDN,East US,Data Science,13.63,27.42
2025-09-17,Azure,CDN,Southeast Asia,Engineering,12.66,31.74
2025-09-17,Azure,Functions,Central India,QA,8.49,21.47
2025-09-17,Azure,Functions,Southeast Asia,QA,10.2,27.14
2025-09-17,Azure,SQL Database,East US,QA,35.82,119.58
2025-09-17,Azure,SQL Database,Central India,DevOps,46.0,146.88
2025-09-17,Azure,Virtual Machines,East US,DevOps,67.87,115.39
2025-09-17,Azure,Virtual Machines,West Europe,QA,67.45,238.28
2025-09-17,Azure,Virtual Machines,Central India,Data Science,55.85,189.93
2025-09-17,Azure,Virtual Machines,Southeast Asia,Marketing,49.23,92.92
2025-09-17,GCP,BigQuery,us-central1,QA,30.31,100.11
2025-09-17,GCP,BigQuery,europe-west1,DevOps,16.44,24.66
2025-09-17,GCP,Cloud CDN,us-central1,Finance,20.02,55.69
2025-09-17,GCP,Cloud Functions,us-central1,DevOps,9.06,21.72
2025-09-17,GCP,Cloud Functions,asia-south1,Finance,5.73,14.22
2025-09-17,GCP,Cloud Storage,us-central1,DevOps,11.85,38.98
2025-09-17,GCP,Cloud Storage,europe-west1,DevOps,7.23,29.88
2025-09-17,GCP,Cloud Storage,asia-south1,DevOps,18.8,36.57
2025-09-17,GCP,Compute Engine,us-central1,Finance,47.32,106.33
2025-09-17,GCP,Compute Engine,europe-west1,Finance,86.98,191.36
2025-09-17,GCP,Compute Engine,asia-south1,Marketing,89.06,194.71
2025-09-18,AWS,CloudFront,eu-west-1,QA,15.2,56.87
2025-09-18,AWS,EBS,us-west-2,Engineering,14.58,26.47
2025-09-18,AWS,EBS,eu-west-1,Engineering,16.79,31.7
2025-09-18,AWS,EBS,ap-south-1,Finance,13.11,52.91
2025-09-18,AWS,EC2,us-east-1,DevOps,54.79,174.35
2025-09-18,AWS,EC2,us-west-2,Marketing,46.61,126.79
2025-09-18,AWS,EC2,eu-west-1,Finance,46.61,122.0
2025-09-18,AWS,Lambda,us-west-2,DevOps,5.58,9.83
2025-09-18,AWS,Lambda,eu-west-1,QA,5.13,14.59
2025-09-18,AWS,Lambda,ap-south-1,Marketing,5.12,8.4
2025-09-18,AWS,RDS,us-east-1,Engineering,36.17,115.81
2025-09-18,AWS,RDS,us-west-2,Finance,46.23,167.76
2025-09-18,AWS,RDS,eu-west-1,QA,50.34,154.99
2025-09-18,AWS,RDS,ap-south-1,Engineering,55.89,79.28
2025-09-18,AWS,S3,us-east-1,DevOps,10.0,22.64
2025-09-18,AWS,S3,us-west-2,Marketing,9.46,28.37
2025-09-18,AWS,S3,eu-west-1,Engineering,7.83,29.99
2025-09-18,AWS,S3,ap-south-1,QA,13.54,32.02
2025-09-18,Azure,Blob Storage,East US,DevOps,14.49,57.58
2025-09-18,Azure,Blob Storage,West Europe,Engineering,11.55,27.11
2025-09-18,Azure,Blob Storage,Southeast Asia,Engineering,19.8,75.23
2025-09-18,Azure,CDN,East US,Data Science,14.34,34.37
2025-09-18,Azure,CDN,Southeast Asia,Engineering,10.52,25.86
2025-09-18,Azure,Functions,Central India,QA,10.3,26.22
2025-09-18,Azure,Functions,Southeast Asia,QA,12.9,35.24
2025-09-18,Azure,SQL Database,East US,QA,42.74,130.54
2025-09-18,Azure,SQL Database,Central India,DevOps,43.88,152.91
2025-09-18,Azure,Virtual Machines,East US,DevOps,68.26,112.44
2025-09-18,Azure,Virtual Machines,West Europe,QA,67.04,211.32
2025-09-18,Azure,Virtual Machines,Central India,Data Science,54.71,157.87
2025-09-18,Azure,Virtual Machines,Southeast Asia,Marketing,45.49,83.45
2025-09-18,GCP,BigQuery,us-central1,QA,33.14,96.27
2025-09-18,GCP,BigQuery,europe-west1,DevOps,18.36,25.93
2025-09-18,GCP,Cloud CDN,us-central1,Finance,22.1,55.46
2025-09-18,GCP,Cloud Functions,us-central1,DevOps,11.27,28.17
2025-09-18,GCP,Cloud Functions,asia-south1,Finance,6.86,17.08
2025-09-18,GCP,Cloud Storage,us-central1,DevOps,11.79,39.89
2025-09-18,GCP,Cloud Storage,europe-west1,DevOps,7.58,28.0
2025-09-18,GCP,Cloud Storage,asia-south1,DevOps,17.18,32.22
2025-09-18,GCP,Compute Engine,us-central1,Finance,53.8,108.98
2025-09-18,GCP,Compute Engine,europe-west1,Finance,102.21,218.3
2025-09-18,GCP,Compute Engine,asia-south1,Marketing,78.71,201.75
2025-09-19,AWS,CloudFront,eu-west-1,QA,15.5,58.85
2025-09-19,AWS,EBS,us-west-2,Engineering,13.98,28.58
2025-09-19,AWS,EBS,eu-west-1,Engineering,17.79,38.03
2025-09-19,AWS,EBS,ap-south-1,Finance,12.35,45.27
2025-09-19,AWS,EC2,us-east-1,DevOps,55.59,178.79
2025-09-19,AWS,EC2,us-west-2,Marketing,53.08,125.17
2025-09-19,AWS,EC2,eu-west-1,Finance,49.49,123.87
2025-09-19,AWS,Lambda,us-west-2,DevOps,5.29,8.05
2025-09-19,AWS,Lambda,eu-west-1,QA,5.7,15.75
2025-09-19,AWS,Lambda,ap-south-1,Marketing,5.28,8.13
2025-09-19,AWS,RDS,us-east-1,Engineering,34.78,117.32
2025-09-19,AWS,RDS,us-west-2,Finance,49.11,166.7
2025-09-19,AWS,RDS,eu-west-1,QA,40.37,118.01
2025-09-19,AWS,RDS,ap-south-1,Engineering,48.0,77.06
2025-09-19,AWS,S3,us-east-1,DevOps,9.57,22.24
2025-09-19,AWS,S3,us-west-2,Marketing,10.97,35.74
2025-09-19,AWS,S3,eu-west-1,Engineering,7.91,30.13
2025-09-19,AWS,S3,ap-south-1,QA,15.27,37.84
2025-09-19,Azure,Blob Storage,East US,DevOps,15.61,59.91
2025-09-19,Azure,Blob Storage,West Europe,Engineering,11.69,28.2
2025-09-19,Azure,Blob Storage,Southeast Asia,Engineering,19.31,64.77
2025-09-19,Azure,CDN,East US,Data Science,13.65,29.42
2025-09-19,Azure,CDN,Southeast Asia,Engineering,11.0,28.83
2025-09-19,Azure,Functions,Central India,QA,9.04,23.51
2025-09-19,Azure,Functions,Southeast Asia,QA,11.19,30.12
2025-09-19,Azure,SQL Database,East US,QA,39.67,140.24
2025-09-19,Azure,SQL Database,Central India,DevOps,50.96,179.22
2025-09-19,Azure,Virtual Machines,East US,DevOps,67.84,104.21
2025-09-19,Azure,Virtual Machines,West Europe,QA,77.43,271.12
2025-09-19,Azure,Virtual Machines,Central India,Data Science,49.37,143.03
2025-09-19,Azure,Virtual Machines,Southeast Asia,Marketing,52.08,105.7
2025-09-19,GCP,BigQuery,us-central1,QA,28.26,83.8
2025-09-19,GCP,BigQuery,europe-west1,DevOps,32.1,29.54
2025-09-19,GCP,Cloud CDN,us-central1,Finance,20.95,57.19
2025-09-19,GCP,Cloud Functions,us-central1,DevOps,10.0,22.79
2025-09-19,GCP,Cloud Functions,asia-south1,Finance,6.72,17.35
2025-09-19,GCP,Cloud Storage,us-central1,DevOps,11.36,38.51
2025-09-19,GCP,Cloud Storage,europe-west1,DevOps,8.46,32.22
2025-09-19,GCP,Cloud Storage,asia-south1,DevOps,19.42,39.07
2025-09-19,GCP,Compute Engine,us-central1,Finance,47.3,95.0
2025-09-19,GCP,Compute Engine,europe-west1,Finance,95.26,188.46
2025-09-19,GCP,Compute Engine,asia-south1,Marketing,82.89,207.68
2025-09-20,AWS,CloudFront,eu-west-1,QA,15.71,59.63
2025-09-20,AWS,EBS,us-west-2,Engineering,12.47,25.09
2025-09-20,AWS,EBS,eu-west-1,Engineering,15.93,28.68
2025-09-20,AWS,EBS,ap-south-1,Finance,11.89,49.17
2025-09-20,AWS,EC2,us-east-1,DevOps,58.02,159.9
2025-09-20,AWS,EC2,us-west-2,Marketing,53.23,142.7
2025-09-20,AWS,EC2,eu-west-1,Finance,53.29,132.32
2025-09-20,AWS,Lambda,us-west-2,DevOps,5.0,8.66
2025-09-20,AWS,Lambda,eu-west-1,QA,5.44,15.66
2025-09-20,AWS,Lambda,ap-south-1,Marketing,5.83,8.27
2025-09-20,AWS,RDS,us-east-1,Engineering,40.93,118.71
2025-09-20,AWS,RDS,us-west-2,Finance,94.82,202.65
2025-09-20,AWS,RDS,eu-west-1,QA,43.92,151.76
2025-09-20,AWS,RDS,ap-south-1,Engineering,59.73,89.72
2025-09-20,AWS,S3,us-east-1,DevOps,8.42,16.25
2025-09-20,AWS,S3,us-west-2,Marketing,9.14,30.41
2025-09-20,AWS,S3,eu-west-1,Engineering,8.7,34.0
2025-09-20,AWS,S3,ap-south-1,QA,13.7,31.68
2025-09-20,Azure,Blob Storage,East US,DevOps,15.93,59.74
2025-09-20,Azure,Blob Storage,West Europe,Engineering,12.62,29.95
2025-09-20,Azure,Blob Storage,Southeast Asia,Engineering,20.02,74.63
2025-09-20,Azure,CDN,East US,Data Science,13.11,25.83
2025-09-20,Azure,CDN,Southeast Asia,Engineering,9.87,24.88
2025-09-20,Azure,Functions,Central India,QA,8.52,20.95
2025-09-20,Azure,Functions,Southeast Asia,QA,13.02,29.76
2025-09-20,Azure,SQL Database,East US,QA,41.39,127.4
2025-09-20,Azure,SQL Database,Central India,DevOps,53.38,166.82
2025-09-20,Azure,Virtual Machines,East US,DevOps,72.88,121.8
2025-09-20,Azure,Virtual Machines,West Europe,QA,87.76,309.24
2025-09-20,Azure,Virtual Machines,Central India,Data Science,49.74,166.25
2025-09-20,Azure,Virtual Machines,Southeast Asia,Marketing,52.04,104.4
2025-09-20,GCP,BigQuery,us-central1,QA,28.79,93.44
2025-09-20,GCP,BigQuery,europe-west1,DevOps,21.34,33.49
2025-09-20,GCP,Cloud CDN,us-central1,Finance,20.91,56.37
2025-09-20,GCP,Cloud Functions,us-central1,DevOps,11.58,31.1
2025-09-20,GCP,Cloud Functions,asia-south1,Finance,6.63,16.42
2025-09-20,GCP,Cloud Storage,us-central1,DevOps,12.1,43.36
2025-09-20,GCP,Cloud Storage,europe-west1,DevOps,7.48,28.38
2025-09-20,GCP,Cloud Storage,asia-south1,DevOps,18.29,32.61
2025-09-20,GCP,Compute Engine,us-central1,Finance,49.66,95.56
2025-09-20,GCP,Compute Engine,europe-west1,Finance,89.38,192.77
2025-09-20,GCP,Compute Engine,asia-south1,Marketing,77.3,188.73
2025-09-21,AWS,CloudFront,eu-west-1,QA,15.99,50.4
2025-09-21,AWS,EBS,us-west-2,Engineering,13.81,25.53
2025-09-21,AWS,EBS,eu-west-1,Engineering,15.29,31.24
2025-09-21,AWS,EBS,ap-south-1,Finance,11.17,41.13
2025-09-21,AWS,EC2,us-east-1,DevOps,67.3,192.33
2025-09-21,AWS,EC2,us-west-2,Marketing,49.97,127.03
2025-09-21,AWS,EC2,eu-west-1,Finance,57.24,158.35
2025-09-21,AWS,Lambda,us-west-2,DevOps,4.98,7.89
2025-09-21,AWS,Lambda,eu-west-1,QA,5.22,12.7
2025-09-21,AWS,Lambda,ap-south-1,Marketing,5.93,8.73
2025-09-21,AWS,RDS,us-east-1,Engineering,37.01,115.03
2025-09-21,AWS,RDS,us-west-2,Finance,51.98,210.08
2025-09-21,AWS,RDS,eu-west-1,QA,43.76,138.43
2025-09-21,AWS,RDS,ap-south-1,Engineering,63.2,92.47
2025-09-21,AWS,S3,us-east-1,DevOps,8.78,20.54
2025-09-21,AWS,S3,us-west-2,Marketing,7.74,24.46
2025-09-21,AWS,S3,eu-west-1,Engineering,8.34,29.92
2025-09-21,AWS,S3,ap-south-1,QA,13.97,36.03
2025-09-21,Azure,Blob Storage,East US,DevOps,15.17,59.54
2025-09-21,Azure,Blob Storage,West Europe,Engineering,11.27,28.63
2025-09-21,Azure,Blob Storage,Southeast Asia,Engineering,16.24,59.06
2025-09-21,Azure,CDN,East US,Data Science,13.93,30.48
2025-09-21,Azure,CDN,Southeast Asia,Engineering,12.52,30.34
2025-09-21,Azure,Functions,Central India,QA,10.88,27.65
2025-09-21,Azure,Functions,Southeast Asia,QA,10.6,26.82
2025-09-21,Azure,SQL Database,East US,QA,39.39,129.89
2025-09-21,Azure,SQL Database,Central India,DevOps,53.46,203.39
2025-09-21,Azure,Virtual Machines,East US,DevOps,72.62,110.46
2025-09-21,Azure,Virtual Machines,West Europe,QA,78.46,247.52
2025-09-21,Azure,Virtual Machines,Central India,Data Science,45.56,152.25
2025-09-21,Azure,Virtual Machines,Southeast Asia,Marketing,49.89,92.66
2025-09-21,GCP,BigQuery,us-central1,QA,31.07,91.53
2025-09-21,GCP,BigQuery,europe-west1,DevOps,16.53,26.64
2025-09-21,GCP,Cloud CDN,us-central1,Finance,18.74,48.13
2025-09-21,GCP,Cloud Functions,us-central1,DevOps,10.44,26.03
2025-09-21,GCP,Cloud Functions,asia-south1,Finance,7.1,17.95
2025-09-21,GCP,Cloud Storage,us-central1,DevOps,22.09,35.12
2025-09-21,GCP,Cloud Storage,europe-west1,DevOps,7.97,32.66
2025-09-21,GCP,Cloud Storage,asia-south1,DevOps,19.07,34.88
2025-09-21,GCP,Compute Engine,us-central1,Finance,46.92,98.93
2025-09-21,GCP,Compute Engine,europe-west1,Finance,95.18,179.23
2025-09-21,GCP,Compute Engine,asia-south1,Marketing,83.65,193.67
2025-09-22,AWS,CloudFront,eu-west-1,QA,13.89,52.65
2025-09-22,AWS,EBS,us-west-2,Engineering,14.33,24.64
2025-09-22,AWS,EBS,eu-west-1,Engineering,15.24,27.41
2025-09-22,AWS,EBS,ap-south-1,Finance,13.59,47.39
2025-09-22,AWS,EC2,us-east-1,DevOps,53.68,170.63
2025-09-22,AWS,EC2,us-west-2,Marketing,56.79,157.43
2025-09-22,AWS,EC2,eu-west-1,Finance,58.9,147.77
2025-09-22,AWS,Lambda,us-west-2,DevOps,5.02,8.77
2025-09-22,AWS,Lambda,eu-west-1,QA,5.36,14.6
2025-09-22,AWS,Lambda,ap-south-1,Marketing,5.63,9.55
2025-09-22,AWS,RDS,us-east-1,Engineering,36.36,123.51
2025-09-22,AWS,RDS,us-west-2,Finance,46.94,186.51
2025-09-22,AWS,RDS,eu-west-1,QA,49.74,157.81
2025-09-22,AWS,RDS,ap-south-1,Engineering,51.66,72.92
2025-09-22,AWS,S3,us-east-1,DevOps,8.58,16.79
2025-09-22,AWS,S3,us-west-2,Marketing,9.43,30.78
2025-09-22,AWS,S3,eu-west-1,Engineering,7.96,32.35
2025-09-22,AWS,S3,ap-south-1,QA,14.95,35.28
2025-09-22,Azure,Blob Storage,East US,DevOps,14.18,56.06
2025-09-22,Azure,Blob Storage,West Europe,Engineering,12.5,31.27
2025-09-22,Azure,Blob Storage,Southeast Asia,Engineering,18.7,62.4
2025-09-22,Azure,CDN,East US,Data Science,13.14,29.45
2025-09-22,Azure,CDN,Southeast Asia,Engineering,11.45,31.51
2025-09-22,Azure,Functions,Central India,QA,10.32,24.11
2025-09-22,Azure,Functions,Southeast Asia,QA,12.56,33.62
2025-09-22,Azure,SQL Database,East US,QA,42.46,139.73
2025-09-22,Azure,SQL Database,Central India,DevOps,53.52,178.43
2025-09-22,Azure,Virtual Machines,East US,DevOps,68.88,103.4
2025-09-22,Azure,Virtual Machines,West Europe,QA,89.74,270.75
2025-09-22,Azure,Virtual Machines,Central India,Data Science,51.71,160.8
2025-09-22,Azure,Virtual Machines,Southeast Asia,Marketing,45.04,75.98
2025-09-22,GCP,BigQuery,us-central1,QA,28.46,92.43
2025-09-22,GCP,BigQuery,europe-west1,DevOps,19.08,27.72
2025-09-22,GCP,Cloud CDN,us-central1,Finance,23.35,59.96
2025-09-22,GCP,Cloud Functions,us-central1,DevOps,12.42,33.28
2025-09-22,GCP,Cloud Functions,asia-south1,Finance,5.76,14.72
2025-09-22,GCP,Cloud Storage,us-central1,DevOps,24.56,47.71
2025-09-22,GCP,Cloud Storage,europe-west1,DevOps,7.65,27.99
2025-09-22,GCP,Cloud Storage,asia-south1,DevOps,17.3,36.76
2025-09-22,GCP,Compute Engine,us-central1,Finance,53.45,110.67
2025-09-22,GCP,Compute Engine,europe-west1,Finance,89.17,167.83
2025-09-22,GCP,Compute Engine,asia-south1,Marketing,82.82,211.02
2025-09-23,AWS,CloudFront,eu-west-1,QA,17.59,55.99
2025-09-23,AWS,EBS,us-west-2,Engineering,16.5,31.85
2025-09-23,AWS,EBS,eu-west-1,Engineering,17.07,35.82
2025-09-23,AWS,EBS,ap-south-1,Finance,13.09,54.84
2025-09-23,AWS,EC2,us-east-1,DevOps,66.37,202.98
2025-09-23,AWS,EC2,us-west-2,Marketing,62.68,150.73
2025-09-23,AWS,EC2,eu-west-1,Finance,52.29,134.13
2025-09-23,AWS,Lambda,us-west-2,DevOps,5.23,8.45
2025-09-23,AWS,Lambda,eu-west-1,QA,5.86,15.87
2025-09-23,AWS,Lambda,ap-south-1,Marketing,5.52,8.22
2025-09-23,AWS,RDS,us-east-1,Engineering,36.89,123.06
2025-09-23,AWS,RDS,us-west-2,Finance,50.18,173.43
2025-09-23,AWS,RDS,eu-west-1,QA,50.64,164.45
2025-09-23,AWS,RDS,ap-south-1,Engineering,63.04,89.17
2025-09-23,AWS,S3,us-east-1,DevOps,7.7,17.45
2025-09-23,AWS,S3,us-west-2,Marketing,9.75,29.96
2025-09-23,AWS,S3,eu-west-1,Engineering,8.94,32.59
2025-09-23,AWS,S3,ap-south-1,QA,17.89,42.98
2025-09-23,Azure,Blob Storage,East US,DevOps,15.55,55.83
2025-09-23,Azure,Blob Storage,West Europe,Engineering,12.56,30.57
2025-09-23,Azure,Blob Storage,Southeast Asia,Engineering,21.31,79.42
2025-09-23,Azure,CDN,East US,Data Science,14.97,34.57
2025-09-23,Azure,CDN,Southeast Asia,Engineering,11.1,28.67
2025-09-23,Azure,Functions,Central India,QA,10.35,26.41
2025-09-23,Azure,Functions,Southeast Asia,QA,12.98,31.67
2025-09-23,Azure,SQL Database,East US,QA,41.99,140.73
2025-09-23,Azure,SQL Database,Central India,DevOps,53.37,169.58
2025-09-23,Azure,Virtual Machines,East US,DevOps,66.63,105.53
2025-09-23,Azure,Virtual Machines,West Europe,QA,87.99,274.95
2025-09-23,Azure,Virtual Machines,Central India,Data Science,54.11,184.95
2025-09-23,Azure,Virtual Machines,Southeast Asia,Marketing,48.19,97.56
2025-09-23,GCP,BigQuery,us-central1,QA,27.18,93.37
2025-09-23,GCP,BigQuery,europe-west1,DevOps,17.37,26.21
2025-09-23,GCP,Cloud CDN,us-central1,Finance,18.39,50.12
2025-09-23,GCP,Cloud Functions,us-central1,DevOps,9.7,25.48
2025-09-23,GCP,Cloud Functions,asia-south1,Finance,6.48,16.53
2025-09-23,GCP,Cloud Storage,us-central1,DevOps,11.69,46.0
2025-09-23,GCP,Cloud Storage,europe-west1,DevOps,7.58,31.34
2025-09-23,GCP,Cloud Storage,asia-south1,DevOps,15.75,30.76
2025-09-23,GCP,Compute Engine,us-central1,Finance,54.18,122.6
2025-09-23,GCP,Compute Engine,europe-west1,Finance,97.26,214.63
2025-09-23,GCP,Compute Engine,asia-south1,Marketing,74.05,175.51
2025-09-24,AWS,CloudFront,eu-west-1,QA,15.63,52.08
2025-09-24,AWS,EBS,us-west-2,Engineering,14.27,25.82
2025-09-24,AWS,EBS,eu-west-1,Engineering,15.3,32.28
2025-09-24,AWS,EBS,ap-south-1,Finance,11.01,45.08
2025-09-24,AWS,EC2,us-east-1,DevOps,52.26,139.21
2025-09-24,AWS,EC2,us-west-2,Marketing,55.78,148.6
2025-09-24,AWS,EC2,eu-west-1,Finance,54.12,133.0
2025-09-24,AWS,Lambda,us-west-2,DevOps,4.62,8.34
2025-09-24,AWS,Lambda,eu-west-1,QA,5.18,12.56
2025-09-24,AWS,Lambda,ap-south-1,Marketing,5.54,8.06
2025-09-24,AWS,RDS,us-east-1,Engineering,36.43,114.79
2025-09-24,AWS,RDS,us-west-2,Finance,53.03,217.75
2025-09-24,AWS,RDS,eu-west-1,QA,40.84,116.65
2025-09-24,AWS,RDS,ap-south-1,Engineering,62.27,97.41
2025-09-24,AWS,S3,us-east-1,DevOps,10.36,21.13
2025-09-24,AWS,S3,us-west-2,Marketing,8.48,26.83
2025-09-24,AWS,S3,eu-west-1,Engineering,7.83,30.83
2025-09-24,AWS,S3,ap-south-1,QA,15.16,38.24
2025-09-24,Azure,Blob Storage,East US,DevOps,16.04,56.13
2025-09-24,Azure,Blob Storage,West Europe,Engineering,11.39,30.35
2025-09-24,Azure,Blob Storage,Southeast Asia,Engineering,22.62,75.41
2025-09-24,Azure,CDN,East US,Data Science,13.39,31.9
2025-09-24,Azure,CDN,Southeast Asia,Engineering,11.66,30.04
2025-09-24,Azure,Functions,Central India,QA,9.95,23.46
2025-09-24,Azure,Functions,Southeast Asia,QA,12.95,35.2
2025-09-24,Azure,SQL Database,East US,QA,37.58,119.11
2025-09-24,Azure,SQL Database,Central India,DevOps,48.26,179.39
2025-09-24,Azure,Virtual Machines,East US,DevOps,66.24,114.99
2025-09-24,Azure,Virtual Machines,West Europe,QA,82.41,257.32
2025-09-24,Azure,Virtual Machines,Central India,Data Science,51.33,166.3
2025-09-24,Azure,Virtual Machines,Southeast Asia,Marketing,53.38,92.53
2025-09-24,GCP,BigQuery,us-central1,QA,28.31,94.67
2025-09-24,GCP,BigQuery,europe-west1,DevOps,18.93,29.18
2025-09-24,GCP,Cloud CDN,us-central1,Finance,23.2,59.1
2025-09-24,GCP,Cloud Functions,us-central1,DevOps,11.9,27.58
2025-09-24,GCP,Cloud Functions,asia-south1,Finance,5.66,15.79
2025-09-24,GCP,Cloud Storage,us-central1,DevOps,11.45,37.45
2025-09-24,GCP,Cloud Storage,europe-west1,DevOps,7.53,27.26
2025-09-24,GCP,Cloud Storage,asia-south1,DevOps,16.34,34.05
2025-09-24,GCP,Compute Engine,us-central1,Finance,53.27,117.05
2025-09-24,GCP,Compute Engine,europe-west1,Finance,75.49,140.96
2025-09-24,GCP,Compute Engine,asia-south1,Marketing,78.74,180.81
2025-09-25,AWS,CloudFront,eu-west-1,QA,16.24,56.92
2025-09-25,AWS,EBS,us-west-2,Engineering,16.81,33.68
2025-09-25,AWS,EBS,eu-west-1,Engineering,19.03,40.62
2025-09-25,AWS,EBS,ap-south-1,Finance,12.3,46.59
2025-09-25,AWS,EC2,us-east-1,DevOps,58.97,182.43
2025-09-25,AWS,EC2,us-west-2,Marketing,55.69,145.23
2025-09-25,AWS,EC2,eu-west-1,Finance,58.95,160.1
2025-09-25,AWS,Lambda,us-west-2,DevOps,5.75,9.35
2025-09-25,AWS,Lambda,eu-west-1,QA,5.45,14.59
2025-09-25,AWS,Lambda,ap-south-1,Marketing,5.91,9.66
2025-09-25,AWS,RDS,us-east-1,Engineering,36.45,120.6
2025-09-25,AWS,RDS,us-west-2,Finance,54.01,191.94
2025-09-25,AWS,RDS,eu-west-1,QA,50.62,174.36
2025-09-25,AWS,RDS,ap-south-1,Engineering,52.04,79.64
2025-09-25,AWS,S3,us-east-1,DevOps,9.19,18.16
2025-09-25,AWS,S3,us-west-2,Marketing,8.7,29.35
2025-09-25,AWS,S3,eu-west-1,Engineering,7.83,26.8
2025-09-25,AWS,S3,ap-south-1,QA,11.92,26.96
2025-09-25,Azure,Blob Storage,East US,DevOps,15.85,55.3
2025-09-25,Azure,Blob Storage,West Europe,Engineering,13.06,30.26
2025-09-25,Azure,Blob Storage,Southeast Asia,Engineering,19.07,67.08
2025-09-25,Azure,CDN,East US,Data Science,13.7,32.47
2025-09-25,Azure,CDN,Southeast Asia,Engineering,11.58,32.43
2025-09-25,Azure,Functions,Central India,QA,10.16,26.71
2025-09-25,Azure,Functions,Southeast Asia,QA,12.17,33.02
2025-09-25,Azure,SQL Database,East US,QA,37.87,133.63
2025-09-25,Azure,SQL Database,Central India,DevOps,51.29,165.63
2025-09-25,Azure,Virtual Machines,East US,DevOps,69.86,117.02
2025-09-25,Azure,Virtual Machines,West Europe,QA,89.4,271.12
2025-09-25,Azure,Virtual Machines,Central India,Data Science,57.53,197.32
2025-09-25,Azure,Virtual Machines,Southeast Asia,Marketing,55.48,98.67
2025-09-25,GCP,BigQuery,us-central1,QA,31.62,92.4
2025-09-25,GCP,BigQuery,europe-west1,DevOps,17.45,26.74
2025-09-25,GCP,Cloud CDN,us-central1,Finance,18.0,47.52
2025-09-25,GCP,Cloud Functions,us-central1,DevOps,11.83,27.08
2025-09-25,GCP,Cloud Functions,asia-south1,Finance,6.18,15.1
2025-09-25,GCP,Cloud Storage,us-central1,DevOps,11.97,42.19
2025-09-25,GCP,Cloud Storage,europe-west1,DevOps,8.12,28.22
2025-09-25,GCP,Cloud Storage,asia-south1,DevOps,19.59,40.1
2025-09-25,GCP,Compute Engine,us-central1,Finance,48.84,96.2
2025-09-25,GCP,Compute Engine,europe-west1,Finance,89.56,163.93
2025-09-25,GCP,Compute Engine,asia-south1,Marketing,85.12,204.06
2025-09-26,AWS,CloudFront,eu-west-1,QA,14.44,50.28
2025-09-26,AWS,EBS,us-west-2,Engineering,13.53,25.56
2025-09-26,AWS,EBS,eu-west-1,Engineering,17.76,32.95
2025-09-26,AWS,EBS,ap-south-1,Finance,12.44,49.02
2025-09-26,AWS,EC2,us-east-1,DevOps,56.5,176.33
2025-09-26,AWS,EC2,us-west-2,Marketing,51.0,137.33
2025-09-26,AWS,EC2,eu-west-1,Finance,48.29,121.5
2025-09-26,AWS,Lambda,us-west-2,DevOps,5.69,9.79
2025-09-26,AWS,Lambda,eu-west-1,QA,6.12,16.7
2025-09-26,AWS,Lambda,ap-south-1,Marketing,6.23,9.7
2025-09-26,AWS,RDS,us-east-1,Engineering,34.53,108.86
2025-09-26,AWS,RDS,us-west-2,Finance,49.31,192.4
2025-09-26,AWS,RDS,eu-west-1,QA,50.66,156.2
2025-09-26,AWS,RDS,ap-south-1,Engineering,55.62,77.9
2025-09-26,AWS,S3,us-east-1,DevOps,9.21,19.4
2025-09-26,AWS,S3,us-west-2,Marketing,8.65,27.34
2025-09-26,AWS,S3,eu-west-1,Engineering,6.45,23.81
2025-09-26,AWS,S3,ap-south-1,QA,14.27,30.92
2025-09-26,Azure,Blob Storage,East US,DevOps,13.19,43.34
2025-09-26,Azure,Blob Storage,West Europe,Engineering,13.54,37.38
2025-09-26,Azure,Blob Storage,Southeast Asia,Engineering,19.31,66.67
2025-09-26,Azure,CDN,East US,Data Science,14.57,34.7
2025-09-26,Azure,CDN,Southeast Asia,Engineering,11.02,28.87
2025-09-26,Azure,Functions,Central India,QA,8.76,19.88
2025-09-26,Azure,Functions,Southeast Asia,QA,12.77,29.86
2025-09-26,Azure,SQL Database,East US,QA,40.95,132.94
2025-09-26,Azure,SQL Database,Central India,DevOps,41.77,131.21
2025-09-26,Azure,Virtual Machines,East US,DevOps,71.11,117.44
2025-09-26,Azure,Virtual Machines,West Europe,QA,88.95,308.78
2025-09-26,Azure,Virtual Machines,Central India,Data Science,52.47,165.17
2025-09-26,Azure,Virtual Machines,Southeast Asia,Marketing,48.95,85.37
2025-09-26,GCP,BigQuery,us-central1,QA,33.95,106.9
2025-09-26,GCP,BigQuery,europe-west1,DevOps,17.77,24.36
2025-09-26,GCP,Cloud CDN,us-central1,Finance,24.21,60.93
2025-09-26,GCP,Cloud Functions,us-central1,DevOps,11.53,30.55
2025-09-26,GCP,Cloud Functions,asia-south1,Finance,6.25,15.27
2025-09-26,GCP,Cloud Storage,us-central1,DevOps,11.83,45.09
2025-09-26,GCP,Cloud Storage,europe-west1,DevOps,7.26,25.68
2025-09-26,GCP,Cloud Storage,asia-south1,DevOps,18.15,34.26
2025-09-26,GCP,Compute Engine,us-central1,Finance,47.72,111.04
2025-09-26,GCP,Compute Engine,europe-west1,Finance,75.67,150.36
2025-09-26,GCP,Compute Engine,asia-south1,Marketing,91.67,204.49
2025-09-27,AWS,CloudFront,eu-west-1,QA,15.19,54.19
2025-09-27,AWS,EBS,us-west-2,Engineering,14.01,27.71
2025-09-27,AWS,EBS,eu-west-1,Engineering,16.82,30.78
2025-09-27,AWS,EBS,ap-south-1,Finance,11.99,47.29
2025-09-27,AWS,EC2,us-east-1,DevOps,54.43,167.39
2025-09-27,AWS,EC2,us-west-2,Marketing,92.89,146.89
2025-09-27,AWS,EC2,eu-west-1,Finance,53.73,138.4
2025-09-27,AWS,Lambda,us-west-2,DevOps,5.2,8.36
2025-09-27,AWS,Lambda,eu-west-1,QA,7.04,17.64
2025-09-27,AWS,Lambda,ap-south-1,Marketing,5.93,9.91
2025-09-27,AWS,RDS,us-east-1,Engineering,36.86,107.77
2025-09-27,AWS,RDS,us-west-2,Finance,48.8,197.08
2025-09-27,AWS,RDS,eu-west-1,QA,45.92,142.6
2025-09-27,AWS,RDS,ap-south-1,Engineering,51.13,71.48
2025-09-27,AWS,S3,us-east-1,DevOps,10.62,23.29
2025-09-27,AWS,S3,us-west-2,Marketing,8.82,31.37
2025-09-27,AWS,S3,eu-west-1,Engineering,7.99,29.36
2025-09-27,AWS,S3,ap-south-1,QA,15.9,39.23
2025-09-27,Azure,Blob Storage,East US,DevOps,13.52,46.84
2025-09-27,Azure,Blob Storage,West Europe,Engineering,14.21,33.08
2025-09-27,Azure,Blob Storage,Southeast Asia,Engineering,21.44,79.9
2025-09-27,Azure,CDN,East US,Data Science,16.49,32.72
2025-09-27,Azure,CDN,Southeast Asia,Engineering,10.38,28.12
2025-09-27,Azure,Functions,Central India,QA,9.83,23.03
2025-09-27,Azure,Functions,Southeast Asia,QA,12.31,30.95
2025-09-27,Azure,SQL Database,East US,QA,43.3,147.84
2025-09-27,Azure,SQL Database,Central India,DevOps,58.29,202.12
2025-09-27,Azure,Virtual Machines,East US,DevOps,69.54,108.75
2025-09-27,Azure,Virtual Machines,West Europe,QA,87.38,283.24
2025-09-27,Azure,Virtual Machines,Central India,Data Science,57.17,168.14
2025-09-27,Azure,Virtual Machines,Southeast Asia,Marketing,49.36,86.58
2025-09-27,GCP,BigQuery,us-central1,QA,34.07,105.19
2025-09-27,GCP,BigQuery,europe-west1,DevOps,21.25,31.89
2025-09-27,GCP,Cloud CDN,us-central1,Finance,21.9,57.84
2025-09-27,GCP,Cloud Functions,us-central1,DevOps,10.1,25.14
2025-09-27,GCP,Cloud Functions,asia-south1,Finance,6.07,16.57
2025-09-27,GCP,Cloud Storage,us-central1,DevOps,13.44,45.32
2025-09-27,GCP,Cloud Storage,europe-west1,DevOps,7.03,26.1
2025-09-27,GCP,Cloud Storage,asia-south1,DevOps,15.97,33.16
2025-09-27,GCP,Compute Engine,us-central1,Finance,46.79,104.57
2025-09-27,GCP,Compute Engine,europe-west1,Finance,92.25,172.61
2025-09-27,GCP,Compute Engine,asia-south1,Marketing,79.71,179.34
2025-09-28,AWS,CloudFront,eu-west-1,QA,15.91,55.38
2025-09-28,AWS,EBS,us-west-2,Engineering,16.31,33.34
2025-09-28,AWS,EBS,eu-west-1,Engineering,17.01,33.68
2025-09-28,AWS,EBS,ap-south-1,Finance,13.12,46.98
2025-09-28,AWS,EC2,us-east-1,DevOps,61.62,191.27
2025-09-28,AWS,EC2,us-west-2,Marketing,55.07,146.47
2025-09-28,AWS,EC2,eu-west-1,Finance,54.42,132.9
2025-09-28,AWS,Lambda,us-west-2,DevOps,5.11,9.3
2025-09-28,AWS,Lambda,eu-west-1,QA,6.06,15.46
2025-09-28,AWS,Lambda,ap-south-1,Marketing,5.9,9.97
2025-09-28,AWS,RDS,us-east-1,Engineering,38.08,110.55
2025-09-28,AWS,RDS,us-west-2,Finance,50.55,178.77
2025-09-28,AWS,RDS,eu-west-1,QA,49.34,146.26
2025-09-28,AWS,RDS,ap-south-1,Engineering,115.57,79.5
2025-09-28,AWS,S3,us-east-1,DevOps,9.14,19.02
2025-09-28,AWS,S3,us-west-2,Marketing,9.1,30.74
2025-09-28,AWS,S3,eu-west-1,Engineering,9.25,35.35
2025-09-28,AWS,S3,ap-south-1,QA,13.75,32.44
2025-09-28,Azure,Blob Storage,East US,DevOps,16.41,57.74
2025-09-28,Azure,Blob Storage,West Europe,Engineering,12.0,31.89
2025-09-28,Azure,Blob Storage,Southeast Asia,Engineering,20.5,77.75
2025-09-28,Azure,CDN,East US,Data Science,12.78,29.16
2025-09-28,Azure,CDN,Southeast Asia,Engineering,11.86,29.77
2025-09-28,Azure,Functions,Central India,QA,9.03,21.97
2025-09-28,Azure,Functions,Southeast Asia,QA,10.91,24.87
2025-09-28,Azure,SQL Database,East US,QA,47.34,159.65
2025-09-28,Azure,SQL Database,Central India,DevOps,54.15,174.04
2025-09-28,Azure,Virtual Machines,East US,DevOps,62.96,95.67
2025-09-28,Azure,Virtual Machines,West Europe,QA,67.97,243.09
2025-09-28,Azure,Virtual Machines,Central India,Data Science,135.36,158.98
2025-09-28,Azure,Virtual Machines,Southeast Asia,Marketing,49.79,98.96
2025-09-28,GCP,BigQuery,us-central1,QA,36.56,125.93
2025-09-28,GCP,BigQuery,europe-west1,DevOps,18.94,30.28
2025-09-28,GCP,Cloud CDN,us-central1,Finance,20.37,56.46
2025-09-28,GCP,Cloud Functions,us-central1,DevOps,11.59,25.89
2025-09-28,GCP,Cloud Functions,asia-south1,Finance,6.42,16.04
2025-09-28,GCP,Cloud Storage,us-central1,DevOps,10.55,34.99
2025-09-28,GCP,Cloud Storage,europe-west1,DevOps,7.79,30.23
2025-09-28,GCP,Cloud Storage,asia-south1,DevOps,18.92,34.01
2025-09-28,GCP,Compute Engine,us-central1,Finance,53.72,118.92
2025-09-28,GCP,Compute Engine,europe-west1,Finance,89.56,195.21
2025-09-28,GCP,Compute Engine,asia-south1,Marketing,73.81,188.57
2025-09-29,AWS,CloudFront,eu-west-1,QA,13.23,50.28
2025-09-29,AWS,EBS,us-west-2,Engineering,14.27,27.45
2025-09-29,AWS,EBS,eu-west-1,Engineering,18.62,35.17
2025-09-29,AWS,EBS,ap-south-1,Finance,13.21,47.33
2025-09-29,AWS,EC2,us-east-1,DevOps,61.27,191.11
2025-09-29,AWS,EC2,us-west-2,Marketing,52.93,140.28
2025-09-29,AWS,EC2,eu-west-1,Finance,57.31,161.58
2025-09-29,AWS,Lambda,us-west-2,DevOps,5.28,9.36
2025-09-29,AWS,Lambda,eu-west-1,QA,5.42,14.88
2025-09-29,AWS,Lambda,ap-south-1,Marketing,5.13,8.65
2025-09-29,AWS,RDS,us-east-1,Engineering,38.44,113.14
2025-09-29,AWS,RDS,us-west-2,Finance,45.29,182.94
2025-09-29,AWS,RDS,eu-west-1,QA,49.77,153.96
2025-09-29,AWS,RDS,ap-south-1,Engineering,59.84,95.09
2025-09-29,AWS,S3,us-east-1,DevOps,8.87,17.23
2025-09-29,AWS,S3,us-west-2,Marketing,8.6,27.98
2025-09-29,AWS,S3,eu-west-1,Engineering,7.0,24.25
2025-09-29,AWS,S3,ap-south-1,QA,16.14,41.26
2025-09-29,Azure,Blob Storage,East US,DevOps,15.08,49.59
2025-09-29,Azure,Blob Storage,West Europe,Engineering,12.46,30.58
2025-09-29,Azure,Blob Storage,Southeast Asia,Engineering,19.88,66.66
2025-09-29,Azure,CDN,East US,Data Science,12.58,26.03
2025-09-29,Azure,CDN,Southeast Asia,Engineering,11.74,30.91
2025-09-29,Azure,Functions,Central India,QA,8.69,22.3
2025-09-29,Azure,Functions,Southeast Asia,QA,12.31,29.64
2025-09-29,Azure,SQL Database,East US,QA,42.26,128.12
2025-09-29,Azure,SQL Database,Central India,DevOps,54.1,205.91
2025-09-29,Azure,Virtual Machines,East US,DevOps,68.63,116.09
2025-09-29,Azure,Virtual Machines,West Europe,QA,78.67,248.33
2025-09-29,Azure,Virtual Machines,Central India,Data Science,47.32,162.23
2025-09-29,Azure,Virtual Machines,Southeast Asia,Marketing,51.61,98.26
2025-09-29,GCP,BigQuery,us-central1,QA,32.75,112.24
2025-09-29,GCP,BigQuery,europe-west1,DevOps,16.92,27.01
2025-09-29,GCP,Cloud CDN,us-central1,Finance,18.93,54.67
2025-09-29,GCP,Cloud Functions,us-central1,DevOps,11.26,30.22
2025-09-29,GCP,Cloud Functions,asia-south1,Finance,7.56,17.67
2025-09-29,GCP,Cloud Storage,us-central1,DevOps,12.19,45.33
2025-09-29,GCP,Cloud Storage,europe-west1,DevOps,7.87,29.78
2025-09-29,GCP,Cloud Storage,asia-south1,DevOps,15.77,33.2
2025-09-29,GCP,Compute Engine,us-central1,Finance,48.82,97.65
2025-09-29,GCP,Compute Engine,europe-west1,Finance,101.42,223.52
2025-09-29,GCP,Compute Engine,asia-south1,Marketing,84.75,211.5
2025-09-30,AWS,CloudFront,eu-west-1,QA,14.37,47.62
2025-09-30,AWS,EBS,us-west-2,Engineering,16.33,30.15
2025-09-30,AWS,EBS,eu-west-1,Engineering,18.99,38.39
2025-09-30,AWS,EBS,ap-south-1,Finance,12.21,46.28
2025-09-30,AWS,EC2,us-east-1,DevOps,56.3,154.54
2025-09-30,AWS,EC2,us-west-2,Marketing,55.87,148.04
2025-09-30,AWS,EC2,eu-west-1,Finance,46.76,115.11
2025-09-30,AWS,Lambda,us-west-2,DevOps,5.35,8.54
2025-09-30,AWS,Lambda,eu-west-1,QA,5.69,15.09
2025-09-30,AWS,Lambda,ap-south-1,Marketing,6.39,9.7
2025-09-30,AWS,RDS,us-east-1,Engineering,38.13,116.1
2025-09-30,AWS,RDS,us-west-2,Finance,49.18,176.66
2025-09-30,AWS,RDS,eu-west-1,QA,99.48,151.62
2025-09-30,AWS,RDS,ap-south-1,Engineering,51.73,81.7
2025-09-30,AWS,S3,us-east-1,DevOps,9.35,20.34
2025-09-30,AWS,S3,us-west-2,Marketing,8.33,24.9
2025-09-30,AWS,S3,eu-west-1,Engineering,7.76,31.11
2025-09-30,AWS,S3,ap-south-1,QA,15.35,39.86
2025-09-30,Azure,Blob Storage,East US,DevOps,18.33,71.51
2025-09-30,Azure,Blob Storage,West Europe,Engineering,12.53,33.9
2025-09-30,Azure,Blob Storage,Southeast Asia,Engineering,19.77,75.4
2025-09-30,Azure,CDN,East US,Data Science,13.68,28.07
2025-09-30,Azure,CDN,Southeast Asia,Engineering,11.37,30.92
2025-09-30,Azure,Functions,Central India,QA,10.11,25.81
2025-09-30,Azure,Functions,Southeast Asia,QA,10.89,29.14
2025-09-30,Azure,SQL Database,East US,QA,44.63,150.14
2025-09-30,Azure,SQL Database,Central India,DevOps,57.21,179.14
2025-09-30,Azure,Virtual Machines,East US,DevOps,67.49,108.01
2025-09-30,Azure,Virtual Machines,West Europe,QA,75.86,249.59
2025-09-30,Azure,Virtual Machines,Central India,Data Science,49.61,151.15
2025-09-30,Azure,Virtual Machines,Southeast Asia,Marketing,48.19,98.56
2025-09-30,GCP,BigQuery,us-central1,QA,33.13,96.15
2025-09-30,GCP,BigQuery,europe-west1,DevOps,18.63,28.09
2025-09-30,GCP,Cloud CDN,us-central1,Finance,21.29,62.5
2025-09-30,GCP,Cloud Functions,us-central1,DevOps,9.53,23.41
2025-09-30,GCP,Cloud Functions,asia-south1,Finance,6.6,16.79
2025-09-30,GCP,Cloud Storage,us-central1,DevOps,13.84,45.22
2025-09-30,GCP,Cloud Storage,europe-west1,DevOps,6.63,24.37
2025-09-30,GCP,Cloud Storage,asia-south1,DevOps,18.71,37.96
2025-09-30,GCP,Compute Engine,us-central1,Finance,54.2,124.23
2025-09-30,GCP,Compute Engine,europe-west1,Finance,96.83,196.07
2025-09-30,GCP,Compute Engine,asia-south1,Marketing,80.51,190.28
2025-10-01,AWS,CloudFront,eu-west-1,QA,14.6,48.72
2025-10-01,AWS,EBS,us-west-2,Engineering,14.03,28.22
2025-10-01,AWS,EBS,eu-west-1,Engineering,15.88,31.51
2025-10-01,AWS,EBS,ap-south-1,Finance,12.14,50.08
2025-10-01,AWS,EC2,us-east-1,DevOps,48.8,135.37
2025-10-01,AWS,EC2,us-west-2,Marketing,57.75,154.32
2025-10-01,AWS,EC2,eu-west-1,Finance,47.63,128.97
2025-10-01,AWS,Lambda,us-west-2,DevOps,5.17,9.47
2025-10-01,AWS,Lambda,eu-west-1,QA,5.88,16.83
2025-10-01,AWS,Lambda,ap-south-1,Marketing,5.96,9.4
2025-10-01,AWS,RDS,us-east-1,Engineering,39.76,135.54
2025-10-01,AWS,RDS,us-west-2,Finance,53.0,216.75
2025-10-01,AWS,RDS,eu-west-1,QA,45.44,152.74
2025-10-01,AWS,RDS,ap-south-1,Engineering,59.68,82.44
2025-10-01,AWS,S3,us-east-1,DevOps,8.66,19.96
2025-10-01,AWS,S3,us-west-2,Marketing,22.42,30.88
2025-10-01,AWS,S3,eu-west-1,Engineering,8.7,31.11
2025-10-01,AWS,S3,ap-south-1,QA,16.38,38.0
2025-10-01,Azure,Blob Storage,East US,DevOps,17.25,66.84
2025-10-01,Azure,Blob Storage,West Europe,Engineering,12.95,29.86
2025-10-01,Azure,Blob Storage,Southeast Asia,Engineering,18.99,61.45
2025-10-01,Azure,CDN,East US,Data Science,13.13,30.46
2025-10-01,Azure,CDN,Southeast Asia,Engineering,11.46,28.58
2025-10-01,Azure,Functions,Central India,QA,10.7,24.52
2025-10-01,Azure,Functions,Southeast Asia,QA,10.78,29.72
2025-10-01,Azure,SQL Database,East US,QA,36.0,119.4
2025-10-01,Azure,SQL Database,Central India,DevOps,57.55,181.82
2025-10-01,Azure,Virtual Machines,East US,DevOps,70.63,118.52
2025-10-01,Azure,Virtual Machines,West Europe,QA,87.95,300.22
2025-10-01,Azure,Virtual Machines,Central India,Data Science,52.13,177.95
2025-10-01,Azure,Virtual Machines,Southeast Asia,Marketing,38.86,68.91
2025-10-01,GCP,BigQuery,us-central1,QA,31.89,108.17
2025-10-01,GCP,BigQuery,europe-west1,DevOps,19.89,32.66
2025-10-01,GCP,Cloud CDN,us-central1,Finance,22.13,58.95
2025-10-01,GCP,Cloud Functions,us-central1,DevOps,12.57,29.82
2025-10-01,GCP,Cloud Functions,asia-south1,Finance,6.98,18.0
2025-10-01,GCP,Cloud Storage,us-central1,DevOps,12.36,47.49
2025-10-01,GCP,Cloud Storage,europe-west1,DevOps,7.76,29.62
2025-10-01,GCP,Cloud Storage,asia-south1,DevOps,17.69,37.6
2025-10-01,GCP,Compute Engine,us-central1,Finance,47.31,99.79
2025-10-01,GCP,Compute Engine,europe-west1,Finance,87.87,175.89
2025-10-01,GCP,Compute Engine,asia-south1,Marketing,87.85,203.6
2025-10-02,AWS,CloudFront,eu-west-1,QA,13.92,52.75
2025-10-02,AWS,EBS,us-west-2,Engineering,14.16,25.76
2025-10-02,AWS,EBS,eu-west-1,Engineering,16.16,29.7
2025-10-02,AWS,EBS,ap-south-1,Finance,13.92,47.86
2025-10-02,AWS,EC2,us-east-1,DevOps,56.7,170.49
2025-10-02,AWS,EC2,us-west-2,Marketing,56.31,152.63
2025-10-02,AWS,EC2,eu-west-1,Finance,51.63,130.7
2025-10-02,AWS,Lambda,us-west-2,DevOps,5.72,9.34
2025-10-02,AWS,Lambda,eu-west-1,QA,5.71,14.76
2025-10-02,AWS,Lambda,ap-south-1,Marketing,5.77,9.37
2025-10-02,AWS,RDS,us-east-1,Engineering,38.67,128.65
2025-10-02,AWS,RDS,us-west-2,Finance,52.63,187.93
2025-10-02,AWS,RDS,eu-west-1,QA,48.2,166.15
2025-10-02,AWS,RDS,ap-south-1,Engineering,60.88,93.37
2025-10-02,AWS,S3,us-east-1,DevOps,9.79,20.4
2025-10-02,AWS,S3,us-west-2,Marketing,9.11,31.61
2025-10-02,AWS,S3,eu-west-1,Engineering,6.9,27.08
2025-10-02,AWS,S3,ap-south-1,QA,14.5,33.77
2025-10-02,Azure,Blob Storage,East US,DevOps,14.0,48.22
2025-10-02,Azure,Blob Storage,West Europe,Engineering,14.02,34.45
2025-10-02,Azure,Blob Storage,Southeast Asia,Engineering,18.95,68.44
2025-10-02,Azure,CDN,East US,Data Science,14.75,31.76
2025-10-02,Azure,CDN,Southeast Asia,Engineering,12.76,34.44
2025-10-02,Azure,Functions,Central India,QA,9.49,21.45
2025-10-02,Azure,Functions,Southeast Asia,QA,12.23,33.34
2025-10-02,Azure,SQL Database,East US,QA,48.01,170.19
2025-10-02,Azure,SQL Database,Central India,DevOps,52.33,193.75
2025-10-02,Azure,Virtual Machines,East US,DevOps,84.94,133.8
2025-10-02,Azure,Virtual Machines,West Europe,QA,78.51,280.43
2025-10-02,Azure,Virtual Machines,Central India,Data Science,49.15,162.87
2025-10-02,Azure,Virtual Machines,Southeast Asia,Marketing,55.39,103.52
2025-10-02,GCP,BigQuery,us-central1,QA,32.02,94.26
2025-10-02,GCP,BigQuery,europe-west1,DevOps,19.22,30.82
2025-10-02,GCP,Cloud CDN,us-central1,Finance,21.47,64.28
2025-10-02,GCP,Cloud Functions,us-central1,DevOps,10.88,26.96
2025-10-02,GCP,Cloud Functions,asia-south1,Finance,6.53,17.07
2025-10-02,GCP,Cloud Storage,us-central1,DevOps,12.49,41.32
2025-10-02,GCP,Cloud Storage,europe-west1,DevOps,7.01,28.21
2025-10-02,GCP,Cloud Storage,asia-south1,DevOps,19.08,40.32
2025-10-02,GCP,Compute Engine,us-central1,Finance,49.96,101.65
2025-10-02,GCP,Compute Engine,europe-west1,Finance,88.83,181.91
2025-10-02,GCP,Compute Engine,asia-south1,Marketing,77.64,194.26
2025-10-03,AWS,CloudFront,eu-west-1,QA,15.64,50.04
2025-10-03,AWS,EBS,us-west-2,Engineering,15.8,32.53
2025-10-03,AWS,EBS,eu-west-1,Engineering,16.67,34.57
2025-10-03,AWS,EBS,ap-south-1,Finance,13.36,53.81
2025-10-03,AWS,EC2,us-east-1,DevOps,59.35,187.99
2025-10-03,AWS,EC2,us-west-2,Marketing,61.09,169.7
2025-10-03,AWS,EC2,eu-west-1,Finance,53.12,128.44
2025-10-03,AWS,Lambda,us-west-2,DevOps,4.7,8.13
2025-10-03,AWS,Lambda,eu-west-1,QA,6.3,16.04
2025-10-03,AWS,Lambda,ap-south-1,Marketing,6.1,9.28
2025-10-03,AWS,RDS,us-east-1,Engineering,37.26,115.37
2025-10-03,AWS,RDS,us-west-2,Finance,49.0,199.57
2025-10-03,AWS,RDS,eu-west-1,QA,40.02,124.44
2025-10-03,AWS,RDS,ap-south-1,Engineering,60.96,84.7
2025-10-03,AWS,S3,us-east-1,DevOps,9.25,18.6
2025-10-03,AWS,S3,us-west-2,Marketing,8.92,28.01
2025-10-03,AWS,S3,eu-west-1,Engineering,8.07,32.44
2025-10-03,AWS,S3,ap-south-1,QA,14.41,33.5
2025-10-03,Azure,Blob Storage,East US,DevOps,16.87,64.81
2025-10-03,Azure,Blob Storage,West Europe,Engineering,12.78,31.15
2025-10-03,Azure,Blob Storage,Southeast Asia,Engineering,20.13,72.53
2025-10-03,Azure,CDN,East US,Data Science,14.19,33.65
2025-10-03,Azure,CDN,Southeast Asia,Engineering,12.02,31.68
2025-10-03,Azure,Functions,Central India,QA,9.63,22.5
2025-10-03,Azure,Functions,Southeast Asia,QA,11.4,26.08
2025-10-03,Azure,SQL Database,East US,QA,43.36,153.19
2025-10-03,Azure,SQL Database,Central India,DevOps,53.37,175.62
2025-10-03,Azure,Virtual Machines,East US,DevOps,73.08,121.26
2025-10-03,Azure,Virtual Machines,West Europe,QA,91.82,306.45
2025-10-03,Azure,Virtual Machines,Central India,Data Science,45.37,140.27
2025-10-03,Azure,Virtual Machines,Southeast Asia,Marketing,57.82,118.71
2025-10-03,GCP,BigQuery,us-central1,QA,37.97,114.75
2025-10-03,GCP,BigQuery,europe-west1,DevOps,19.6,30.91
2025-10-03,GCP,Cloud CDN,us-central1,Finance,20.68,53.98
2025-10-03,GCP,Cloud Functions,us-central1,DevOps,12.52,32.92
2025-10-03,GCP,Cloud Functions,asia-south1,Finance,5.61,13.58
2025-10-03,GCP,Cloud Storage,us-central1,DevOps,12.28,44.69
2025-10-03,GCP,Cloud Storage,europe-west1,DevOps,8.16,32.85
2025-10-03,GCP,Cloud Storage,asia-south1,DevOps,17.71,33.85
2025-10-03,GCP,Compute Engine,us-central1,Finance,48.96,107.04
2025-10-03,GCP,Compute Engine,europe-west1,Finance,94.66,181.82
2025-10-03,GCP,Compute Engine,asia-south1,Marketing,73.57,175.86
2025-10-04,AWS,CloudFront,eu-west-1,QA,15.41,55.06
2025-10-04,AWS,EBS,us-west-2,Engineering,14.05,24.53
2025-10-04,AWS,EBS,eu-west-1,Engineering,16.29,34.2
2025-10-04,AWS,EBS,ap-south-1,Finance,12.5,43.46
2025-10-04,AWS,EC2,us-east-1,DevOps,58.71,165.62
2025-10-04,AWS,EC2,us-west-2,Marketing,57.43,143.44
2025-10-04,AWS,EC2,eu-west-1,Finance,56.2,153.02
2025-10-04,AWS,Lambda,us-west-2,DevOps,5.0,8.81
2025-10-04,AWS,Lambda,eu-west-1,QA,5.98,17.51
2025-10-04,AWS,Lambda,ap-south-1,Marketing,5.57,7.98
2025-10-04,AWS,RDS,us-east-1,Engineering,32.21,100.95
2025-10-04,AWS,RDS,us-west-2,Finance,50.96,173.31
2025-10-04,AWS,RDS,eu-west-1,QA,44.69,147.61
2025-10-04,AWS,RDS,ap-south-1,Engineering,60.03,98.31
2025-10-04,AWS,S3,us-east-1,DevOps,9.14,19.27
2025-10-04,AWS,S3,us-west-2,Marketing,9.3,32.52
2025-10-04,AWS,S3,eu-west-1,Engineering,9.18,35.22
2025-10-04,AWS,S3,ap-south-1,QA,15.87,36.27
2025-10-04,Azure,Blob Storage,East US,DevOps,17.58,67.46
2025-10-04,Azure,Blob Storage,West Europe,Engineering,12.8,35.44
2025-10-04,Azure,Blob Storage,Southeast Asia,Engineering,20.43,75.17
2025-10-04,Azure,CDN,East US,Data Science,12.72,25.29
2025-10-04,Azure,CDN,Southeast Asia,Engineering,10.5,26.93
2025-10-04,Azure,Functions,Central India,QA,8.9,21.58
2025-10-04,Azure,Functions,Southeast Asia,QA,13.49,36.88
2025-10-04,Azure,SQL Database,East US,QA,41.17,125.75
2025-10-04,Azure,SQL Database,Central India,DevOps,60.59,227.65
2025-10-04,Azure,Virtual Machines,East US,DevOps,77.8,131.89
2025-10-04,Azure,Virtual Machines,West Europe,QA,81.2,262.86
2025-10-04,Azure,Virtual Machines,Central India,Data Science,43.91,138.49
2025-10-04,Azure,Virtual Machines,Southeast Asia,Marketing,48.05,95.94
2025-10-04,GCP,BigQuery,us-central1,QA,33.22,101.1
2025-10-04,GCP,BigQuery,europe-west1,DevOps,21.77,32.87
2025-10-04,GCP,Cloud CDN,us-central1,Finance,20.14,50.79
2025-10-04,GCP,Cloud Functions,us-central1,DevOps,11.13,25.36
2025-10-04,GCP,Cloud Functions,asia-south1,Finance,6.15,17.21
2025-10-04,GCP,Cloud Storage,us-central1,DevOps,11.66,44.29
2025-10-04,GCP,Cloud Storage,europe-west1,DevOps,6.65,26.19
2025-10-04,GCP,Cloud Storage,asia-south1,DevOps,19.15,40.16
2025-10-04,GCP,Compute Engine,us-central1,Finance,47.9,95.71
2025-10-04,GCP,Compute Engine,europe-west1,Finance,87.67,170.95
2025-10-04,GCP,Compute Engine,asia-south1,Marketing,92.88,215.2
2025-10-05,AWS,CloudFront,eu-west-1,QA,17.26,62.53
2025-10-05,AWS,EBS,us-west-2,Engineering,14.69,29.93
2025-10-05,AWS,EBS,eu-west-1,Engineering,14.66,31.7
2025-10-05,AWS,EBS,ap-south-1,Finance,10.81,41.03
2025-10-05,AWS,EC2,us-east-1,DevOps,62.24,185.49
2025-10-05,AWS,EC2,us-west-2,Marketing,54.44,151.8
2025-10-05,AWS,EC2,eu-west-1,Finance,53.69,133.33
2025-10-05,AWS,Lambda,us-west-2,DevOps,5.62,8.55
2025-10-05,AWS,Lambda,eu-west-1,QA,6.3,18.21
2025-10-05,AWS,Lambda,ap-south-1,Marketing,5.77,9.09
2025-10-05,AWS,RDS,us-east-1,Engineering,32.18,96.26
2025-10-05,AWS,RDS,us-west-2,Finance,46.78,181.98
2025-10-05,AWS,RDS,eu-west-1,QA,41.53,131.88
2025-10-05,AWS,RDS,ap-south-1,Engineering,52.21,85.55
2025-10-05,AWS,S3,us-east-1,DevOps,9.07,17.59
2025-10-05,AWS,S3,us-west-2,Marketing,8.11,25.38
2025-10-05,AWS,S3,eu-west-1,Engineering,9.79,38.87
2025-10-05,AWS,S3,ap-south-1,QA,15.17,37.95
2025-10-05,Azure,Blob Storage,East US,DevOps,15.02,52.62
2025-10-05,Azure,Blob Storage,West Europe,Engineering,11.21,31.0
2025-10-05,Azure,Blob Storage,Southeast Asia,Engineering,20.51,69.81
2025-10-05,Azure,CDN,East US,Data Science,14.8,34.34
2025-10-05,Azure,CDN,Southeast Asia,Engineering,12.94,35.08
2025-10-05,Azure,Functions,Central India,QA,9.79,24.0
2025-10-05,Azure,Functions,Southeast Asia,QA,13.58,36.41
2025-10-05,Azure,SQL Database,East US,QA,40.77,122.65
2025-10-05,Azure,SQL Database,Central India,DevOps,51.28,171.28
2025-10-05,Azure,Virtual Machines,East US,DevOps,66.79,103.17
2025-10-05,Azure,Virtual Machines,West Europe,QA,80.35,286.45
2025-10-05,Azure,Virtual Machines,Central India,Data Science,56.49,180.5
2025-10-05,Azure,Virtual Machines,Southeast Asia,Marketing,46.17,90.5
2025-10-05,GCP,BigQuery,us-central1,QA,33.42,100.32
2025-10-05,GCP,BigQuery,europe-west1,DevOps,20.34,31.18
2025-10-05,GCP,Cloud CDN,us-central1,Finance,23.4,69.89
2025-10-05,GCP,Cloud Functions,us-central1,DevOps,12.07,28.99
2025-10-05,GCP,Cloud Functions,asia-south1,Finance,6.2,16.6
2025-10-05,GCP,Cloud Storage,us-central1,DevOps,12.83,44.08
2025-10-05,GCP,Cloud Storage,europe-west1,DevOps,8.96,36.83
2025-10-05,GCP,Cloud Storage,asia-south1,DevOps,15.88,31.48
2025-10-05,GCP,Compute Engine,us-central1,Finance,43.69,100.18
2025-10-05,GCP,Compute Engine,europe-west1,Finance,91.63,171.34
2025-10-05,GCP,Compute Engine,asia-south1,Marketing,79.33,187.56
2025-10-06,AWS,CloudFront,eu-west-1,QA,14.09,49.32
2025-10-06,AWS,EBS,us-west-2,Engineering,15.48,27.15
2025-10-06,AWS,EBS,eu-west-1,Engineering,16.0,31.0
2025-10-06,AWS,EBS,ap-south-1,Finance,12.76,50.01
2025-10-06,AWS,EC2,us-east-1,DevOps,67.72,205.6
2025-10-06,AWS,EC2,us-west-2,Marketing,57.46,150.38
2025-10-06,AWS,EC2,eu-west-1,Finance,50.9,140.3
2025-10-06,AWS,Lambda,us-west-2,DevOps,5.43,9.96
2025-10-06,AWS,Lambda,eu-west-1,QA,5.72,13.84
2025-10-06,AWS,Lambda,ap-south-1,Marketing,6.01,8.56
2025-10-06,AWS,RDS,us-east-1,Engineering,34.67,113.27
2025-10-06,AWS,RDS,us-west-2,Finance,52.87,198.69
2025-10-06,AWS,RDS,eu-west-1,QA,51.11,171.91
2025-10-06,AWS,RDS,ap-south-1,Engineering,57.29,90.25
2025-10-06,AWS,S3,us-east-1,DevOps,9.43,21.4
2025-10-06,AWS,S3,us-west-2,Marketing,9.42,33.02
2025-10-06,AWS,S3,eu-west-1,Engineering,8.6,33.64
2025-10-06,AWS,S3,ap-south-1,QA,15.09,37.58
2025-10-06,Azure,Blob Storage,East US,DevOps,15.45,58.19
2025-10-06,Azure,Blob Storage,West Europe,Engineering,14.28,33.77
2025-10-06,Azure,Blob Storage,Southeast Asia,Engineering,18.82,60.95
2025-10-06,Azure,CDN,East US,Data Science,16.01,32.49
2025-10-06,Azure,CDN,Southeast Asia,Engineering,12.36,30.95
2025-10-06,Azure,Functions,Central India,QA,10.37,24.87
2025-10-06,Azure,Functions,Southeast Asia,QA,14.58,39.43
2025-10-06,Azure,SQL Database,East US,QA,37.61,118.42
2025-10-06,Azure,SQL Database,Central India,DevOps,60.43,191.71
2025-10-06,Azure,Virtual Machines,East US,DevOps,70.74,100.84
2025-10-06,Azure,Virtual Machines,West Europe,QA,78.05,249.39
2025-10-06,Azure,Virtual Machines,Central India,Data Science,53.81,173.91
2025-10-06,Azure,Virtual Machines,Southeast Asia,Marketing,49.86,87.64
2025-10-06,GCP,BigQuery,us-central1,QA,29.5,99.05
2025-10-06,GCP,BigQuery,europe-west1,DevOps,20.95,29.8
2025-10-06,GCP,Cloud CDN,us-central1,Finance,20.82,57.78
2025-10-06,GCP,Cloud Functions,us-central1,DevOps,10.42,24.81
2025-10-06,GCP,Cloud Functions,asia-south1,Finance,6.46,17.22
2025-10-06,GCP,Cloud Storage,us-central1,DevOps,12.1,40.36
2025-10-06,GCP,Cloud Storage,europe-west1,DevOps,7.55,28.96
2025-10-06,GCP,Cloud Storage,asia-south1,DevOps,18.57,33.86
2025-10-06,GCP,Compute Engine,us-central1,Finance,45.36,102.99
2025-10-06,GCP,Compute Engine,europe-west1,Finance,101.49,204.03
2025-10-06,GCP,Compute Engine,asia-south1,Marketing,76.39,170.43
2025-10-07,AWS,CloudFront,eu-west-1,QA,15.75,57.2
2025-10-07,AWS,EBS,us-west-2,Engineering,14.69,25.55
2025-10-07,AWS,EBS,eu-west-1,Engineering,16.12,30.87
2025-10-07,AWS,EBS,ap-south-1,Finance,13.1,51.83
2025-10-07,AWS,EC2,us-east-1,DevOps,60.54,175.59
2025-10-07,AWS,EC2,us-west-2,Marketing,57.85,138.63
2025-10-07,AWS,EC2,eu-west-1,Finance,53.19,147.98
2025-10-07,AWS,Lambda,us-west-2,DevOps,5.0,8.14
2025-10-07,AWS,Lambda,eu-west-1,QA,6.49,18.26
2025-10-07,AWS,Lambda,ap-south-1,Marketing,5.63,9.67
2025-10-07,AWS,RDS,us-east-1,Engineering,35.45,117.99
2025-10-07,AWS,RDS,us-west-2,Finance,49.7,184.75
2025-10-07,AWS,RDS,eu-west-1,QA,44.47,147.0
2025-10-07,AWS,RDS,ap-south-1,Engineering,59.41,97.69
2025-10-07,AWS,S3,us-east-1,DevOps,9.56,21.72
2025-10-07,AWS,S3,us-west-2,Marketing,8.9,26.88
2025-10-07,AWS,S3,eu-west-1,Engineering,7.77,28.6
2025-10-07,AWS,S3,ap-south-1,QA,17.05,40.22
2025-10-07,Azure,Blob Storage,East US,DevOps,14.86,51.57
2025-10-07,Azure,Blob Storage,West Europe,Engineering,11.79,30.49
2025-10-07,Azure,Blob Storage,Southeast Asia,Engineering,22.02,78.34
2025-10-07,Azure,CDN,East US,Data Science,13.04,26.69
2025-10-07,Azure,CDN,Southeast Asia,Engineering,12.27,33.27
2025-10-07,Azure,Functions,Central India,QA,10.38,26.07
2025-10-07,Azure,Functions,Southeast Asia,QA,10.65,29.04
2025-10-07,Azure,SQL Database,East US,QA,38.51,138.73
2025-10-07,Azure,SQL Database,Central India,DevOps,52.15,163.29
2025-10-07,Azure,Virtual Machines,East US,DevOps,77.49,116.37
2025-10-07,Azure,Virtual Machines,West Europe,QA,79.23,241.02
2025-10-07,Azure,Virtual Machines,Central India,Data Science,53.29,152.57
2025-10-07,Azure,Virtual Machines,Southeast Asia,Marketing,49.58,97.93
2025-10-07,GCP,BigQuery,us-central1,QA,33.5,101.46
2025-10-07,GCP,BigQuery,europe-west1,DevOps,19.4,29.4
2025-10-07,GCP,Cloud CDN,us-central1,Finance,21.98,58.72
2025-10-07,GCP,Cloud Functions,us-central1,DevOps,11.37,30.0
2025-10-07,GCP,Cloud Functions,asia-south1,Finance,6.79,18.63
2025-10-07,GCP,Cloud Storage,us-central1,DevOps,12.41,42.05
2025-10-07,GCP,Cloud Storage,europe-west1,DevOps,7.21,24.5
2025-10-07,GCP,Cloud Storage,asia-south1,DevOps,17.43,36.37
2025-10-07,GCP,Compute Engine,us-central1,Finance,55.24,116.31
2025-10-07,GCP,Compute Engine,europe-west1,Finance,85.66,177.95
2025-10-07,GCP,Compute Engine,asia-south1,Marketing,77.74,172.31
2025-10-08,AWS,CloudFront,eu-west-1,QA,14.35,46.88
2025-10-08,AWS,EBS,us-west-2,Engineering,14.3,26.55
2025-10-08,AWS,EBS,eu-west-1,Engineering,15.41,28.63
2025-10-08,AWS,EBS,ap-south-1,Finance,9.66,33.59
2025-10-08,AWS,EC2,us-east-1,DevOps,61.18,186.84
2025-10-08,AWS,EC2,us-west-2,Marketing,49.79,118.84
2025-10-08,AWS,EC2,eu-west-1,Finance,52.65,144.97
2025-10-08,AWS,Lambda,us-west-2,DevOps,5.45,8.59
2025-10-08,AWS,Lambda,eu-west-1,QA,5.78,14.23
2025-10-08,AWS,Lambda,ap-south-1,Marketing,5.16,8.62
2025-10-08,AWS,RDS,us-east-1,Engineering,39.19,116.57
2025-10-08,AWS,RDS,us-west-2,Finance,48.84,172.3
2025-10-08,AWS,RDS,eu-west-1,QA,46.73,144.25
2025-10-08,AWS,RDS,ap-south-1,Engineering,64.44,103.72
2025-10-08,AWS,S3,us-east-1,DevOps,9.09,19.72
2025-10-08,AWS,S3,us-west-2,Marketing,9.36,33.1
2025-10-08,AWS,S3,eu-west-1,Engineering,7.74,31.14
2025-10-08,AWS,S3,ap-south-1,QA,15.86,34.14
2025-10-08,Azure,Blob Storage,East US,DevOps,14.12,46.77
2025-10-08,Azure,Blob Storage,West Europe,Engineering,9.63,24.45
2025-10-08,Azure,Blob Storage,Southeast Asia,Engineering,17.3,56.78
2025-10-08,Azure,CDN,East US,Data Science,14.27,31.08
2025-10-08,Azure,CDN,Southeast Asia,Engineering,10.94,28.73
2025-10-08,Azure,Functions,Central India,QA,10.17,24.38
2025-10-08,Azure,Functions,Southeast Asia,QA,10.86,27.28
2025-10-08,Azure,SQL Database,East US,QA,47.43,140.83
2025-10-08,Azure,SQL Database,Central India,DevOps,45.37,150.65
2025-10-08,Azure,Virtual Machines,East US,DevOps,61.56,105.28
2025-10-08,Azure,Virtual Machines,West Europe,QA,82.05,269.52
2025-10-08,Azure,Virtual Machines,Central India,Data Science,52.76,179.33
2025-10-08,Azure,Virtual Machines,Southeast Asia,Marketing,54.24,98.56
2025-10-08,GCP,BigQuery,us-central1,QA,34.08,113.63
2025-10-08,GCP,BigQuery,europe-west1,DevOps,20.1,30.42
2025-10-08,GCP,Cloud CDN,us-central1,Finance,22.26,66.15
2025-10-08,GCP,Cloud Functions,us-central1,DevOps,11.3,29.46
2025-10-08,GCP,Cloud Functions,asia-south1,Finance,6.91,15.98
2025-10-08,GCP,Cloud Storage,us-central1,DevOps,37.19,49.64
2025-10-08,GCP,Cloud Storage,europe-west1,DevOps,7.56,27.3
2025-10-08,GCP,Cloud Storage,asia-south1,DevOps,18.59,39.36
2025-10-08,GCP,Compute Engine,us-central1,Finance,47.2,93.89
2025-10-08,GCP,Compute Engine,europe-west1,Finance,88.36,194.99
2025-10-08,GCP,Compute Engine,asia-south1,Marketing,91.35,236.37
2025-10-09,AWS,CloudFront,eu-west-1,QA,13.29,49.74
2025-10-09,AWS,EBS,us-west-2,Engineering,13.5,28.12
2025-10-09,AWS,EBS,eu-west-1,Engineering,17.61,32.63
2025-10-09,AWS,EBS,ap-south-1,Finance,12.62,47.35
2025-10-09,AWS,EC2,us-east-1,DevOps,59.12,186.99
2025-10-09,AWS,EC2,us-west-2,Marketing,60.56,153.29
2025-10-09,AWS,EC2,eu-west-1,Finance,58.49,136.28
2025-10-09,AWS,Lambda,us-west-2,DevOps,4.93,8.87
2025-10-09,AWS,Lambda,eu-west-1,QA,5.39,13.04
2025-10-09,AWS,Lambda,ap-south-1,Marketing,5.07,7.5
2025-10-09,AWS,RDS,us-east-1,Engineering,27.34,77.96
2025-10-09,AWS,RDS,us-west-2,Finance,48.42,188.26
2025-10-09,AWS,RDS,eu-west-1,QA,44.81,137.46
2025-10-09,AWS,RDS,ap-south-1,Engineering,57.6,93.01
2025-10-09,AWS,S3,us-east-1,DevOps,9.19,19.02
2025-10-09,AWS,S3,us-west-2,Marketing,9.46,31.15
2025-10-09,AWS,S3,eu-west-1,Engineering,8.47,30.76
2025-10-09,AWS,S3,ap-south-1,QA,12.7,28.93
2025-10-09,Azure,Blob Storage,East US,DevOps,17.44,63.24
2025-10-09,Azure,Blob Storage,West Europe,Engineering,9.99,23.43
2025-10-09,Azure,Blob Storage,Southeast Asia,Engineering,20.68,80.09
2025-10-09,Azure,CDN,East US,Data Science,11.44,24.52
2025-10-09,Azure,CDN,Southeast Asia,Engineering,12.45,30.72
2025-10-09,Azure,Functions,Central India,QA,9.24,24.49
2025-10-09,Azure,Functions,Southeast Asia,QA,12.75,30.26
2025-10-09,Azure,SQL Database,East US,QA,37.81,128.44
2025-10-09,Azure,SQL Database,Central India,DevOps,53.81,185.8
2025-10-09,Azure,Virtual Machines,East US,DevOps,69.05,113.13
2025-10-09,Azure,Virtual Machines,West Europe,QA,79.78,280.07
2025-10-09,Azure,Virtual Machines,Central India,Data Science,49.68,158.41
2025-10-09,Azure,Virtual Machines,Southeast Asia,Marketing,50.34,94.93
2025-10-09,GCP,BigQuery,us-central1,QA,35.17,121.21
2025-10-09,GCP,BigQuery,europe-west1,DevOps,17.71,25.07
2025-10-09,GCP,Cloud CDN,us-central1,Finance,19.18,55.7
2025-10-09,GCP,Cloud Functions,us-central1,DevOps,10.86,26.3
2025-10-09,GCP,Cloud Functions,asia-south1,Finance,6.64,17.34
2025-10-09,GCP,Cloud Storage,us-central1,DevOps,12.67,47.78
2025-10-09,GCP,Cloud Storage,europe-west1,DevOps,8.06,29.35
2025-10-09,GCP,Cloud Storage,asia-south1,DevOps,17.58,31.56
2025-10-09,GCP,Compute Engine,us-central1,Finance,53.19,112.71
2025-10-09,GCP,Compute Engine,europe-west1,Finance,89.25,190.03
2025-10-09,GCP,Compute Engine,asia-south1,Marketing,96.94,249.94
2025-10-10,AWS,CloudFront,eu-west-1,QA,16.1,52.21
2025-10-10,AWS,EBS,us-west-2,Engineering,16.64,34.84
2025-10-10,AWS,EBS,eu-west-1,Engineering,16.8,32.06
2025-10-10,AWS,EBS,ap-south-1,Finance,11.94,46.28
2025-10-10,AWS,EC2,us-east-1,DevOps,63.79,191.45
2025-10-10,AWS,EC2,us-west-2,Marketing,54.02,149.48
2025-10-10,AWS,EC2,eu-west-1,Finance,51.91,141.0
2025-10-10,AWS,Lambda,us-west-2,DevOps,5.12,8.96
2025-10-10,AWS,Lambda,eu-west-1,QA,6.85,17.47
2025-10-10,AWS,Lambda,ap-south-1,Marketing,6.12,9.24
2025-10-10,AWS,RDS,us-east-1,Engineering,32.17,103.48
2025-10-10,AWS,RDS,us-west-2,Finance,49.52,173.49
2025-10-10,AWS,RDS,eu-west-1,QA,44.46,133.99
2025-10-10,AWS,RDS,ap-south-1,Engineering,59.42,91.29
2025-10-10,AWS,S3,us-east-1,DevOps,9.38,21.19
2025-10-10,AWS,S3,us-west-2,Marketing,9.97,31.5
2025-10-10,AWS,S3,eu-west-1,Engineering,8.54,32.81
2025-10-10,AWS,S3,ap-south-1,QA,16.04,36.4
2025-10-10,Azure,Blob Storage,East US,DevOps,12.25,43.83
2025-10-10,Azure,Blob Storage,West Europe,Engineering,12.5,29.41
2025-10-10,Azure,Blob Storage,Southeast Asia,Engineering,18.95,63.6
2025-10-10,Azure,CDN,East US,Data Science,13.44,29.33
2025-10-10,Azure,CDN,Southeast Asia,Engineering,11.79,31.69
2025-10-10,Azure,Functions,Central India,QA,9.2,21.3
2025-10-10,Azure,Functions,Southeast Asia,QA,11.6,26.41
2025-10-10,Azure,SQL Database,East US,QA,37.66,126.33
2025-10-10,Azure,SQL Database,Central India,DevOps,51.76,161.74
2025-10-10,Azure,Virtual Machines,East US,DevOps,73.72,121.94
2025-10-10,Azure,Virtual Machines,West Europe,QA,77.07,231.97
2025-10-10,Azure,Virtual Machines,Central India,Data Science,55.13,187.32
2025-10-10,Azure,Virtual Machines,Southeast Asia,Marketing,46.82,89.67
2025-10-10,GCP,BigQuery,us-central1,QA,33.85,113.38
2025-10-10,GCP,BigQuery,europe-west1,DevOps,19.81,32.51
2025-10-10,GCP,Cloud CDN,us-central1,Finance,21.08,61.89
2025-10-10,GCP,Cloud Functions,us-central1,DevOps,10.36,26.42
2025-10-10,GCP,Cloud Functions,asia-south1,Finance,6.99,19.0
2025-10-10,GCP,Cloud Storage,us-central1,DevOps,12.3,41.88
2025-10-10,GCP,Cloud Storage,europe-west1,DevOps,8.25,31.39
2025-10-10,GCP,Cloud Storage,asia-south1,DevOps,16.7,35.51
2025-10-10,GCP,Compute Engine,us-central1,Finance,50.44,99.44
2025-10-10,GCP,Compute Engine,europe-west1,Finance,114.4,242.85
2025-10-10,GCP,Compute Engine,asia-south1,Marketing,76.54,177.55
2025-10-11,AWS,CloudFront,eu-west-1,QA,16.16,55.36
2025-10-11,AWS,EBS,us-west-2,Engineering,16.82,30.2
2025-10-11,AWS,EBS,eu-west-1,Engineering,17.75,38.53
2025-10-11,AWS,EBS,ap-south-1,Finance,12.1,42.15
2025-10-11,AWS,EC2,us-east-1,DevOps,60.66,179.06
2025-10-11,AWS,EC2,us-west-2,Marketing,54.01,147.27
2025-10-11,AWS,EC2,eu-west-1,Finance,49.54,125.01
2025-10-11,AWS,Lambda,us-west-2,DevOps,5.68,8.76
2025-10-11,AWS,Lambda,eu-west-1,QA,4.97,12.67
2025-10-11,AWS,Lambda,ap-south-1,Marketing,5.88,10.16
2025-10-11,AWS,RDS,us-east-1,Engineering,90.52,109.39
2025-10-11,AWS,RDS,us-west-2,Finance,47.88,180.69
2025-10-11,AWS,RDS,eu-west-1,QA,46.12,148.48
2025-10-11,AWS,RDS,ap-south-1,Engineering,53.04,77.26
2025-10-11,AWS,S3,us-east-1,DevOps,9.27,19.99
2025-10-11,AWS,S3,us-west-2,Marketing,9.19,28.85
2025-10-11,AWS,S3,eu-west-1,Engineering,9.57,38.04
2025-10-11,AWS,S3,ap-south-1,QA,15.88,39.94
2025-10-11,Azure,Blob Storage,East US,DevOps,14.58,49.0
2025-10-11,Azure,Blob Storage,West Europe,Engineering,10.91,30.19
2025-10-11,Azure,Blob Storage,Southeast Asia,Engineering,18.39,65.06
2025-10-11,Azure,CDN,East US,Data Science,14.15,33.69
2025-10-11,Azure,CDN,Southeast Asia,Engineering,10.51,29.44
2025-10-11,Azure,Functions,Central India,QA,10.29,25.67
2025-10-11,Azure,Functions,Southeast Asia,QA,11.19,25.49
2025-10-11,Azure,SQL Database,East US,QA,38.56,130.31
2025-10-11,Azure,SQL Database,Central India,DevOps,47.4,167.21
2025-10-11,Azure,Virtual Machines,East US,DevOps,69.68,106.18
2025-10-11,Azure,Virtual Machines,West Europe,QA,77.28,261.1
2025-10-11,Azure,Virtual Machines,Central India,Data Science,44.51,142.9
2025-10-11,Azure,Virtual Machines,Southeast Asia,Marketing,44.59,85.4
2025-10-11,GCP,BigQuery,us-central1,QA,31.81,96.69
2025-10-11,GCP,BigQuery,europe-west1,DevOps,20.97,29.95
2025-10-11,GCP,Cloud CDN,us-central1,Finance,23.43,61.83
2025-10-11,GCP,Cloud Functions,us-central1,DevOps,8.38,20.27
2025-10-11,GCP,Cloud Functions,asia-south1,Finance,6.1,14.12
2025-10-11,GCP,Cloud Storage,us-central1,DevOps,13.05,49.33
2025-10-11,GCP,Cloud Storage,europe-west1,DevOps,7.51,30.61
2025-10-11,GCP,Cloud Storage,asia-south1,DevOps,17.8,35.55
2025-10-11,GCP,Compute Engine,us-central1,Finance,48.86,98.83
2025-10-11,GCP,Compute Engine,europe-west1,Finance,95.57,186.74
2025-10-11,GCP,Compute Engine,asia-south1,Marketing,80.2,189.62
2025-10-12,AWS,CloudFront,eu-west-1,QA,15.97,51.06
2025-10-12,AWS,EBS,us-west-2,Engineering,15.22,27.02
2025-10-12,AWS,EBS,eu-west-1,Engineering,15.54,28.24
2025-10-12,AWS,EBS,ap-south-1,Finance,11.4,40.29
2025-10-12,AWS,EC2,us-east-1,DevOps,61.51,177.94
2025-10-12,AWS,EC2,us-west-2,Marketing,58.39,161.7
2025-10-12,AWS,EC2,eu-west-1,Finance,52.81,145.8
2025-10-12,AWS,Lambda,us-west-2,DevOps,5.62,8.72
2025-10-12,AWS,Lambda,eu-west-1,QA,5.46,15.53
2025-10-12,AWS,Lambda,ap-south-1,Marketing,5.84,8.98
2025-10-12,AWS,RDS,us-east-1,Engineering,32.07,98.69
2025-10-12,AWS,RDS,us-west-2,Finance,52.14,185.1
2025-10-12,AWS,RDS,eu-west-1,QA,42.56,147.48
2025-10-12,AWS,RDS,ap-south-1,Engineering,51.88,74.17
2025-10-12,AWS,S3,us-east-1,DevOps,9.41,21.37
2025-10-12,AWS,S3,us-west-2,Marketing,9.86,32.04
2025-10-12,AWS,S3,eu-west-1,Engineering,8.95,33.1
2025-10-12,AWS,S3,ap-south-1,QA,16.42,35.67
2025-10-12,Azure,Blob Storage,East US,DevOps,14.84,53.69
2025-10-12,Azure,Blob Storage,West Europe,Engineering,12.16,30.37
2025-10-12,Azure,Blob Storage,Southeast Asia,Engineering,19.2,68.03
2025-10-12,Azure,CDN,East US,Data Science,13.61,30.73
2025-10-12,Azure,CDN,Southeast Asia,Engineering,11.82,29.57
2025-10-12,Azure,Functions,Central India,QA,10.27,25.55
2025-10-12,Azure,Functions,Southeast Asia,QA,11.48,29.74
2025-10-12,Azure,SQL Database,East US,QA,36.83,114.1
2025-10-12,Azure,SQL Database,Central India,DevOps,52.62,176.57
2025-10-12,Azure,Virtual Machines,East US,DevOps,66.73,109.62
2025-10-12,Azure,Virtual Machines,West Europe,QA,91.28,308.91
2025-10-12,Azure,Virtual Machines,Central India,Data Science,42.96,132.52
2025-10-12,Azure,Virtual Machines,Southeast Asia,Marketing,111.8,104.08
2025-10-12,GCP,BigQuery,us-central1,QA,31.6,103.29
2025-10-12,GCP,BigQuery,europe-west1,DevOps,18.91,26.21
2025-10-12,GCP,Cloud CDN,us-central1,Finance,21.64,64.03
2025-10-12,GCP,Cloud Functions,us-central1,DevOps,10.33,25.88
2025-10-12,GCP,Cloud Functions,asia-south1,Finance,6.7,18.0
2025-10-12,GCP,Cloud Storage,us-central1,DevOps,13.12,49.54
2025-10-12,GCP,Cloud Storage,europe-west1,DevOps,6.78,27.27
2025-10-12,GCP,Cloud Storage,asia-south1,DevOps,19.67,34.87
2025-10-12,GCP,Compute Engine,us-central1,Finance,48.4,102.27
2025-10-12,GCP,Compute Engine,europe-west1,Finance,99.14,217.1
2025-10-12,GCP,Compute Engine,asia-south1,Marketing,83.31,209.21
2025-10-13,AWS,CloudFront,eu-west-1,QA,13.64,48.09
2025-10-13,AWS,EBS,us-west-2,Engineering,14.51,26.88
2025-10-13,AWS,EBS,eu-west-1,Engineering,17.66,33.26
2025-10-13,AWS,EBS,ap-south-1,Finance,12.11,47.68
2025-10-13,AWS,EC2,us-east-1,DevOps,66.24,197.0
2025-10-13,AWS,EC2,us-west-2,Marketing,58.2,152.91
2025-10-13,AWS,EC2,eu-west-1,Finance,51.64,136.3
2025-10-13,AWS,Lambda,us-west-2,DevOps,5.33,9.34
2025-10-13,AWS,Lambda,eu-west-1,QA,5.5,15.31
2025-10-13,AWS,Lambda,ap-south-1,Marketing,5.31,8.84
2025-10-13,AWS,RDS,us-east-1,Engineering,32.51,104.97
2025-10-13,AWS,RDS,us-west-2,Finance,47.83,194.88
2025-10-13,AWS,RDS,eu-west-1,QA,44.33,132.12
2025-10-13,AWS,RDS,ap-south-1,Engineering,51.13,74.79
2025-10-13,AWS,S3,us-east-1,DevOps,8.84,19.36
2025-10-13,AWS,S3,us-west-2,Marketing,8.82,31.95
2025-10-13,AWS,S3,eu-west-1,Engineering,8.34,30.35
2025-10-13,AWS,S3,ap-south-1,QA,13.83,34.74
2025-10-13,Azure,Blob Storage,East US,DevOps,15.51,61.24
2025-10-13,Azure,Blob Storage,West Europe,Engineering,10.63,24.78
2025-10-13,Azure,Blob Storage,Southeast Asia,Engineering,17.16,62.25
2025-10-13,Azure,CDN,East US,Data Science,13.85,29.03
2025-10-13,Azure,CDN,Southeast Asia,Engineering,12.39,34.23
2025-10-13,Azure,Functions,Central India,QA,9.48,22.06
2025-10-13,Azure,Functions,Southeast Asia,QA,11.75,28.62
2025-10-13,Azure,SQL Database,East US,QA,40.65,126.16
2025-10-13,Azure,SQL Database,Central India,DevOps,50.72,172.21
2025-10-13,Azure,Virtual Machines,East US,DevOps,66.86,108.66
2025-10-13,Azure,Virtual Machines,West Europe,QA,92.15,332.28
2025-10-13,Azure,Virtual Machines,Central India,Data Science,50.56,160.26
2025-10-13,Azure,Virtual Machines,Southeast Asia,Marketing,51.88,100.38
2025-10-13,GCP,BigQuery,us-central1,QA,31.75,100.23
2025-10-13,GCP,BigQuery,europe-west1,DevOps,17.9,26.77
2025-10-13,GCP,Cloud CDN,us-central1,Finance,21.84,61.94
2025-10-13,GCP,Cloud Functions,us-central1,DevOps,11.67,31.65
2025-10-13,GCP,Cloud Functions,asia-south1,Finance,6.65,18.66
2025-10-13,GCP,Cloud Storage,us-central1,DevOps,12.86,51.25
2025-10-13,GCP,Cloud Storage,europe-west1,DevOps,6.89,24.59
2025-10-13,GCP,Cloud Storage,asia-south1,DevOps,16.99,33.54
2025-10-13,GCP,Compute Engine,us-central1,Finance,49.61,95.12
2025-10-13,GCP,Compute Engine,europe-west1,Finance,96.22,213.0
2025-10-13,GCP,Compute Engine,asia-south1,Marketing,68.87,169.67
2025-10-14,AWS,CloudFront,eu-west-1,QA,15.29,55.25
2025-10-14,AWS,EBS,us-west-2,Engineering,14.52,26.82
2025-10-14,AWS,EBS,eu-west-1,Engineering,16.93,30.74
2025-10-14,AWS,EBS,ap-south-1,Finance,13.58,51.98
2025-10-14,AWS,EC2,us-east-1,DevOps,58.73,167.02
2025-10-14,AWS,EC2,us-west-2,Marketing,51.68,133.67
2025-10-14,AWS,EC2,eu-west-1,Finance,44.3,121.38
2025-10-14,AWS,Lambda,us-west-2,DevOps,4.76,7.31
2025-10-14,AWS,Lambda,eu-west-1,QA,6.93,20.29
2025-10-14,AWS,Lambda,ap-south-1,Marketing,5.82,9.08
2025-10-14,AWS,RDS,us-east-1,Engineering,71.36,105.29
2025-10-14,AWS,RDS,us-west-2,Finance,55.51,187.74
2025-10-14,AWS,RDS,eu-west-1,QA,44.13,128.59
2025-10-14,AWS,RDS,ap-south-1,Engineering,54.87,85.28
2025-10-14,AWS,S3,us-east-1,DevOps,10.06,22.68
2025-10-14,AWS,S3,us-west-2,Marketing,8.82,27.42
2025-10-14,AWS,S3,eu-west-1,Engineering,8.03,30.19
2025-10-14,AWS,S3,ap-south-1,QA,15.29,37.43
2025-10-14,Azure,Blob Storage,East US,DevOps,13.75,52.11
2025-10-14,Azure,Blob Storage,West Europe,Engineering,12.32,29.29
2025-10-14,Azure,Blob Storage,Southeast Asia,Engineering,20.15,76.45
2025-10-14,Azure,CDN,East US,Data Science,12.82,26.23
2025-10-14,Azure,CDN,Southeast Asia,Engineering,11.99,30.16
2025-10-14,Azure,Functions,Central India,QA,9.25,22.11
2025-10-14,Azure,Functions,Southeast Asia,QA,12.4,31.2
2025-10-14,Azure,SQL Database,East US,QA,43.97,142.37
2025-10-14,Azure,SQL Database,Central India,DevOps,60.45,199.83
2025-10-14,Azure,Virtual Machines,East US,DevOps,71.25,105.27
2025-10-14,Azure,Virtual Machines,West Europe,QA,76.22,242.34
2025-10-14,Azure,Virtual Machines,Central India,Data Science,51.74,172.5
2025-10-14,Azure,Virtual Machines,Southeast Asia,Marketing,53.5,91.61
2025-10-14,GCP,BigQuery,us-central1,QA,32.09,106.38
2025-10-14,GCP,BigQuery,europe-west1,DevOps,20.41,31.88
2025-10-14,GCP,Cloud CDN,us-central1,Finance,20.31,58.58
2025-10-14,GCP,Cloud Functions,us-central1,DevOps,9.78,24.34
2025-10-14,GCP,Cloud Functions,asia-south1,Finance,6.84,17.8
2025-10-14,GCP,Cloud Storage,us-central1,DevOps,13.08,46.37
2025-10-14,GCP,Cloud Storage,europe-west1,DevOps,7.78,29.44
2025-10-14,GCP,Cloud Storage,asia-south1,DevOps,18.08,37.5
2025-10-14,GCP,Compute Engine,us-central1,Finance,52.41,117.04
2025-10-14,GCP,Compute Engine,europe-west1,Finance,96.41,212.84
2025-10-14,GCP,Compute Engine,asia-south1,Marketing,77.34,167.68
2025-10-15,AWS,CloudFront,eu-west-1,QA,15.85,60.3
2025-10-15,AWS,EBS,us-west-2,Engineering,15.65,31.44
2025-10-15,AWS,EBS,eu-west-1,Engineering,15.94,30.12
2025-10-15,AWS,EBS,ap-south-1,Finance,11.74,41.72
2025-10-15,AWS,EC2,us-east-1,DevOps,56.23,161.11
2025-10-15,AWS,EC2,us-west-2,Marketing,58.06,141.28
2025-10-15,AWS,EC2,eu-west-1,Finance,50.42,129.51
2025-10-15,AWS,Lambda,us-west-2,DevOps,5.02,9.13
2025-10-15,AWS,Lambda,eu-west-1,QA,6.58,18.33
2025-10-15,AWS,Lambda,ap-south-1,Marketing,5.62,9.5
2025-10-15,AWS,RDS,us-east-1,Engineering,31.84,94.94
2025-10-15,AWS,RDS,us-west-2,Finance,54.82,192.4
2025-10-15,AWS,RDS,eu-west-1,QA,43.16,126.45
2025-10-15,AWS,RDS,ap-south-1,Engineering,65.9,93.31
2025-10-15,AWS,S3,us-east-1,DevOps,9.35,20.33
2025-10-15,AWS,S3,us-west-2,Marketing,8.91,27.03
2025-10-15,AWS,S3,eu-west-1,Engineering,10.21,41.14
2025-10-15,AWS,S3,ap-south-1,QA,14.98,37.12
2025-10-15,Azure,Blob Storage,East US,DevOps,16.85,63.97
2025-10-15,Azure,Blob Storage,West Europe,Engineering,12.52,30.1
2025-10-15,Azure,Blob Storage,Southeast Asia,Engineering,22.05,78.74
2025-10-15,Azure,CDN,East US,Data Science,14.99,32.29
2025-10-15,Azure,CDN,Southeast Asia,Engineering,9.78,27.06
2025-10-15,Azure,Functions,Central India,QA,10.43,24.7
2025-10-15,Azure,Functions,Southeast Asia,QA,10.04,23.41
2025-10-15,Azure,SQL Database,East US,QA,38.32,115.66
2025-10-15,Azure,SQL Database,Central India,DevOps,56.41,196.95
2025-10-15,Azure,Virtual Machines,East US,DevOps,60.56,104.58
2025-10-15,Azure,Virtual Machines,West Europe,QA,84.29,267.57
2025-10-15,Azure,Virtual Machines,Central India,Data Science,47.4,143.12
2025-10-15,Azure,Virtual Machines,Southeast Asia,Marketing,45.3,84.19
2025-10-15,GCP,BigQuery,us-central1,QA,34.9,101.84
2025-10-15,GCP,BigQuery,europe-west1,DevOps,17.21,24.33
2025-10-15,GCP,Cloud CDN,us-central1,Finance,22.78,60.35
2025-10-15,GCP,Cloud Functions,us-central1,DevOps,9.93,26.94
2025-10-15,GCP,Cloud Functions,asia-south1,Finance,5.98,15.06
2025-10-15,GCP,Cloud Storage,us-central1,DevOps,13.32,51.79
2025-10-15,GCP,Cloud Storage,europe-west1,DevOps,8.18,31.79
2025-10-15,GCP,Cloud Storage,asia-south1,DevOps,16.78,33.07
2025-10-15,GCP,Compute Engine,us-central1,Finance,44.7,89.04
2025-10-15,GCP,Compute Engine,europe-west1,Finance,93.47,172.42
2025-10-15,GCP,Compute Engine,asia-south1,Marketing,92.45,212.43
2025-10-16,AWS,CloudFront,eu-west-1,QA,16.22,59.39
2025-10-16,AWS,EBS,us-west-2,Engineering,15.82,29.87
2025-10-16,AWS,EBS,eu-west-1,Engineering,18.72,34.04
2025-10-16,AWS,EBS,ap-south-1,Finance,13.06,50.15
2025-10-16,AWS,EC2,us-east-1,DevOps,59.3,174.79
2025-10-16,AWS,EC2,us-west-2,Marketing,51.91,131.23
2025-10-16,AWS,EC2,eu-west-1,Finance,49.89,129.05
2025-10-16,AWS,Lambda,us-west-2,DevOps,5.19,9.15
2025-10-16,AWS,Lambda,eu-west-1,QA,6.42,16.85
2025-10-16,AWS,Lambda,ap-south-1,Marketing,5.5,9.03
2025-10-16,AWS,RDS,us-east-1,Engineering,32.17,98.91
2025-10-16,AWS,RDS,us-west-2,Finance,45.39,160.77
2025-10-16,AWS,RDS,eu-west-1,QA,45.86,153.67
2025-10-16,AWS,RDS,ap-south-1,Engineering,54.53,78.63
2025-10-16,AWS,S3,us-east-1,DevOps,8.87,18.58
2025-10-16,AWS,S3,us-west-2,Marketing,9.49,31.8
2025-10-16,AWS,S3,eu-west-1,Engineering,8.6,35.4
2025-10-16,AWS,S3,ap-south-1,QA,13.65,31.9
2025-10-16,Azure,Blob Storage,East US,DevOps,12.92,49.21
2025-10-16,Azure,Blob Storage,West Europe,Engineering,12.1,30.56
2025-10-16,Azure,Blob Storage,Southeast Asia,Engineering,18.46,59.98
2025-10-16,Azure,CDN,East US,Data Science,13.12,28.43
2025-10-16,Azure,CDN,Southeast Asia,Engineering,11.74,27.78
2025-10-16,Azure,Functions,Central India,QA,9.23,20.98
2025-10-16,Azure,Functions,Southeast Asia,QA,12.08,33.3
2025-10-16,Azure,SQL Database,East US,QA,35.71,107.28
2025-10-16,Azure,SQL Database,Central India,DevOps,48.11,158.0
2025-10-16,Azure,Virtual Machines,East US,DevOps,69.69,106.83
2025-10-16,Azure,Virtual Machines,West Europe,QA,73.43,240.98
2025-10-16,Azure,Virtual Machines,Central India,Data Science,44.33,151.3
2025-10-16,Azure,Virtual Machines,Southeast Asia,Marketing,56.08,108.55
2025-10-16,GCP,BigQuery,us-central1,QA,34.26,110.39
2025-10-16,GCP,BigQuery,europe-west1,DevOps,21.64,30.51
2025-10-16,GCP,Cloud CDN,us-central1,Finance,24.13,63.05
2025-10-16,GCP,Cloud Functions,us-central1,DevOps,9.68,25.1
2025-10-16,GCP,Cloud Functions,asia-south1,Finance,7.27,18.39
2025-10-16,GCP,Cloud Storage,us-central1,DevOps,10.81,38.76
2025-10-16,GCP,Cloud Storage,europe-west1,DevOps,8.22,34.0
2025-10-16,GCP,Cloud Storage,asia-south1,DevOps,14.89,30.37
2025-10-16,GCP,Compute Engine,us-central1,Finance,49.11,111.76
2025-10-16,GCP,Compute Engine,europe-west1,Finance,92.35,191.57
2025-10-16,GCP,Compute Engine,asia-south1,Marketing,77.87,174.38
2025-10-17,AWS,CloudFront,eu-west-1,QA,15.76,55.52
2025-10-17,AWS,EBS,us-west-2,Engineering,13.93,28.07
2025-10-17,AWS,EBS,eu-west-1,Engineering,16.67,33.04
2025-10-17,AWS,EBS,ap-south-1,Finance,11.3,46.63
2025-10-17,AWS,EC2,us-east-1,DevOps,62.21,166.4
2025-10-17,AWS,EC2,us-west-2,Marketing,62.0,160.17
2025-10-17,AWS,EC2,eu-west-1,Finance,47.91,114.31
2025-10-17,AWS,Lambda,us-west-2,DevOps,5.73,9.31
2025-10-17,AWS,Lambda,eu-west-1,QA,5.56,15.43
2025-10-17,AWS,Lambda,ap-south-1,Marketing,5.72,8.15
2025-10-17,AWS,RDS,us-east-1,Engineering,37.85,117.08
2025-10-17,AWS,RDS,us-west-2,Finance,48.95,179.66
2025-10-17,AWS,RDS,eu-west-1,QA,42.68,131.27
2025-10-17,AWS,RDS,ap-south-1,Engineering,57.73,86.92
2025-10-17,AWS,S3,us-east-1,DevOps,9.45,22.0
2025-10-17,AWS,S3,us-west-2,Marketing,9.35,30.71
2025-10-17,AWS,S3,eu-west-1,Engineering,7.72,29.52
2025-10-17,AWS,S3,ap-south-1,QA,15.84,38.86
2025-10-17,Azure,Blob Storage,East US,DevOps,12.88,48.94
2025-10-17,Azure,Blob Storage,West Europe,Engineering,11.21,27.34
2025-10-17,Azure,Blob Storage,Southeast Asia,Engineering,23.03,87.16
2025-10-17,Azure,CDN,East US,Data Science,12.17,27.18
2025-10-17,Azure,CDN,Southeast Asia,Engineering,10.99,25.76
2025-10-17,Azure,Functions,Central India,QA,10.02,24.27
2025-10-17,Azure,Functions,Southeast Asia,QA,11.47,26.75
2025-10-17,Azure,SQL Database,East US,QA,40.87,123.15
2025-10-17,Azure,SQL Database,Central India,DevOps,48.8,157.03
2025-10-17,Azure,Virtual Machines,East US,DevOps,72.71,110.9
2025-10-17,Azure,Virtual Machines,West Europe,QA,76.27,246.08
2025-10-17,Azure,Virtual Machines,Central India,Data Science,52.97,164.55
2025-10-17,Azure,Virtual Machines,Southeast Asia,Marketing,41.87,75.27
2025-10-17,GCP,BigQuery,us-central1,QA,33.3,110.13
2025-10-17,GCP,BigQuery,europe-west1,DevOps,18.69,26.8
2025-10-17,GCP,Cloud CDN,us-central1,Finance,19.5,52.7
2025-10-17,GCP,Cloud Functions,us-central1,DevOps,11.07,25.28
2025-10-17,GCP,Cloud Functions,asia-south1,Finance,5.91,15.64
2025-10-17,GCP,Cloud Storage,us-central1,DevOps,14.55,56.9
2025-10-17,GCP,Cloud Storage,europe-west1,DevOps,7.61,26.0
2025-10-17,GCP,Cloud Storage,asia-south1,DevOps,17.7,37.29
2025-10-17,GCP,Compute Engine,us-central1,Finance,50.66,97.16
2025-10-17,GCP,Compute Engine,europe-west1,Finance,79.0,165.12
2025-10-17,GCP,Compute Engine,asia-south1,Marketing,87.63,226.89
2025-10-18,AWS,CloudFront,eu-west-1,QA,16.08,61.08
2025-10-18,AWS,EBS,us-west-2,Engineering,15.73,31.53
2025-10-18,AWS,EBS,eu-west-1,Engineering,15.74,30.77
2025-10-18,AWS,EBS,ap-south-1,Finance,12.75,43.91
2025-10-18,AWS,EC2,us-east-1,DevOps,59.06,163.58
2025-10-18,AWS,EC2,us-west-2,Marketing,50.32,120.89
2025-10-18,AWS,EC2,eu-west-1,Finance,54.0,146.6
2025-10-18,AWS,Lambda,us-west-2,DevOps,4.38,7.15
2025-10-18,AWS,Lambda,eu-west-1,QA,6.79,19.93
2025-10-18,AWS,Lambda,ap-south-1,Marketing,5.86,8.86
2025-10-18,AWS,RDS,us-east-1,Engineering,35.62,120.31
2025-10-18,AWS,RDS,us-west-2,Finance,45.95,162.41
2025-10-18,AWS,RDS,eu-west-1,QA,49.71,148.94
2025-10-18,AWS,RDS,ap-south-1,Engineering,58.33,83.66
2025-10-18,AWS,S3,us-east-1,DevOps,9.1,19.56
2025-10-18,AWS,S3,us-west-2,Marketing,8.95,29.61
2025-10-18,AWS,S3,eu-west-1,Engineering,7.98,31.19
2025-10-18,AWS,S3,ap-south-1,QA,14.37,34.78
2025-10-18,Azure,Blob Storage,East US,DevOps,15.07,49.36
2025-10-18,Azure,Blob Storage,West Europe,Engineering,12.65,31.6
2025-10-18,Azure,Blob Storage,Southeast Asia,Engineering,17.97,59.13
2025-10-18,Azure,CDN,East US,Data Science,13.4,27.95
2025-10-18,Azure,CDN,Southeast Asia,Engineering,9.57,22.95
2025-10-18,Azure,Functions,Central India,QA,9.31,22.14
2025-10-18,Azure,Functions,Southeast Asia,QA,10.86,27.06
2025-10-18,Azure,SQL Database,East US,QA,39.57,131.83
2025-10-18,Azure,SQL Database,Central India,DevOps,55.75,208.63
2025-10-18,Azure,Virtual Machines,East US,DevOps,66.45,102.18
2025-10-18,Azure,Virtual Machines,West Europe,QA,71.2,247.66
2025-10-18,Azure,Virtual Machines,Central India,Data Science,48.68,166.17
2025-10-18,Azure,Virtual Machines,Southeast Asia,Marketing,51.16,92.3
2025-10-18,GCP,BigQuery,us-central1,QA,36.33,119.87
2025-10-18,GCP,BigQuery,europe-west1,DevOps,15.8,22.85
2025-10-18,GCP,Cloud CDN,us-central1,Finance,22.0,61.49
2025-10-18,GCP,Cloud Functions,us-central1,DevOps,10.07,26.35
2025-10-18,GCP,Cloud Functions,asia-south1,Finance,6.05,15.67
2025-10-18,GCP,Cloud Storage,us-central1,DevOps,12.01,39.97
2025-10-18,GCP,Cloud Storage,europe-west1,DevOps,8.05,30.14
2025-10-18,GCP,Cloud Storage,asia-south1,DevOps,22.98,48.32
2025-10-18,GCP,Compute Engine,us-central1,Finance,51.83,110.61
2025-10-18,GCP,Compute Engine,europe-west1,Finance,91.53,178.38
2025-10-18,GCP,Compute Engine,asia-south1,Marketing,78.76,194.88
2025-10-19,AWS,CloudFront,eu-west-1,QA,16.13,56.12
2025-10-19,AWS,EBS,us-west-2,Engineering,15.13,29.33
2025-10-19,AWS,EBS,eu-west-1,Engineering,16.71,30.93
2025-10-19,AWS,EBS,ap-south-1,Finance,11.97,46.94
2025-10-19,AWS,EC2,us-east-1,DevOps,61.31,181.1
2025-10-19,AWS,EC2,us-west-2,Marketing,54.66,135.11
2025-10-19,AWS,EC2,eu-west-1,Finance,46.52,117.57
2025-10-19,AWS,Lambda,us-west-2,DevOps,4.73,7.95
2025-10-19,AWS,Lambda,eu-west-1,QA,5.82,16.21
2025-10-19,AWS,Lambda,ap-south-1,Marketing,6.49,10.35
2025-10-19,AWS,RDS,us-east-1,Engineering,35.84,122.85
2025-10-19,AWS,RDS,us-west-2,Finance,46.99,175.16
2025-10-19,AWS,RDS,eu-west-1,QA,46.01,141.59
2025-10-19,AWS,RDS,ap-south-1,Engineering,50.71,78.2
2025-10-19,AWS,S3,us-east-1,DevOps,7.84,17.08
2025-10-19,AWS,S3,us-west-2,Marketing,7.94,27.02
2025-10-19,AWS,S3,eu-west-1,Engineering,7.52,30.77
2025-10-19,AWS,S3,ap-south-1,QA,15.93,39.76
2025-10-19,Azure,Blob Storage,East US,DevOps,13.39,52.64
2025-10-19,Azure,Blob Storage,West Europe,Engineering,11.38,26.78
2025-10-19,Azure,Blob Storage,Southeast Asia,Engineering,18.56,68.53
2025-10-19,Azure,CDN,East US,Data Science,14.36,33.1
2025-10-19,Azure,CDN,Southeast Asia,Engineering,11.79,32.95
2025-10-19,Azure,Functions,Central India,QA,8.58,19.53
2025-10-19,Azure,Functions,Southeast Asia,QA,12.83,31.94
2025-10-19,Azure,SQL Database,East US,QA,42.72,137.4
2025-10-19,Azure,SQL Database,Central India,DevOps,56.33,191.24
2025-10-19,Azure,Virtual Machines,East US,DevOps,59.62,86.45
2025-10-19,Azure,Virtual Machines,West Europe,QA,83.96,286.78
2025-10-19,Azure,Virtual Machines,Central India,Data Science,52.87,177.98
2025-10-19,Azure,Virtual Machines,Southeast Asia,Marketing,40.8,70.73
2025-10-19,GCP,BigQuery,us-central1,QA,24.49,83.9
2025-10-19,GCP,BigQuery,europe-west1,DevOps,18.67,26.68
2025-10-19,GCP,Cloud CDN,us-central1,Finance,18.34,52.16
2025-10-19,GCP,Cloud Functions,us-central1,DevOps,11.85,27.29
2025-10-19,GCP,Cloud Functions,asia-south1,Finance,6.63,17.9
2025-10-19,GCP,Cloud Storage,us-central1,DevOps,11.58,39.22
2025-10-19,GCP,Cloud Storage,europe-west1,DevOps,8.58,35.48
2025-10-19,GCP,Cloud Storage,asia-south1,DevOps,15.58,28.54
2025-10-19,GCP,Compute Engine,us-central1,Finance,52.61,117.73
2025-10-19,GCP,Compute Engine,europe-west1,Finance,87.82,196.02
2025-10-19,GCP,Compute Engine,asia-south1,Marketing,65.37,140.15
2025-10-20,AWS,CloudFront,eu-west-1,QA,14.9,52.73
2025-10-20,AWS,EBS,us-west-2,Engineering,15.56,31.68
2025-10-20,AWS,EBS,eu-west-1,Engineering,15.03,27.81
2025-10-20,AWS,EBS,ap-south-1,Finance,12.24,42.7
2025-10-20,AWS,EC2,us-east-1,DevOps,53.23,153.76
2025-10-20,AWS,EC2,us-west-2,Marketing,50.03,133.56
2025-10-20,AWS,EC2,eu-west-1,Finance,51.2,131.51
2025-10-20,AWS,Lambda,us-west-2,DevOps,5.51,9.0
2025-10-20,AWS,Lambda,eu-west-1,QA,6.07,17.06
2025-10-20,AWS,Lambda,ap-south-1,Marketing,5.92,10.12
2025-10-20,AWS,RDS,us-east-1,Engineering,33.49,113.39
2025-10-20,AWS,RDS,us-west-2,Finance,55.71,223.52
2025-10-20,AWS,RDS,eu-west-1,QA,38.86,126.79
2025-10-20,AWS,RDS,ap-south-1,Engineering,53.36,87.69
2025-10-20,AWS,S3,us-east-1,DevOps,9.3,18.73
2025-10-20,AWS,S3,us-west-2,Marketing,9.19,28.84
2025-10-20,AWS,S3,eu-west-1,Engineering,6.49,22.63
2025-10-20,AWS,S3,ap-south-1,QA,13.65,31.99
2025-10-20,Azure,Blob Storage,East US,DevOps,15.1,58.31
2025-10-20,Azure,Blob Storage,West Europe,Engineering,11.52,28.03
2025-10-20,Azure,Blob Storage,Southeast Asia,Engineering,21.2,80.73
2025-10-20,Azure,CDN,East US,Data Science,13.89,27.96
2025-10-20,Azure,CDN,Southeast Asia,Engineering,11.75,30.77
2025-10-20,Azure,Functions,Central India,QA,10.52,25.33
2025-10-20,Azure,Functions,Southeast Asia,QA,11.1,25.2
2025-10-20,Azure,SQL Database,East US,QA,37.91,119.34
2025-10-20,Azure,SQL Database,Central India,DevOps,49.7,157.93
2025-10-20,Azure,Virtual Machines,East US,DevOps,169.44,105.23
2025-10-20,Azure,Virtual Machines,West Europe,QA,80.25,280.35
2025-10-20,Azure,Virtual Machines,Central India,Data Science,55.04,181.37
2025-10-20,Azure,Virtual Machines,Southeast Asia,Marketing,44.86,82.71
2025-10-20,GCP,BigQuery,us-central1,QA,29.79,85.16
2025-10-20,GCP,BigQuery,europe-west1,DevOps,19.95,29.85
2025-10-20,GCP,Cloud CDN,us-central1,Finance,21.51,59.18
2025-10-20,GCP,Cloud Functions,us-central1,DevOps,11.38,28.29
2025-10-20,GCP,Cloud Functions,asia-south1,Finance,5.44,13.69
2025-10-20,GCP,Cloud Storage,us-central1,DevOps,11.91,46.15
2025-10-20,GCP,Cloud Storage,europe-west1,DevOps,8.1,33.46
2025-10-20,GCP,Cloud Storage,asia-south1,DevOps,18.69,36.06
2025-10-20,GCP,Compute Engine,us-central1,Finance,47.72,95.87
2025-10-20,GCP,Compute Engine,europe-west1,Finance,92.01,179.16
2025-10-20,GCP,Compute Engine,asia-south1,Marketing,84.58,215.29
2025-10-21,AWS,CloudFront,eu-west-1,QA,15.29,54.46
2025-10-21,AWS,EBS,us-west-2,Engineering,12.44,22.3
2025-10-21,AWS,EBS,eu-west-1,Engineering,15.93,32.33
2025-10-21,AWS,EBS,ap-south-1,Finance,11.85,40.74
2025-10-21,AWS,EC2,us-east-1,DevOps,52.07,147.39
2025-10-21,AWS,EC2,us-west-2,Marketing,62.54,171.45
2025-10-21,AWS,EC2,eu-west-1,Finance,48.56,131.86
2025-10-21,AWS,Lambda,us-west-2,DevOps,5.57,9.9
2025-10-21,AWS,Lambda,eu-west-1,QA,5.68,16.5
2025-10-21,AWS,Lambda,ap-south-1,Marketing,6.01,8.73
2025-10-21,AWS,RDS,us-east-1,Engineering,36.09,118.24
2025-10-21,AWS,RDS,us-west-2,Finance,46.6,181.38
2025-10-21,AWS,RDS,eu-west-1,QA,45.21,144.71
2025-10-21,AWS,RDS,ap-south-1,Engineering,57.73,91.82
2025-10-21,AWS,S3,us-east-1,DevOps,8.27,18.08
2025-10-21,AWS,S3,us-west-2,Marketing,8.11,28.89
2025-10-21,AWS,S3,eu-west-1,Engineering,8.2,29.4
2025-10-21,AWS,S3,ap-south-1,QA,12.75,30.03
2025-10-21,Azure,Blob Storage,East US,DevOps,13.89,48.08
2025-10-21,Azure,Blob Storage,West Europe,Engineering,11.16,25.71
2025-10-21,Azure,Blob Storage,Southeast Asia,Engineering,17.2,59.07
2025-10-21,Azure,CDN,East US,Data Science,12.68,28.09
2025-10-21,Azure,CDN,Southeast Asia,Engineering,11.05,29.28
2025-10-21,Azure,Functions,Central India,QA,9.35,22.4
2025-10-21,Azure,Functions,Southeast Asia,QA,11.12,28.95
2025-10-21,Azure,SQL Database,East US,QA,38.31,121.15
2025-10-21,Azure,SQL Database,Central India,DevOps,81.31,160.31
2025-10-21,Azure,Virtual Machines,East US,DevOps,66.78,99.94
2025-10-21,Azure,Virtual Machines,West Europe,QA,81.02,286.33
2025-10-21,Azure,Virtual Machines,Central India,Data Science,43.2,134.26
2025-10-21,Azure,Virtual Machines,Southeast Asia,Marketing,53.56,110.16
2025-10-21,GCP,BigQuery,us-central1,QA,30.73,93.38
2025-10-21,GCP,BigQuery,europe-west1,DevOps,19.42,26.42
2025-10-21,GCP,Cloud CDN,us-central1,Finance,21.12,60.47
2025-10-21,GCP,Cloud Functions,us-central1,DevOps,10.86,27.44
2025-10-21,GCP,Cloud Functions,asia-south1,Finance,5.73,14.4
2025-10-21,GCP,Cloud Storage,us-central1,DevOps,10.31,39.72
2025-10-21,GCP,Cloud Storage,europe-west1,DevOps,7.9,28.78
2025-10-21,GCP,Cloud Storage,asia-south1,DevOps,14.0,25.27
2025-10-21,GCP,Compute Engine,us-central1,Finance,42.76,94.44
2025-10-21,GCP,Compute Engine,europe-west1,Finance,87.22,167.19
2025-10-21,GCP,Compute Engine,asia-south1,Marketing,75.74,193.8
2025-10-22,AWS,CloudFront,eu-west-1,QA,15.79,54.18
2025-10-22,AWS,EBS,us-west-2,Engineering,13.71,24.41
2025-10-22,AWS,EBS,eu-west-1,Engineering,18.67,36.13
2025-10-22,AWS,EBS,ap-south-1,Finance,12.39,43.94
2025-10-22,AWS,EC2,us-east-1,DevOps,53.23,163.07
2025-10-22,AWS,EC2,us-west-2,Marketing,47.59,137.0
2025-10-22,AWS,EC2,eu-west-1,Finance,49.3,129.15
2025-10-22,AWS,Lambda,us-west-2,DevOps,4.97,9.15
2025-10-22,AWS,Lambda,eu-west-1,QA,5.55,13.67
2025-10-22,AWS,Lambda,ap-south-1,Marketing,6.09,9.79
2025-10-22,AWS,RDS,us-east-1,Engineering,35.44,113.12
2025-10-22,AWS,RDS,us-west-2,Finance,48.89,185.47
2025-10-22,AWS,RDS,eu-west-1,QA,40.67,135.24
2025-10-22,AWS,RDS,ap-south-1,Engineering,56.55,88.54
2025-10-22,AWS,S3,us-east-1,DevOps,9.62,20.82
2025-10-22,AWS,S3,us-west-2,Marketing,8.02,26.07
2025-10-22,AWS,S3,eu-west-1,Engineering,9.09,35.88
2025-10-22,AWS,S3,ap-south-1,QA,14.08,34.3
2025-10-22,Azure,Blob Storage,East US,DevOps,15.63,57.24
2025-10-22,Azure,Blob Storage,West Europe,Engineering,11.32,30.75
2025-10-22,Azure,Blob Storage,Southeast Asia,Engineering,18.58,66.03
2025-10-22,Azure,CDN,East US,Data Science,15.02,33.68
2025-10-22,Azure,CDN,Southeast Asia,Engineering,10.12,28.11
2025-10-22,Azure,Functions,Central India,QA,8.69,19.58
2025-10-22,Azure,Functions,Southeast Asia,QA,11.12,28.22
2025-10-22,Azure,SQL Database,East US,QA,38.44,118.8
2025-10-22,Azure,SQL Database,Central India,DevOps,49.95,166.81
2025-10-22,Azure,Virtual Machines,East US,DevOps,61.32,102.7
2025-10-22,Azure,Virtual Machines,West Europe,QA,81.9,295.02
2025-10-22,Azure,Virtual Machines,Central India,Data Science,50.12,159.5
2025-10-22,Azure,Virtual Machines,Southeast Asia,Marketing,50.48,90.54
2025-10-22,GCP,BigQuery,us-central1,QA,28.93,90.3
2025-10-22,GCP,BigQuery,europe-west1,DevOps,17.76,24.54
2025-10-22,GCP,Cloud CDN,us-central1,Finance,18.44,52.88
2025-10-22,GCP,Cloud Functions,us-central1,DevOps,10.89,29.03
2025-10-22,GCP,Cloud Functions,asia-south1,Finance,6.2,16.63
2025-10-22,GCP,Cloud Storage,us-central1,DevOps,11.84,41.22
2025-10-22,GCP,Cloud Storage,europe-west1,DevOps,6.85,23.22
2025-10-22,GCP,Cloud Storage,asia-south1,DevOps,17.1,34.13
2025-10-22,GCP,Compute Engine,us-central1,Finance,49.45,109.48
2025-10-22,GCP,Compute Engine,europe-west1,Finance,92.58,187.54
2025-10-22,GCP,Compute Engine,asia-south1,Marketing,86.33,196.68
2025-10-23,AWS,CloudFront,eu-west-1,QA,14.99,55.92
2025-10-23,AWS,EBS,us-west-2,Engineering,13.91,27.89
2025-10-23,AWS,EBS,eu-west-1,Engineering,13.71,24.72
2025-10-23,AWS,EBS,ap-south-1,Finance,9.31,34.96
2025-10-23,AWS,EC2,us-east-1,DevOps,49.73,151.3
2025-10-23,AWS,EC2,us-west-2,Marketing,54.72,155.68
2025-10-23,AWS,EC2,eu-west-1,Finance,50.21,121.27
2025-10-23,AWS,Lambda,us-west-2,DevOps,5.58,9.54
2025-10-23,AWS,Lambda,eu-west-1,QA,5.43,15.09
2025-10-23,AWS,Lambda,ap-south-1,Marketing,5.22,7.9
2025-10-23,AWS,RDS,us-east-1,Engineering,34.56,112.58
2025-10-23,AWS,RDS,us-west-2,Finance,49.3,168.97
2025-10-23,AWS,RDS,eu-west-1,QA,43.24,132.69
2025-10-23,AWS,RDS,ap-south-1,Engineering,45.69,70.38
2025-10-23,AWS,S3,us-east-1,DevOps,25.07,17.44
2025-10-23,AWS,S3,us-west-2,Marketing,7.82,23.83
2025-10-23,AWS,S3,eu-west-1,Engineering,6.88,27.75
2025-10-23,AWS,S3,ap-south-1,QA,14.54,31.74
2025-10-23,Azure,Blob Storage,East US,DevOps,13.51,50.1
2025-10-23,Azure,Blob Storage,West Europe,Engineering,13.22,31.31
2025-10-23,Azure,Blob Storage,Southeast Asia,Engineering,21.41,69.4
2025-10-23,Azure,CDN,East US,Data Science,13.0,26.77
2025-10-23,Azure,CDN,Southeast Asia,Engineering,12.17,28.8
2025-10-23,Azure,Functions,Central India,QA,8.14,18.34
2025-10-23,Azure,Functions,Southeast Asia,QA,12.73,32.03
2025-10-23,Azure,SQL Database,East US,QA,38.94,125.6
2025-10-23,Azure,SQL Database,Central India,DevOps,51.32,187.74
2025-10-23,Azure,Virtual Machines,East US,DevOps,66.89,103.39
2025-10-23,Azure,Virtual Machines,West Europe,QA,70.75,231.76
2025-10-23,Azure,Virtual Machines,Central India,Data Science,49.97,166.87
2025-10-23,Azure,Virtual Machines,Southeast Asia,Marketing,44.98,84.83
2025-10-23,GCP,BigQuery,us-central1,QA,28.13,84.85
2025-10-23,GCP,BigQuery,europe-west1,DevOps,17.82,28.05
2025-10-23,GCP,Cloud CDN,us-central1,Finance,21.68,61.67
2025-10-23,GCP,Cloud Functions,us-central1,DevOps,9.93,23.12
2025-10-23,GCP,Cloud Functions,asia-south1,Finance,5.23,13.76
2025-10-23,GCP,Cloud Storage,us-central1,DevOps,10.82,39.96
2025-10-23,GCP,Cloud Storage,europe-west1,DevOps,7.83,30.04
2025-10-23,GCP,Cloud Storage,asia-south1,DevOps,15.18,32.43
2025-10-23,GCP,Compute Engine,us-central1,Finance,47.16,102.74
2025-10-23,GCP,Compute Engine,europe-west1,Finance,93.31,182.9
2025-10-23,GCP,Compute Engine,asia-south1,Marketing,78.23,189.61
2025-10-24,AWS,CloudFront,eu-west-1,QA,15.83,51.84
2025-10-24,AWS,EBS,us-west-2,Engineering,13.49,24.45
2025-10-24,AWS,EBS,eu-west-1,Engineering,15.19,32.6
2025-10-24,AWS,EBS,ap-south-1,Finance,10.33,41.76
2025-10-24,AWS,EC2,us-east-1,DevOps,55.51,151.74
2025-10-24,AWS,EC2,us-west-2,Marketing,49.15,132.34
2025-10-24,AWS,EC2,eu-west-1,Finance,75.01,113.16
2025-10-24,AWS,Lambda,us-west-2,DevOps,4.65,7.73
2025-10-24,AWS,Lambda,eu-west-1,QA,16.16,15.48
2025-10-24,AWS,Lambda,ap-south-1,Marketing,5.38,9.14
2025-10-24,AWS,RDS,us-east-1,Engineering,31.05,106.02
2025-10-24,AWS,RDS,us-west-2,Finance,43.22,167.67
2025-10-24,AWS,RDS,eu-west-1,QA,40.01,125.65
2025-10-24,AWS,RDS,ap-south-1,Engineering,56.61,85.56
2025-10-24,AWS,S3,us-east-1,DevOps,9.4,18.28
2025-10-24,AWS,S3,us-west-2,Marketing,8.49,29.31
2025-10-24,AWS,S3,eu-west-1,Engineering,7.9,32.06
2025-10-24,AWS,S3,ap-south-1,QA,13.59,31.77
2025-10-24,Azure,Blob Storage,East US,DevOps,16.19,54.33
2025-10-24,Azure,Blob Storage,West Europe,Engineering,11.42,30.27
2025-10-24,Azure,Blob Storage,Southeast Asia,Engineering,16.95,64.55
2025-10-24,Azure,CDN,East US,Data Science,11.21,26.14
2025-10-24,Azure,CDN,Southeast Asia,Engineering,11.36,28.86
2025-10-24,Azure,Functions,Central India,QA,8.16,20.44
2025-10-24,Azure,Functions,Southeast Asia,QA,11.35,30.4
2025-10-24,Azure,SQL Database,East US,QA,37.22,114.95
2025-10-24,Azure,SQL Database,Central India,DevOps,52.73,165.54
2025-10-24,Azure,Virtual Machines,East US,DevOps,67.26,105.34
2025-10-24,Azure,Virtual Machines,West Europe,QA,73.65,268.33
2025-10-24,Azure,Virtual Machines,Central India,Data Science,51.59,162.8
2025-10-24,Azure,Virtual Machines,Southeast Asia,Marketing,44.79,88.03
2025-10-24,GCP,BigQuery,us-central1,QA,26.05,78.59
2025-10-24,GCP,BigQuery,europe-west1,DevOps,19.06,28.2
2025-10-24,GCP,Cloud CDN,us-central1,Finance,18.47,48.32
2025-10-24,GCP,Cloud Functions,us-central1,DevOps,9.88,26.23
2025-10-24,GCP,Cloud Functions,asia-south1,Finance,5.7,15.38
2025-10-24,GCP,Cloud Storage,us-central1,DevOps,11.55,40.87
2025-10-24,GCP,Cloud Storage,europe-west1,DevOps,7.5,30.33
2025-10-24,GCP,Cloud Storage,asia-south1,DevOps,17.58,32.22
2025-10-24,GCP,Compute Engine,us-central1,Finance,51.88,107.02
2025-10-24,GCP,Compute Engine,europe-west1,Finance,66.19,145.9
2025-10-24,GCP,Compute Engine,asia-south1,Marketing,76.53,186.96
2025-10-25,AWS,CloudFront,eu-west-1,QA,15.36,54.27
2025-10-25,AWS,EBS,us-west-2,Engineering,16.07,27.63
2025-10-25,AWS,EBS,eu-west-1,Engineering,15.57,30.24
2025-10-25,AWS,EBS,ap-south-1,Finance,11.97,43.64
2025-10-25,AWS,EC2,us-east-1,DevOps,52.82,166.4
2025-10-25,AWS,EC2,us-west-2,Marketing,50.44,129.96
2025-10-25,AWS,EC2,eu-west-1,Finance,48.78,122.98
2025-10-25,AWS,Lambda,us-west-2,DevOps,4.32,6.85
2025-10-25,AWS,Lambda,eu-west-1,QA,5.74,16.73
2025-10-25,AWS,Lambda,ap-south-1,Marketing,5.09,8.45
2025-10-25,AWS,RDS,us-east-1,Engineering,31.4,93.62
2025-10-25,AWS,RDS,us-west-2,Finance,43.51,151.64
2025-10-25,AWS,RDS,eu-west-1,QA,34.8,101.57
2025-10-25,AWS,RDS,ap-south-1,Engineering,51.33,72.91
2025-10-25,AWS,S3,us-east-1,DevOps,8.35,18.17
2025-10-25,AWS,S3,us-west-2,Marketing,9.31,31.54
2025-10-25,AWS,S3,eu-west-1,Engineering,7.37,27.46
2025-10-25,AWS,S3,ap-south-1,QA,10.65,27.6
2025-10-25,Azure,Blob Storage,East US,DevOps,15.14,52.18
2025-10-25,Azure,Blob Storage,West Europe,Engineering,10.2,24.93
2025-10-25,Azure,Blob Storage,Southeast Asia,Engineering,19.48,72.79
2025-10-25,Azure,CDN,East US,Data Science,13.53,30.28
2025-10-25,Azure,CDN,Southeast Asia,Engineering,11.33,30.31
2025-10-25,Azure,Functions,Central India,QA,8.77,22.22
2025-10-25,Azure,Functions,Southeast Asia,QA,11.12,26.56
2025-10-25,Azure,SQL Database,East US,QA,36.49,124.55
2025-10-25,Azure,SQL Database,Central India,DevOps,52.59,181.74
2025-10-25,Azure,Virtual Machines,East US,DevOps,72.31,117.52
2025-10-25,Azure,Virtual Machines,West Europe,QA,77.85,243.85
2025-10-25,Azure,Virtual Machines,Central India,Data Science,46.32,151.8
2025-10-25,Azure,Virtual Machines,Southeast Asia,Marketing,46.8,79.17
2025-10-25,GCP,BigQuery,us-central1,QA,29.26,85.81
2025-10-25,GCP,BigQuery,europe-west1,DevOps,14.67,21.47
2025-10-25,GCP,Cloud CDN,us-central1,Finance,23.04,62.74
2025-10-25,GCP,Cloud Functions,us-central1,DevOps,11.05,29.67
2025-10-25,GCP,Cloud Functions,asia-south1,Finance,6.1,16.79
2025-10-25,GCP,Cloud Storage,us-central1,DevOps,11.55,37.73
2025-10-25,GCP,Cloud Storage,europe-west1,DevOps,7.56,27.48
2025-10-25,GCP,Cloud Storage,asia-south1,DevOps,16.14,31.0
2025-10-25,GCP,Compute Engine,us-central1,Finance,47.78,107.08
2025-10-25,GCP,Compute Engine,europe-west1,Finance,82.8,166.25
2025-10-25,GCP,Compute Engine,asia-south1,Marketing,78.86,194.41
2025-10-26,AWS,CloudFront,eu-west-1,QA,13.54,49.43
2025-10-26,AWS,EBS,us-west-2,Engineering,13.39,27.67
2025-10-26,AWS,EBS,eu-west-1,Engineering,15.19,30.62
2025-10-26,AWS,EBS,ap-south-1,Finance,9.63,37.64
2025-10-26,AWS,EC2,us-east-1,DevOps,59.71,174.72
2025-10-26,AWS,EC2,us-west-2,Marketing,53.46,143.77
2025-10-26,AWS,EC2,eu-west-1,Finance,56.49,144.22
2025-10-26,AWS,Lambda,us-west-2,DevOps,5.19,8.98
2025-10-26,AWS,Lambda,eu-west-1,QA,5.6,14.09
2025-10-26,AWS,Lambda,ap-south-1,Marketing,5.15,7.91
2025-10-26,AWS,RDS,us-east-1,Engineering,35.07,110.83
2025-10-26,AWS,RDS,us-west-2,Finance,41.94,165.6
2025-10-26,AWS,RDS,eu-west-1,QA,41.85,121.38
2025-10-26,AWS,RDS,ap-south-1,Engineering,51.12,83.57
2025-10-26,AWS,S3,us-east-1,DevOps,8.78,19.71
2025-10-26,AWS,S3,us-west-2,Marketing,7.78,24.67
2025-10-26,AWS,S3,eu-west-1,Engineering,8.09,28.13
2025-10-26,AWS,S3,ap-south-1,QA,14.45,31.05
2025-10-26,Azure,Blob Storage,East US,DevOps,13.46,44.11
2025-10-26,Azure,Blob Storage,West Europe,Engineering,10.41,26.11
2025-10-26,Azure,Blob Storage,Southeast Asia,Engineering,19.25,65.39
2025-10-26,Azure,CDN,East US,Data Science,12.69,28.57
2025-10-26,Azure,CDN,Southeast Asia,Engineering,11.53,29.4
2025-10-26,Azure,Functions,Central India,QA,10.37,27.44
2025-10-26,Azure,Functions,Southeast Asia,QA,11.9,32.14
2025-10-26,Azure,SQL Database,East US,QA,32.32,98.13
2025-10-26,Azure,SQL Database,Central India,DevOps,45.02,153.39
2025-10-26,Azure,Virtual Machines,East US,DevOps,64.7,107.52
2025-10-26,Azure,Virtual Machines,West Europe,QA,72.65,251.64
2025-10-26,Azure,Virtual Machines,Central India,Data Science,48.29,159.84
2025-10-26,Azure,Virtual Machines,Southeast Asia,Marketing,48.0,97.18
2025-10-26,GCP,BigQuery,us-central1,QA,31.94,106.43
2025-10-26,GCP,BigQuery,europe-west1,DevOps,16.49,22.4
2025-10-26,GCP,Cloud CDN,us-central1,Finance,20.06,58.16
2025-10-26,GCP,Cloud Functions,us-central1,DevOps,11.15,25.29
2025-10-26,GCP,Cloud Functions,asia-south1,Finance,5.62,13.69
2025-10-26,GCP,Cloud Storage,us-central1,DevOps,10.8,35.43
2025-10-26,GCP,Cloud Storage,europe-west1,DevOps,7.86,32.19
2025-10-26,GCP,Cloud Storage,asia-south1,DevOps,16.0,34.17
2025-10-26,GCP,Compute Engine,us-central1,Finance,51.26,111.49
2025-10-26,GCP,Compute Engine,europe-west1,Finance,72.6,144.87
2025-10-26,GCP,Compute Engine,asia-south1,Marketing,77.79,190.44
2025-10-27,AWS,CloudFront,eu-west-1,QA,12.69,47.93
2025-10-27,AWS,EBS,us-west-2,Engineering,14.27,27.91
2025-10-27,AWS,EBS,eu-west-1,Engineering,14.92,31.81
2025-10-27,AWS,EBS,ap-south-1,Finance,10.95,41.02
2025-10-27,AWS,EC2,us-east-1,DevOps,48.44,148.72
2025-10-27,AWS,EC2,us-west-2,Marketing,56.29,155.78
2025-10-27,AWS,EC2,eu-west-1,Finance,41.54,96.63
2025-10-27,AWS,Lambda,us-west-2,DevOps,5.35,9.32
2025-10-27,AWS,Lambda,eu-west-1,QA,5.39,14.42
2025-10-27,AWS,Lambda,ap-south-1,Marketing,5.22,7.69
2025-10-27,AWS,RDS,us-east-1,Engineering,30.78,100.26
2025-10-27,AWS,RDS,us-west-2,Finance,42.86,152.06
2025-10-27,AWS,RDS,eu-west-1,QA,36.86,115.99
2025-10-27,AWS,RDS,ap-south-1,Engineering,54.73,78.76
2025-10-27,AWS,S3,us-east-1,DevOps,9.51,20.38
2025-10-27,AWS,S3,us-west-2,Marketing,9.5,32.03
2025-10-27,AWS,S3,eu-west-1,Engineering,7.61,28.47
2025-10-27,AWS,S3,ap-south-1,QA,14.35,32.74
2025-10-27,Azure,Blob Storage,East US,DevOps,14.94,58.08
2025-10-27,Azure,Blob Storage,West Europe,Engineering,10.96,26.46
2025-10-27,Azure,Blob Storage,Southeast Asia,Engineering,15.55,54.6
2025-10-27,Azure,CDN,East US,Data Science,12.67,27.71
2025-10-27,Azure,CDN,Southeast Asia,Engineering,11.7,27.57
2025-10-27,Azure,Functions,Central India,QA,8.51,18.98
2025-10-27,Azure,Functions,Southeast Asia,QA,9.08,24.52
2025-10-27,Azure,SQL Database,East US,QA,35.98,128.72
2025-10-27,Azure,SQL Database,Central India,DevOps,47.43,180.06
2025-10-27,Azure,Virtual Machines,East US,DevOps,65.74,98.23
2025-10-27,Azure,Virtual Machines,West Europe,QA,74.66,249.67
2025-10-27,Azure,Virtual Machines,Central India,Data Science,50.56,158.58
2025-10-27,Azure,Virtual Machines,Southeast Asia,Marketing,50.37,92.27
2025-10-27,GCP,BigQuery,us-central1,QA,31.44,106.64
2025-10-27,GCP,BigQuery,europe-west1,DevOps,16.17,23.37
2025-10-27,GCP,Cloud CDN,us-central1,Finance,19.47,57.74
2025-10-27,GCP,Cloud Functions,us-central1,DevOps,10.91,29.03
2025-10-27,GCP,Cloud Functions,asia-south1,Finance,6.84,16.82
2025-10-27,GCP,Cloud Storage,us-central1,DevOps,9.64,31.82
2025-10-27,GCP,Cloud Storage,europe-west1,DevOps,7.29,26.57
2025-10-27,GCP,Cloud Storage,asia-south1,DevOps,15.17,31.19
2025-10-27,GCP,Compute Engine,us-central1,Finance,44.46,95.98
2025-10-27,GCP,Compute Engine,europe-west1,Finance,86.36,179.9
2025-10-27,GCP,Compute Engine,asia-south1,Marketing,64.58,154.02
2025-10-28,AWS,CloudFront,eu-west-1,QA,14.09,53.04
2025-10-28,AWS,EBS,us-west-2,Engineering,13.83,26.11
2025-10-28,AWS,EBS,eu-west-1,Engineering,17.53,34.01
2025-10-28,AWS,EBS,ap-south-1,Finance,11.32,40.85
2025-10-28,AWS,EC2,us-east-1,DevOps,153.51,179.34
2025-10-28,AWS,EC2,us-west-2,Marketing,57.55,139.16
2025-10-28,AWS,EC2,eu-west-1,Finance,46.92,113.54
2025-10-28,AWS,Lambda,us-west-2,DevOps,5.3,9.25
2025-10-28,AWS,Lambda,eu-west-1,QA,6.02,16.66
2025-10-28,AWS,Lambda,ap-south-1,Marketing,5.07,7.21
2025-10-28,AWS,RDS,us-east-1,Engineering,28.59,92.95
2025-10-28,AWS,RDS,us-west-2,Finance,35.39,129.95
2025-10-28,AWS,RDS,eu-west-1,QA,42.73,130.1
2025-10-28,AWS,RDS,ap-south-1,Engineering,59.08,82.2
2025-10-28,AWS,S3,us-east-1,DevOps,8.43,16.99
2025-10-28,AWS,S3,us-west-2,Marketing,8.92,27.72
2025-10-28,AWS,S3,eu-west-1,Engineering,6.83,24.49
2025-10-28,AWS,S3,ap-south-1,QA,14.6,33.29
2025-10-28,Azure,Blob Storage,East US,DevOps,14.3,46.89
2025-10-28,Azure,Blob Storage,West Europe,Engineering,10.42,27.29
2025-10-28,Azure,Blob Storage,Southeast Asia,Engineering,17.36,64.77
2025-10-28,Azure,CDN,East US,Data Science,13.56,32.1
2025-10-28,Azure,CDN,Southeast Asia,Engineering,10.86,29.1
2025-10-28,Azure,Functions,Central India,QA,9.89,22.22
2025-10-28,Azure,Functions,Southeast Asia,QA,11.16,29.94
2025-10-28,Azure,SQL Database,East US,QA,39.57,119.25
2025-10-28,Azure,SQL Database,Central India,DevOps,40.39,131.23
2025-10-28,Azure,Virtual Machines,East US,DevOps,61.89,106.85
2025-10-28,Azure,Virtual Machines,West Europe,QA,69.06,243.91
2025-10-28,Azure,Virtual Machines,Central India,Data Science,49.1,154.7
2025-10-28,Azure,Virtual Machines,Southeast Asia,Marketing,43.8,88.16
2025-10-28,GCP,BigQuery,us-central1,QA,27.63,79.42
2025-10-28,GCP,BigQuery,europe-west1,DevOps,18.17,29.12
2025-10-28,GCP,Cloud CDN,us-central1,Finance,18.54,51.05
2025-10-28,GCP,Cloud Functions,us-central1,DevOps,9.88,23.23
2025-10-28,GCP,Cloud Functions,asia-south1,Finance,6.29,16.16
2025-10-28,GCP,Cloud Storage,us-central1,DevOps,11.44,42.22
2025-10-28,GCP,Cloud Storage,europe-west1,DevOps,6.98,26.9
2025-10-28,GCP,Cloud Storage,asia-south1,DevOps,13.73,24.57
2025-10-28,GCP,Compute Engine,us-central1,Finance,125.4,114.1
2025-10-28,GCP,Compute Engine,europe-west1,Finance,82.18,153.0
2025-10-28,GCP,Compute Engine,asia-south1,Marketing,80.77,207.67
2025-10-29,AWS,CloudFront,eu-west-1,QA,12.65,44.31
2025-10-29,AWS,EBS,us-west-2,Engineering,13.26,26.45
2025-10-29,AWS,EBS,eu-west-1,Engineering,14.64,30.84
2025-10-29,AWS,EBS,ap-south-1,Finance,10.54,40.31
2025-10-29,AWS,EC2,us-east-1,DevOps,49.14,158.24
2025-10-29,AWS,EC2,us-west-2,Marketing,108.93,114.09
2025-10-29,AWS,EC2,eu-west-1,Finance,51.04,125.37
2025-10-29,AWS,Lambda,us-west-2,DevOps,4.45,6.77
2025-10-29,AWS,Lambda,eu-west-1,QA,4.07,10.32
2025-10-29,AWS,Lambda,ap-south-1,Marketing,5.43,8.77
2025-10-29,AWS,RDS,us-east-1,Engineering,30.29,90.35
2025-10-29,AWS,RDS,us-west-2,Finance,47.52,172.16
2025-10-29,AWS,RDS,eu-west-1,QA,41.61,134.93
2025-10-29,AWS,RDS,ap-south-1,Engineering,51.46,81.88
2025-10-29,AWS,S3,us-east-1,DevOps,8.15,17.95
2025-10-29,AWS,S3,us-west-2,Marketing,7.28,23.73
2025-10-29,AWS,S3,eu-west-1,Engineering,7.02,25.47
2025-10-29,AWS,S3,ap-south-1,QA,13.33,32.4
2025-10-29,Azure,Blob Storage,East US,DevOps,14.92,52.1
2025-10-29,Azure,Blob Storage,West Europe,Engineering,11.89,32.03
2025-10-29,Azure,Blob Storage,Southeast Asia,Engineering,21.6,75.35
2025-10-29,Azure,CDN,East US,Data Science,12.31,27.98
2025-10-29,Azure,CDN,Southeast Asia,Engineering,9.56,24.31
2025-10-29,Azure,Functions,Central India,QA,8.71,19.29
2025-10-29,Azure,Functions,Southeast Asia,QA,30.68,27.07
2025-10-29,Azure,SQL Database,East US,QA,39.69,141.88
2025-10-29,Azure,SQL Database,Central India,DevOps,48.05,171.06
2025-10-29,Azure,Virtual Machines,East US,DevOps,61.87,100.09
2025-10-29,Azure,Virtual Machines,West Europe,QA,81.1,268.11
2025-10-29,Azure,Virtual Machines,Central India,Data Science,52.99,155.73
2025-10-29,Azure,Virtual Machines,Southeast Asia,Marketing,39.32,66.89
2025-10-29,GCP,BigQuery,us-central1,QA,29.71,86.74
2025-10-29,GCP,BigQuery,europe-west1,DevOps,15.72,22.9
2025-10-29,GCP,Cloud CDN,us-central1,Finance,20.4,61.64
2025-10-29,GCP,Cloud Functions,us-central1,DevOps,9.88,22.36
2025-10-29,GCP,Cloud Functions,asia-south1,Finance,6.12,16.99
2025-10-29,GCP,Cloud Storage,us-central1,DevOps,20.25,38.5
2025-10-29,GCP,Cloud Storage,europe-west1,DevOps,6.39,25.17
2025-10-29,GCP,Cloud Storage,asia-south1,DevOps,16.08,31.04
2025-10-29,GCP,Compute Engine,us-central1,Finance,46.36,93.28
2025-10-29,GCP,Compute Engine,europe-west1,Finance,92.73,198.11
2025-10-29,GCP,Compute Engine,asia-south1,Marketing,73.73,174.22
2025-10-30,AWS,CloudFront,eu-west-1,QA,13.97,50.23
2025-10-30,AWS,EBS,us-west-2,Engineering,12.71,23.46
2025-10-30,AWS,EBS,eu-west-1,Engineering,15.7,33.64
2025-10-30,AWS,EBS,ap-south-1,Finance,10.59,42.8
2025-10-30,AWS,EC2,us-east-1,DevOps,47.72,146.82
2025-10-30,AWS,EC2,us-west-2,Marketing,51.34,143.54
2025-10-30,AWS,EC2,eu-west-1,Finance,47.64,127.59
2025-10-30,AWS,Lambda,us-west-2,DevOps,4.82,8.75
2025-10-30,AWS,Lambda,eu-west-1,QA,5.52,15.03
2025-10-30,AWS,Lambda,ap-south-1,Marketing,5.48,8.47
2025-10-30,AWS,RDS,us-east-1,Engineering,35.33,112.82
2025-10-30,AWS,RDS,us-west-2,Finance,52.67,210.81
2025-10-30,AWS,RDS,eu-west-1,QA,38.77,111.7
2025-10-30,AWS,RDS,ap-south-1,Engineering,56.84,80.54
2025-10-30,AWS,S3,us-east-1,DevOps,8.94,17.46
2025-10-30,AWS,S3,us-west-2,Marketing,7.94,28.24
2025-10-30,AWS,S3,eu-west-1,Engineering,7.06,28.2
2025-10-30,AWS,S3,ap-south-1,QA,13.18,28.74
2025-10-30,Azure,Blob Storage,East US,DevOps,14.61,48.47
2025-10-30,Azure,Blob Storage,West Europe,Engineering,9.73,23.47
2025-10-30,Azure,Blob Storage,Southeast Asia,Engineering,18.35,61.42
2025-10-30,Azure,CDN,East US,Data Science,12.19,26.05
2025-10-30,Azure,CDN,Southeast Asia,Engineering,9.86,23.19
2025-10-30,Azure,Functions,Central India,QA,7.91,19.37
2025-10-30,Azure,Functions,Southeast Asia,QA,11.56,27.14
2025-10-30,Azure,SQL Database,East US,QA,35.51,124.37
2025-10-30,Azure,SQL Database,Central India,DevOps,42.49,138.7
2025-10-30,Azure,Virtual Machines,East US,DevOps,67.5,96.06
2025-10-30,Azure,Virtual Machines,West Europe,QA,78.29,274.79
2025-10-30,Azure,Virtual Machines,Central India,Data Science,43.54,129.23
2025-10-30,Azure,Virtual Machines,Southeast Asia,Marketing,45.37,79.01
2025-10-30,GCP,BigQuery,us-central1,QA,32.14,95.3
2025-10-30,GCP,BigQuery,europe-west1,DevOps,15.83,26.04
2025-10-30,GCP,Cloud CDN,us-central1,Finance,19.86,51.11
2025-10-30,GCP,Cloud Functions,us-central1,DevOps,9.38,25.29
2025-10-30,GCP,Cloud Functions,asia-south1,Finance,5.94,16.18
2025-10-30,GCP,Cloud Storage,us-central1,DevOps,11.21,37.73
2025-10-30,GCP,Cloud Storage,europe-west1,DevOps,6.78,24.76
2025-10-30,GCP,Cloud Storage,asia-south1,DevOps,15.43,33.16
2025-10-30,GCP,Compute Engine,us-central1,Finance,46.99,94.3
2025-10-30,GCP,Compute Engine,europe-west1,Finance,84.49,180.9
2025-10-30,GCP,Compute Engine,asia-south1,Marketing,73.56,159.88
2025-10-31,AWS,CloudFront,eu-west-1,QA,13.77,47.12
2025-10-31,AWS,EBS,us-west-2,Engineering,15.58,32.45
2025-10-31,AWS,EBS,eu-west-1,Engineering,14.36,26.57
2025-10-31,AWS,EBS,ap-south-1,Finance,11.38,46.28
2025-10-31,AWS,EC2,us-east-1,DevOps,49.14,149.88
2025-10-31,AWS,EC2,us-west-2,Marketing,55.75,142.57
2025-10-31,AWS,EC2,eu-west-1,Finance,48.75,112.99
2025-10-31,AWS,Lambda,us-west-2,DevOps,5.03,8.18
2025-10-31,AWS,Lambda,eu-west-1,QA,5.57,14.15
2025-10-31,AWS,Lambda,ap-south-1,Marketing,4.71,7.14
2025-10-31,AWS,RDS,us-east-1,Engineering,29.85,99.22
2025-10-31,AWS,RDS,us-west-2,Finance,45.47,157.1
2025-10-31,AWS,RDS,eu-west-1,QA,46.34,135.82
2025-10-31,AWS,RDS,ap-south-1,Engineering,45.64,67.38
2025-10-31,AWS,S3,us-east-1,DevOps,8.86,18.67
2025-10-31,AWS,S3,us-west-2,Marketing,7.45,22.75
2025-10-31,AWS,S3,eu-west-1,Engineering,8.32,28.84
2025-10-31,AWS,S3,ap-south-1,QA,15.12,36.73
2025-10-31,Azure,Blob Storage,East US,DevOps,14.24,54.5
2025-10-31,Azure,Blob Storage,West Europe,Engineering,10.79,25.79
2025-10-31,Azure,Blob Storage,Southeast Asia,Engineering,18.45,66.5
2025-10-31,Azure,CDN,East US,Data Science,11.15,23.12
2025-10-31,Azure,CDN,Southeast Asia,Engineering,9.93,24.12
2025-10-31,Azure,Functions,Central India,QA,8.35,20.81
2025-10-31,Azure,Functions,Southeast Asia,QA,11.02,27.61
2025-10-31,Azure,SQL Database,East US,QA,40.45,137.61
2025-10-31,Azure,SQL Database,Central India,DevOps,44.66,156.54
2025-10-31,Azure,Virtual Machines,East US,DevOps,62.29,96.7
2025-10-31,Azure,Virtual Machines,West Europe,QA,79.49,286.75
2025-10-31,Azure,Virtual Machines,Central India,Data Science,47.23,159.69
2025-10-31,Azure,Virtual Machines,Southeast Asia,Marketing,42.85,77.46
2025-10-31,GCP,BigQuery,us-central1,QA,25.28,79.42
2025-10-31,GCP,BigQuery,europe-west1,DevOps,16.06,23.64
2025-10-31,GCP,Cloud CDN,us-central1,Finance,19.42,50.51
2025-10-31,GCP,Cloud Functions,us-central1,DevOps,10.68,25.82
2025-10-31,GCP,Cloud Functions,asia-south1,Finance,6.19,15.71
2025-10-31,GCP,Cloud Storage,us-central1,DevOps,10.59,41.77
2025-10-31,GCP,Cloud Storage,europe-west1,DevOps,7.01,25.65
2025-10-31,GCP,Cloud Storage,asia-south1,DevOps,15.71,30.47
2025-10-31,GCP,Compute Engine,us-central1,Finance,38.95,80.71
2025-10-31,GCP,Compute Engine,europe-west1,Finance,79.35,160.41
2025-10-31,GCP,Compute Engine,asia-south1,Marketing,75.3,162.59
2025-11-01,AWS,CloudFront,eu-west-1,QA,15.11,52.47
2025-11-01,AWS,EBS,us-west-2,Engineering,13.05,22.77
2025-11-01,AWS,EBS,eu-west-1,Engineering,15.47,33.01
2025-11-01,AWS,EBS,ap-south-1,Finance,11.96,48.75
2025-11-01,AWS,EC2,us-east-1,DevOps,60.41,186.79
2025-11-01,AWS,EC2,us-west-2,Marketing,42.9,113.92
2025-11-01,AWS,EC2,eu-west-1,Finance,37.17,93.74
2025-11-01,AWS,Lambda,us-west-2,DevOps,4.79,8.45
2025-11-01,AWS,Lambda,eu-west-1,QA,5.71,14.74
2025-11-01,AWS,Lambda,ap-south-1,Marketing,5.08,8.8
2025-11-01,AWS,RDS,us-east-1,Engineering,31.76,99.18
2025-11-01,AWS,RDS,us-west-2,Finance,39.58,149.72
2025-11-01,AWS,RDS,eu-west-1,QA,36.15,123.01
2025-11-01,AWS,RDS,ap-south-1,Engineering,51.75,71.02
2025-11-01,AWS,S3,us-east-1,DevOps,8.0,15.91
2025-11-01,AWS,S3,us-west-2,Marketing,8.5,27.36
2025-11-01,AWS,S3,eu-west-1,Engineering,8.23,33.22
2025-11-01,AWS,S3,ap-south-1,QA,11.77,25.61
2025-11-01,Azure,Blob Storage,East US,DevOps,13.81,54.31
2025-11-01,Azure,Blob Storage,West Europe,Engineering,11.69,30.53
2025-11-01,Azure,Blob Storage,Southeast Asia,Engineering,18.12,67.97
2025-11-01,Azure,CDN,East US,Data Science,11.78,23.57
2025-11-01,Azure,CDN,Southeast Asia,Engineering,11.29,27.69
2025-11-01,Azure,Functions,Central India,QA,7.73,18.44
2025-11-01,Azure,Functions,Southeast Asia,QA,9.73,23.32
2025-11-01,Azure,SQL Database,East US,QA,36.29,128.99
2025-11-01,Azure,SQL Database,Central India,DevOps,51.25,179.85
2025-11-01,Azure,Virtual Machines,East US,DevOps,67.22,104.81
2025-11-01,Azure,Virtual Machines,West Europe,QA,75.64,262.89
2025-11-01,Azure,Virtual Machines,Central India,Data Science,108.83,153.04
2025-11-01,Azure,Virtual Machines,Southeast Asia,Marketing,39.55,71.84
2025-11-01,GCP,BigQuery,us-central1,QA,28.21,93.61
2025-11-01,GCP,BigQuery,europe-west1,DevOps,15.44,23.08
2025-11-01,GCP,Cloud CDN,us-central1,Finance,17.93,48.96
2025-11-01,GCP,Cloud Functions,us-central1,DevOps,8.43,21.33
2025-11-01,GCP,Cloud Functions,asia-south1,Finance,5.82,15.08
2025-11-01,GCP,Cloud Storage,us-central1,DevOps,10.32,34.54
2025-11-01,GCP,Cloud Storage,europe-west1,DevOps,7.0,26.22
2025-11-01,GCP,Cloud Storage,asia-south1,DevOps,15.7,31.54
2025-11-01,GCP,Compute Engine,us-central1,Finance,48.81,94.66
2025-11-01,GCP,Compute Engine,europe-west1,Finance,88.16,195.48
2025-11-01,GCP,Compute Engine,asia-south1,Marketing,77.56,165.2
2025-11-02,AWS,CloudFront,eu-west-1,QA,14.13,53.42
2025-11-02,AWS,EBS,us-west-2,Engineering,14.12,27.72
2025-11-02,AWS,EBS,eu-west-1,Engineering,15.99,29.24
2025-11-02,AWS,EBS,ap-south-1,Finance,10.15,37.43
2025-11-02,AWS,EC2,us-east-1,DevOps,51.73,140.69
2025-11-02,AWS,EC2,us-west-2,Marketing,50.48,134.48
2025-11-02,AWS,EC2,eu-west-1,Finance,47.76,133.08
2025-11-02,AWS,Lambda,us-west-2,DevOps,5.18,9.17
2025-11-02,AWS,Lambda,eu-west-1,QA,5.17,13.64
2025-11-02,AWS,Lambda,ap-south-1,Marketing,5.05,7.91
2025-11-02,AWS,RDS,us-east-1,Engineering,29.2,97.03
2025-11-02,AWS,RDS,us-west-2,Finance,42.05,145.77
2025-11-02,AWS,RDS,eu-west-1,QA,37.84,121.58
2025-11-02,AWS,RDS,ap-south-1,Engineering,48.65,68.37
2025-11-02,AWS,S3,us-east-1,DevOps,6.99,13.96
2025-11-02,AWS,S3,us-west-2,Marketing,7.38,25.85
2025-11-02,AWS,S3,eu-west-1,Engineering,7.22,26.96
2025-11-02,AWS,S3,ap-south-1,QA,13.11,28.52
2025-11-02,Azure,Blob Storage,East US,DevOps,14.63,53.69
2025-11-02,Azure,Blob Storage,West Europe,Engineering,10.19,24.13
2025-11-02,Azure,Blob Storage,Southeast Asia,Engineering,20.55,71.14
2025-11-02,Azure,CDN,East US,Data Science,12.45,25.43
2025-11-02,Azure,CDN,Southeast Asia,Engineering,10.38,27.06
2025-11-02,Azure,Functions,Central India,QA,7.97,20.53
2025-11-02,Azure,Functions,Southeast Asia,QA,9.21,21.13
2025-11-02,Azure,SQL Database,East US,QA,32.25,98.24
2025-11-02,Azure,SQL Database,Central India,DevOps,48.2,153.09
2025-11-02,Azure,Virtual Machines,East US,DevOps,62.39,104.61
2025-11-02,Azure,Virtual Machines,West Europe,QA,65.12,228.22
2025-11-02,Azure,Virtual Machines,Central India,Data Science,45.04,127.08
2025-11-02,Azure,Virtual Machines,Southeast Asia,Marketing,44.86,89.92
2025-11-02,GCP,BigQuery,us-central1,QA,29.01,83.18
2025-11-02,GCP,BigQuery,europe-west1,DevOps,17.81,28.44
2025-11-02,GCP,Cloud CDN,us-central1,Finance,18.54,51.12
2025-11-02,GCP,Cloud Functions,us-central1,DevOps,8.18,20.42
2025-11-02,GCP,Cloud Functions,asia-south1,Finance,5.3,14.11
2025-11-02,GCP,Cloud Storage,us-central1,DevOps,10.63,39.84
2025-11-02,GCP,Cloud Storage,europe-west1,DevOps,6.93,27.87
2025-11-02,GCP,Cloud Storage,asia-south1,DevOps,14.96,30.46
2025-11-02,GCP,Compute Engine,us-central1,Finance,43.85,89.96
2025-11-02,GCP,Compute Engine,europe-west1,Finance,79.38,163.86
2025-11-02,GCP,Compute Engine,asia-south1,Marketing,77.85,180.86
2025-11-03,AWS,CloudFront,eu-west-1,QA,14.54,55.21
2025-11-03,AWS,EBS,us-west-2,Engineering,13.09,26.38
2025-11-03,AWS,EBS,eu-west-1,Engineering,14.68,27.74
2025-11-03,AWS,EBS,ap-south-1,Finance,10.41,42.02
2025-11-03,AWS,EC2,us-east-1,DevOps,53.73,148.05
2025-11-03,AWS,EC2,us-west-2,Marketing,48.9,119.93
2025-11-03,AWS,EC2,eu-west-1,Finance,42.5,100.71
2025-11-03,AWS,Lambda,us-west-2,DevOps,4.46,7.73
2025-11-03,AWS,Lambda,eu-west-1,QA,5.24,14.09
2025-11-03,AWS,Lambda,ap-south-1,Marketing,4.53,7.5
2025-11-03,AWS,RDS,us-east-1,Engineering,32.34,98.67
2025-11-03,AWS,RDS,us-west-2,Finance,42.41,164.84
2025-11-03,AWS,RDS,eu-west-1,QA,35.98,118.94
2025-11-03,AWS,RDS,ap-south-1,Engineering,51.63,73.12
2025-11-03,AWS,S3,us-east-1,DevOps,7.84,15.73
2025-11-03,AWS,S3,us-west-2,Marketing,6.92,24.92
2025-11-03,AWS,S3,eu-west-1,Engineering,8.08,31.18
2025-11-03,AWS,S3,ap-south-1,QA,13.43,33.25
2025-11-03,Azure,Blob Storage,East US,DevOps,14.82,49.81
2025-11-03,Azure,Blob Storage,West Europe,Engineering,11.03,28.58
2025-11-03,Azure,Blob Storage,Southeast Asia,Engineering,16.18,53.69
2025-11-03,Azure,CDN,East US,Data Science,11.55,27.78
2025-11-03,Azure,CDN,Southeast Asia,Engineering,9.58,23.35
2025-11-03,Azure,Functions,Central India,QA,7.89,19.9
2025-11-03,Azure,Functions,Southeast Asia,QA,11.09,26.7
2025-11-03,Azure,SQL Database,East US,QA,31.11,95.53
2025-11-03,Azure,SQL Database,Central India,DevOps,47.68,164.08
2025-11-03,Azure,Virtual Machines,East US,DevOps,56.51,85.75
2025-11-03,Azure,Virtual Machines,West Europe,QA,68.16,206.78
2025-11-03,Azure,Virtual Machines,Central India,Data Science,47.61,159.91
2025-11-03,Azure,Virtual Machines,Southeast Asia,Marketing,42.74,72.28
2025-11-03,GCP,BigQuery,us-central1,QA,51.36,90.77
2025-11-03,GCP,BigQuery,europe-west1,DevOps,15.68,25.89
2025-11-03,GCP,Cloud CDN,us-central1,Finance,17.7,48.0
2025-11-03,GCP,Cloud Functions,us-central1,DevOps,8.28,19.28
2025-11-03,GCP,Cloud Functions,asia-south1,Finance,5.87,15.07
2025-11-03,GCP,Cloud Storage,us-central1,DevOps,10.85,42.43
2025-11-03,GCP,Cloud Storage,europe-west1,DevOps,7.26,25.2
2025-11-03,GCP,Cloud Storage,asia-south1,DevOps,16.08,32.51
2025-11-03,GCP,Compute Engine,us-central1,Finance,45.94,95.58
2025-11-03,GCP,Compute Engine,europe-west1,Finance,77.67,164.0
2025-11-03,GCP,Compute Engine,asia-south1,Marketing,75.06,168.89
2025-11-04,AWS,CloudFront,eu-west-1,QA,12.87,48.53
2025-11-04,AWS,EBS,us-west-2,Engineering,12.53,23.78
2025-11-04,AWS,EBS,eu-west-1,Engineering,13.98,29.38
2025-11-04,AWS,EBS,ap-south-1,Finance,10.2,36.66
2025-11-04,AWS,EC2,us-east-1,DevOps,50.43,154.03
2025-11-04,AWS,EC2,us-west-2,Marketing,50.18,127.75
2025-11-04,AWS,EC2,eu-west-1,Finance,46.06,118.72
2025-11-04,AWS,Lambda,us-west-2,DevOps,4.55,7.49
2025-11-04,AWS,Lambda,eu-west-1,QA,5.53,14.61
2025-11-04,AWS,Lambda,ap-south-1,Marketing,4.79,7.06
2025-11-04,AWS,RDS,us-east-1,Engineering,31.55,107.72
2025-11-04,AWS,RDS,us-west-2,Finance,40.16,162.13
2025-11-04,AWS,RDS,eu-west-1,QA,45.64,154.6
2025-11-04,AWS,RDS,ap-south-1,Engineering,48.95,67.56
2025-11-04,AWS,S3,us-east-1,DevOps,8.63,17.99
2025-11-04,AWS,S3,us-west-2,Marketing,7.68,25.07
2025-11-04,AWS,S3,eu-west-1,Engineering,7.2,25.04
2025-11-04,AWS,S3,ap-south-1,QA,13.82,31.58
2025-11-04,Azure,Blob Storage,East US,DevOps,13.6,49.84
2025-11-04,Azure,Blob Storage,West Europe,Engineering,10.55,24.42
2025-11-04,Azure,Blob Storage,Southeast Asia,Engineering,16.48,63.06
2025-11-04,Azure,CDN,East US,Data Science,10.43,22.4
2025-11-04,Azure,CDN,Southeast Asia,Engineering,9.9,25.02
2025-11-04,Azure,Functions,Central India,QA,7.14,19.07
2025-11-04,Azure,Functions,Southeast Asia,QA,10.07,25.2
2025-11-04,Azure,SQL Database,East US,QA,39.06,121.88
2025-11-04,Azure,SQL Database,Central India,DevOps,46.05,158.6
2025-11-04,Azure,Virtual Machines,East US,DevOps,58.35,89.03
2025-11-04,Azure,Virtual Machines,West Europe,QA,66.44,207.66
2025-11-04,Azure,Virtual Machines,Central India,Data Science,45.56,128.97
2025-11-04,Azure,Virtual Machines,Southeast Asia,Marketing,44.22,85.21
2025-11-04,GCP,BigQuery,us-central1,QA,29.85,87.03
2025-11-04,GCP,BigQuery,europe-west1,DevOps,16.87,24.75
2025-11-04,GCP,Cloud CDN,us-central1,Finance,30.4,43.76
2025-11-04,GCP,Cloud Functions,us-central1,DevOps,8.12,20.73
2025-11-04,GCP,Cloud Functions,asia-south1,Finance,5.35,12.57
2025-11-04,GCP,Cloud Storage,us-central1,DevOps,11.23,37.96
2025-11-04,GCP,Cloud Storage,europe-west1,DevOps,7.16,27.7
2025-11-04,GCP,Cloud Storage,asia-south1,DevOps,15.54,30.54
2025-11-04,GCP,Compute Engine,us-central1,Finance,42.72,90.49
2025-11-04,GCP,Compute Engine,europe-west1,Finance,82.88,182.71
2025-11-04,GCP,Compute Engine,asia-south1,Marketing,60.85,154.77
2025-11-05,AWS,CloudFront,eu-west-1,QA,14.92,48.38
2025-11-05,AWS,EBS,us-west-2,Engineering,13.03,26.14
2025-11-05,AWS,EBS,eu-west-1,Engineering,14.4,30.78
2025-11-05,AWS,EBS,ap-south-1,Finance,8.68,34.66
2025-11-05,AWS,EC2,us-east-1,DevOps,50.47,147.63
2025-11-05,AWS,EC2,us-west-2,Marketing,45.25,114.55
2025-11-05,AWS,EC2,eu-west-1,Finance,44.54,120.96
2025-11-05,AWS,Lambda,us-west-2,DevOps,4.63,7.96
2025-11-05,AWS,Lambda,eu-west-1,QA,5.7,15.19
2025-11-05,AWS,Lambda,ap-south-1,Marketing,5.41,7.7
2025-11-05,AWS,RDS,us-east-1,Engineering,26.44,83.55
2025-11-05,AWS,RDS,us-west-2,Finance,46.41,171.04
2025-11-05,AWS,RDS,eu-west-1,QA,43.14,135.82
2025-11-05,AWS,RDS,ap-south-1,Engineering,44.44,69.44
2025-11-05,AWS,S3,us-east-1,DevOps,7.62,14.8
2025-11-05,AWS,S3,us-west-2,Marketing,8.56,28.24
2025-11-05,AWS,S3,eu-west-1,Engineering,7.06,25.88
2025-11-05,AWS,S3,ap-south-1,QA,13.27,34.42
2025-11-05,Azure,Blob Storage,East US,DevOps,14.0,53.47
2025-11-05,Azure,Blob Storage,West Europe,Engineering,10.48,27.04
2025-11-05,Azure,Blob Storage,Southeast Asia,Engineering,17.15,58.54
2025-11-05,Azure,CDN,East US,Data Science,12.57,29.71
2025-11-05,Azure,CDN,Southeast Asia,Engineering,11.04,30.15
2025-11-05,Azure,Functions,Central India,QA,9.38,21.16
2025-11-05,Azure,Functions,Southeast Asia,QA,10.14,23.55
2025-11-05,Azure,SQL Database,East US,QA,34.28,106.8
2025-11-05,Azure,SQL Database,Central India,DevOps,50.83,170.05
2025-11-05,Azure,Virtual Machines,East US,DevOps,73.23,105.7
2025-11-05,Azure,Virtual Machines,West Europe,QA,68.48,249.01
2025-11-05,Azure,Virtual Machines,Central India,Data Science,41.0,127.16
2025-11-05,Azure,Virtual Machines,Southeast Asia,Marketing,39.77,69.04
2025-11-05,GCP,BigQuery,us-central1,QA,24.42,83.79
2025-11-05,GCP,BigQuery,europe-west1,DevOps,15.37,21.39
2025-11-05,GCP,Cloud CDN,us-central1,Finance,18.35,50.39
2025-11-05,GCP,Cloud Functions,us-central1,DevOps,10.79,24.23
2025-11-05,GCP,Cloud Functions,asia-south1,Finance,5.83,14.46
2025-11-05,GCP,Cloud Storage,us-central1,DevOps,9.9,33.81
2025-11-05,GCP,Cloud Storage,europe-west1,DevOps,6.62,25.82
2025-11-05,GCP,Cloud Storage,asia-south1,DevOps,16.75,30.38
2025-11-05,GCP,Compute Engine,us-central1,Finance,47.57,95.9
2025-11-05,GCP,Compute Engine,europe-west1,Finance,90.1,189.18
2025-11-05,GCP,Compute Engine,asia-south1,Marketing,69.81,176.63
2025-11-06,AWS,CloudFront,eu-west-1,QA,14.14,52.9
2025-11-06,AWS,EBS,us-west-2,Engineering,13.14,27.23
2025-11-06,AWS,EBS,eu-west-1,Engineering,15.05,30.89
2025-11-06,AWS,EBS,ap-south-1,Finance,10.81,44.91
2025-11-06,AWS,EC2,us-east-1,DevOps,48.45,149.11
2025-11-06,AWS,EC2,us-west-2,Marketing,42.4,100.49
2025-11-06,AWS,EC2,eu-west-1,Finance,52.42,146.56
2025-11-06,AWS,Lambda,us-west-2,DevOps,4.82,7.35
2025-11-06,AWS,Lambda,eu-west-1,QA,4.93,12.64
2025-11-06,AWS,Lambda,ap-south-1,Marketing,5.37,8.32
2025-11-06,AWS,RDS,us-east-1,Engineering,30.44,97.36
2025-11-06,AWS,RDS,us-west-2,Finance,45.93,171.08
2025-11-06,AWS,RDS,eu-west-1,QA,34.24,114.25
2025-11-06,AWS,RDS,ap-south-1,Engineering,45.92,74.27
2025-11-06,AWS,S3,us-east-1,DevOps,8.06,16.84
2025-11-06,AWS,S3,us-west-2,Marketing,7.65,25.56
2025-11-06,AWS,S3,eu-west-1,Engineering,7.23,25.15
2025-11-06,AWS,S3,ap-south-1,QA,12.04,25.88
2025-11-06,Azure,Blob Storage,East US,DevOps,14.25,53.9
2025-11-06,Azure,Blob Storage,West Europe,Engineering,10.85,27.43
2025-11-06,Azure,Blob Storage,Southeast Asia,Engineering,17.95,64.63
2025-11-06,Azure,CDN,East US,Data Science,12.52,25.6
2025-11-06,Azure,CDN,Southeast Asia,Engineering,10.4,28.7
2025-11-06,Azure,Functions,Central India,QA,8.45,18.73
2025-11-06,Azure,Functions,Southeast Asia,QA,9.63,26.41
2025-11-06,Azure,SQL Database,East US,QA,31.67,100.04
2025-11-06,Azure,SQL Database,Central India,DevOps,43.08,142.87
2025-11-06,Azure,Virtual Machines,East US,DevOps,60.46,91.33
2025-11-06,Azure,Virtual Machines,West Europe,QA,75.32,259.83
2025-11-06,Azure,Virtual Machines,Central India,Data Science,47.89,136.83
2025-11-06,Azure,Virtual Machines,Southeast Asia,Marketing,44.17,88.13
2025-11-06,GCP,BigQuery,us-central1,QA,25.32,85.74
2025-11-06,GCP,BigQuery,europe-west1,DevOps,15.91,24.07
2025-11-06,GCP,Cloud CDN,us-central1,Finance,16.79,44.56
2025-11-06,GCP,Cloud Functions,us-central1,DevOps,10.27,23.87
2025-11-06,GCP,Cloud Functions,asia-south1,Finance,5.73,13.32
2025-11-06,GCP,Cloud Storage,us-central1,DevOps,11.17,41.08
2025-11-06,GCP,Cloud Storage,europe-west1,DevOps,6.15,23.46
2025-11-06,GCP,Cloud Storage,asia-south1,DevOps,18.57,37.88
2025-11-06,GCP,Compute Engine,us-central1,Finance,44.03,100.95
2025-11-06,GCP,Compute Engine,europe-west1,Finance,84.68,169.73
2025-11-06,GCP,Compute Engine,asia-south1,Marketing,64.47,162.23
2025-11-07,AWS,CloudFront,eu-west-1,QA,13.55,51.63
2025-11-07,AWS,EBS,us-west-2,Engineering,12.26,24.54
2025-11-07,AWS,EBS,eu-west-1,Engineering,15.32,27.93
2025-11-07,AWS,EBS,ap-south-1,Finance,11.41,39.27
2025-11-07,AWS,EC2,us-east-1,DevOps,50.35,135.75
2025-11-07,AWS,EC2,us-west-2,Marketing,40.3,95.46
2025-11-07,AWS,EC2,eu-west-1,Finance,45.96,123.89
2025-11-07,AWS,Lambda,us-west-2,DevOps,4.41,7.81
2025-11-07,AWS,Lambda,eu-west-1,QA,5.13,12.76
2025-11-07,AWS,Lambda,ap-south-1,Marketing,4.33,7.06
2025-11-07,AWS,RDS,us-east-1,Engineering,25.6,72.8
2025-11-07,AWS,RDS,us-west-2,Finance,38.88,157.59
2025-11-07,AWS,RDS,eu-west-1,QA,35.82,114.14
2025-11-07,AWS,RDS,ap-south-1,Engineering,42.63,62.96
2025-11-07,AWS,S3,us-east-1,DevOps,7.59,16.22
2025-11-07,AWS,S3,us-west-2,Marketing,16.86,28.48
2025-11-07,AWS,S3,eu-west-1,Engineering,7.31,30.26
2025-11-07,AWS,S3,ap-south-1,QA,14.11,33.06
2025-11-07,Azure,Blob Storage,East US,DevOps,14.86,56.43
2025-11-07,Azure,Blob Storage,West Europe,Engineering,8.81,20.5
2025-11-07,Azure,Blob Storage,Southeast Asia,Engineering,17.28,64.43
2025-11-07,Azure,CDN,East US,Data Science,12.44,26.82
2025-11-07,Azure,CDN,Southeast Asia,Engineering,10.66,29.35
2025-11-07,Azure,Functions,Central India,QA,7.79,18.1
2025-11-07,Azure,Functions,Southeast Asia,QA,10.28,26.7
2025-11-07,Azure,SQL Database,East US,QA,28.53,95.09
2025-11-07,Azure,SQL Database,Central India,DevOps,45.61,149.59
2025-11-07,Azure,Virtual Machines,East US,DevOps,52.71,86.85
2025-11-07,Azure,Virtual Machines,West Europe,QA,60.85,204.6
2025-11-07,Azure,Virtual Machines,Central India,Data Science,46.27,158.3
2025-11-07,Azure,Virtual Machines,Southeast Asia,Marketing,37.75,74.7
2025-11-07,GCP,BigQuery,us-central1,QA,28.83,98.54
2025-11-07,GCP,BigQuery,europe-west1,DevOps,15.57,23.88
2025-11-07,GCP,Cloud CDN,us-central1,Finance,21.26,54.22
2025-11-07,GCP,Cloud Functions,us-central1,DevOps,8.68,23.35
2025-11-07,GCP,Cloud Functions,asia-south1,Finance,5.28,13.95
2025-11-07,GCP,Cloud Storage,us-central1,DevOps,10.98,39.86
2025-11-07,GCP,Cloud Storage,europe-west1,DevOps,6.76,27.68
2025-11-07,GCP,Cloud Storage,asia-south1,DevOps,15.78,33.58
2025-11-07,GCP,Compute Engine,us-central1,Finance,43.44,88.16
2025-11-07,GCP,Compute Engine,europe-west1,Finance,82.31,151.36
2025-11-07,GCP,Compute Engine,asia-south1,Marketing,70.18,177.55
2025-11-08,AWS,CloudFront,eu-west-1,QA,11.13,37.84
2025-11-08,AWS,EBS,us-west-2,Engineering,11.87,21.8
2025-11-08,AWS,EBS,eu-west-1,Engineering,14.52,28.86
2025-11-08,AWS,EBS,ap-south-1,Finance,11.4,42.96
2025-11-08,AWS,EC2,us-east-1,DevOps,51.78,152.77
2025-11-08,AWS,EC2,us-west-2,Marketing,50.95,142.24
2025-11-08,AWS,EC2,eu-west-1,Finance,43.35,116.26
2025-11-08,AWS,Lambda,us-west-2,DevOps,4.78,7.39
2025-11-08,AWS,Lambda,eu-west-1,QA,5.66,13.74
2025-11-08,AWS,Lambda,ap-south-1,Marketing,5.13,8.1
2025-11-08,AWS,RDS,us-east-1,Engineering,28.06,82.25
2025-11-08,AWS,RDS,us-west-2,Finance,45.02,168.82
2025-11-08,AWS,RDS,eu-west-1,QA,35.66,106.8
2025-11-08,AWS,RDS,ap-south-1,Engineering,43.65,71.09
2025-11-08,AWS,S3,us-east-1,DevOps,6.72,14.29
2025-11-08,AWS,S3,us-west-2,Marketing,7.92,27.97
2025-11-08,AWS,S3,eu-west-1,Engineering,6.79,27.29
2025-11-08,AWS,S3,ap-south-1,QA,12.82,28.02
2025-11-08,Azure,Blob Storage,East US,DevOps,14.57,50.46
2025-11-08,Azure,Blob Storage,West Europe,Engineering,11.27,29.25
2025-11-08,Azure,Blob Storage,Southeast Asia,Engineering,17.21,59.53
2025-11-08,Azure,CDN,East US,Data Science,10.83,25.89
2025-11-08,Azure,CDN,Southeast Asia,Engineering,8.89,24.03
2025-11-08,Azure,Functions,Central India,QA,8.33,18.32
2025-11-08,Azure,Functions,Southeast Asia,QA,10.15,23.69
2025-11-08,Azure,SQL Database,East US,QA,33.48,99.56
2025-11-08,Azure,SQL Database,Central India,DevOps,45.09,141.04
2025-11-08,Azure,Virtual Machines,East US,DevOps,54.66,88.64
2025-11-08,Azure,Virtual Machines,West Europe,QA,65.32,211.19
2025-11-08,Azure,Virtual Machines,Central India,Data Science,49.05,167.92
2025-11-08,Azure,Virtual Machines,Southeast Asia,Marketing,39.11,73.31
2025-11-08,GCP,BigQuery,us-central1,QA,23.45,67.74
2025-11-08,GCP,BigQuery,europe-west1,DevOps,13.34,21.93
2025-11-08,GCP,Cloud CDN,us-central1,Finance,20.92,62.84
2025-11-08,GCP,Cloud Functions,us-central1,DevOps,9.46,25.48
2025-11-08,GCP,Cloud Functions,asia-south1,Finance,6.44,15.91
2025-11-08,GCP,Cloud Storage,us-central1,DevOps,10.8,39.28
2025-11-08,GCP,Cloud Storage,europe-west1,DevOps,7.68,29.53
2025-11-08,GCP,Cloud Storage,asia-south1,DevOps,16.76,35.71
2025-11-08,GCP,Compute Engine,us-central1,Finance,122.69,111.42
2025-11-08,GCP,Compute Engine,europe-west1,Finance,95.43,202.78
2025-11-08,GCP,Compute Engine,asia-south1,Marketing,67.59,152.87
2025-11-09,AWS,CloudFront,eu-west-1,QA,14.14,49.62
2025-11-09,AWS,EBS,us-west-2,Engineering,13.04,25.2
2025-11-09,AWS,EBS,eu-west-1,Engineering,14.03,28.17
2025-11-09,AWS,EBS,ap-south-1,Finance,9.75,38.26
2025-11-09,AWS,EC2,us-east-1,DevOps,56.13,160.4
2025-11-09,AWS,EC2,us-west-2,Marketing,51.1,127.7
2025-11-09,AWS,EC2,eu-west-1,Finance,38.2,104.55
2025-11-09,AWS,Lambda,us-west-2,DevOps,4.99,8.21
2025-11-09,AWS,Lambda,eu-west-1,QA,4.11,10.31
2025-11-09,AWS,Lambda,ap-south-1,Marketing,4.33,7.37
2025-11-09,AWS,RDS,us-east-1,Engineering,29.12,93.82
2025-11-09,AWS,RDS,us-west-2,Finance,47.44,176.7
2025-11-09,AWS,RDS,eu-west-1,QA,36.13,110.84
2025-11-09,AWS,RDS,ap-south-1,Engineering,50.27,71.8
2025-11-09,AWS,S3,us-east-1,DevOps,7.47,15.55
2025-11-09,AWS,S3,us-west-2,Marketing,6.68,20.55
2025-11-09,AWS,S3,eu-west-1,Engineering,7.07,26.55
2025-11-09,AWS,S3,ap-south-1,QA,11.04,25.36
2025-11-09,Azure,Blob Storage,East US,DevOps,14.05,46.57
2025-11-09,Azure,Blob Storage,West Europe,Engineering,8.66,21.59
2025-11-09,Azure,Blob Storage,Southeast Asia,Engineering,16.11,59.55
2025-11-09,Azure,CDN,East US,Data Science,11.6,23.3
2025-11-09,Azure,CDN,Southeast Asia,Engineering,9.53,25.0
2025-11-09,Azure,Functions,Central India,QA,7.59,20.05
2025-11-09,Azure,Functions,Southeast Asia,QA,9.15,24.47
2025-11-09,Azure,SQL Database,East US,QA,35.45,113.65
2025-11-09,Azure,SQL Database,Central India,DevOps,43.13,134.81
2025-11-09,Azure,Virtual Machines,East US,DevOps,56.34,81.52
2025-11-09,Azure,Virtual Machines,West Europe,QA,65.93,199.02
2025-11-09,Azure,Virtual Machines,Central India,Data Science,46.11,147.42
2025-11-09,Azure,Virtual Machines,Southeast Asia,Marketing,40.78,72.03
2025-11-09,GCP,BigQuery,us-central1,QA,28.7,89.79
2025-11-09,GCP,BigQuery,europe-west1,DevOps,14.11,20.88
2025-11-09,GCP,Cloud CDN,us-central1,Finance,18.58,54.17
2025-11-09,GCP,Cloud Functions,us-central1,DevOps,10.59,26.06
2025-11-09,GCP,Cloud Functions,asia-south1,Finance,6.05,16.2
2025-11-09,GCP,Cloud Storage,us-central1,DevOps,11.8,43.22
2025-11-09,GCP,Cloud Storage,europe-west1,DevOps,6.63,25.66
2025-11-09,GCP,Cloud Storage,asia-south1,DevOps,15.45,30.81
2025-11-09,GCP,Compute Engine,us-central1,Finance,33.9,71.1
2025-11-09,GCP,Compute Engine,europe-west1,Finance,73.16,162.48
2025-11-09,GCP,Compute Engine,asia-south1,Marketing,79.3,184.15
2025-11-10,AWS,CloudFront,eu-west-1,QA,14.66,54.1
2025-11-10,AWS,EBS,us-west-2,Engineering,12.59,26.02
2025-11-10,AWS,EBS,eu-west-1,Engineering,15.45,29.25
2025-11-10,AWS,EBS,ap-south-1,Finance,9.37,37.15
2025-11-10,AWS,EC2,us-east-1,DevOps,41.79,121.35
2025-11-10,AWS,EC2,us-west-2,Marketing,47.77,125.53
2025-11-10,AWS,EC2,eu-west-1,Finance,43.59,110.77
2025-11-10,AWS,Lambda,us-west-2,DevOps,4.21,6.52
2025-11-10,AWS,Lambda,eu-west-1,QA,4.65,12.62
2025-11-10,AWS,Lambda,ap-south-1,Marketing,4.72,7.34
2025-11-10,AWS,RDS,us-east-1,Engineering,33.21,102.57
2025-11-10,AWS,RDS,us-west-2,Finance,48.4,183.55
2025-11-10,AWS,RDS,eu-west-1,QA,34.39,108.85
2025-11-10,AWS,RDS,ap-south-1,Engineering,47.12,68.91
2025-11-10,AWS,S3,us-east-1,DevOps,8.26,18.82
2025-11-10,AWS,S3,us-west-2,Marketing,7.0,22.77
2025-11-10,AWS,S3,eu-west-1,Engineering,7.45,26.66
2025-11-10,AWS,S3,ap-south-1,QA,12.86,33.5
2025-11-10,Azure,Blob Storage,East US,DevOps,12.47,42.0
2025-11-10,Azure,Blob Storage,West Europe,Engineering,11.06,26.29
2025-11-10,Azure,Blob Storage,Southeast Asia,Engineering,17.56,62.53
2025-11-10,Azure,CDN,East US,Data Science,11.76,26.21
2025-11-10,Azure,CDN,Southeast Asia,Engineering,9.13,23.99
2025-11-10,Azure,Functions,Central India,QA,6.35,14.84
2025-11-10,Azure,Functions,Southeast Asia,QA,10.7,29.24
2025-11-10,Azure,SQL Database,East US,QA,32.2,100.35
2025-11-10,Azure,SQL Database,Central India,DevOps,51.59,182.31
2025-11-10,Azure,Virtual Machines,East US,DevOps,55.12,80.34
2025-11-10,Azure,Virtual Machines,West Europe,QA,60.53,195.79
2025-11-10,Azure,Virtual Machines,Central India,Data Science,42.54,130.19
2025-11-10,Azure,Virtual Machines,Southeast Asia,Marketing,47.04,90.54
2025-11-10,GCP,BigQuery,us-central1,QA,27.73,81.13
2025-11-10,GCP,BigQuery,europe-west1,DevOps,13.94,19.26
2025-11-10,GCP,Cloud CDN,us-central1,Finance,15.32,44.85
2025-11-10,GCP,Cloud Functions,us-central1,DevOps,9.79,22.59
2025-11-10,GCP,Cloud Functions,asia-south1,Finance,5.43,13.68
2025-11-10,GCP,Cloud Storage,us-central1,DevOps,8.79,34.7
2025-11-10,GCP,Cloud Storage,europe-west1,DevOps,6.27,24.09
2025-11-10,GCP,Cloud Storage,asia-south1,DevOps,15.76,30.82
2025-11-10,GCP,Compute Engine,us-central1,Finance,40.68,90.02
2025-11-10,GCP,Compute Engine,europe-west1,Finance,111.72,146.56
2025-11-10,GCP,Compute Engine,asia-south1,Marketing,60.33,136.85
2025-11-11,AWS,CloudFront,eu-west-1,QA,12.77,45.17
2025-11-11,AWS,EBS,us-west-2,Engineering,11.75,22.2
2025-11-11,AWS,EBS,eu-west-1,Engineering,13.23,28.75
2025-11-11,AWS,EBS,ap-south-1,Finance,10.36,36.94
2025-11-11,AWS,EC2,us-east-1,DevOps,55.15,164.88
2025-11-11,AWS,EC2,us-west-2,Marketing,44.37,111.49
2025-11-11,AWS,EC2,eu-west-1,Finance,45.73,124.64
2025-11-11,AWS,Lambda,us-west-2,DevOps,4.31,7.72
2025-11-11,AWS,Lambda,eu-west-1,QA,5.46,15.43
2025-11-11,AWS,Lambda,ap-south-1,Marketing,4.8,7.29
2025-11-11,AWS,RDS,us-east-1,Engineering,29.47,92.64
2025-11-11,AWS,RDS,us-west-2,Finance,51.31,198.84
2025-11-11,AWS,RDS,eu-west-1,QA,35.46,108.31
2025-11-11,AWS,RDS,ap-south-1,Engineering,48.66,68.57
2025-11-11,AWS,S3,us-east-1,DevOps,6.31,12.5
2025-11-11,AWS,S3,us-west-2,Marketing,7.5,24.52
2025-11-11,AWS,S3,eu-west-1,Engineering,12.68,28.96
2025-11-11,AWS,S3,ap-south-1,QA,13.05,33.3
2025-11-11,Azure,Blob Storage,East US,DevOps,11.46,45.32
2025-11-11,Azure,Blob Storage,West Europe,Engineering,10.42,25.49
2025-11-11,Azure,Blob Storage,Southeast Asia,Engineering,14.12,51.42
2025-11-11,Azure,CDN,East US,Data Science,12.0,28.47
2025-11-11,Azure,CDN,Southeast Asia,Engineering,10.71,30.38
2025-11-11,Azure,Functions,Central India,QA,9.92,24.38
2025-11-11,Azure,Functions,Southeast Asia,QA,9.44,22.65
2025-11-11,Azure,SQL Database,East US,QA,31.02,104.02
2025-11-11,Azure,SQL Database,Central India,DevOps,39.48,131.33
2025-11-11,Azure,Virtual Machines,East US,DevOps,53.81,82.88
2025-11-11,Azure,Virtual Machines,West Europe,QA,68.32,226.88
2025-11-11,Azure,Virtual Machines,Central India,Data Science,42.28,132.58
2025-11-11,Azure,Virtual Machines,Southeast Asia,Marketing,43.58,76.06
2025-11-11,GCP,BigQuery,us-central1,QA,28.16,90.09
2025-11-11,GCP,BigQuery,europe-west1,DevOps,16.71,25.91
2025-11-11,GCP,Cloud CDN,us-central1,Finance,18.49,49.54
2025-11-11,GCP,Cloud Functions,us-central1,DevOps,10.94,26.6
2025-11-11,GCP,Cloud Functions,asia-south1,Finance,5.64,13.11
2025-11-11,GCP,Cloud Storage,us-central1,DevOps,11.74,38.75
2025-11-11,GCP,Cloud Storage,europe-west1,DevOps,6.65,26.18
2025-11-11,GCP,Cloud Storage,asia-south1,DevOps,14.71,27.84
2025-11-11,GCP,Compute Engine,us-central1,Finance,41.26,80.68
2025-11-11,GCP,Compute Engine,europe-west1,Finance,77.63,152.69
2025-11-11,GCP,Compute Engine,asia-south1,Marketing,67.31,145.52
2025-11-12,AWS,CloudFront,eu-west-1,QA,12.7,48.79
2025-11-12,AWS,EBS,us-west-2,Engineering,11.39,22.54
2025-11-12,AWS,EBS,eu-west-1,Engineering,13.37,25.6
2025-11-12,AWS,EBS,ap-south-1,Finance,30.12,45.74
2025-11-12,AWS,EC2,us-east-1,DevOps,50.61,148.28
2025-11-12,AWS,EC2,us-west-2,Marketing,40.09,114.19
2025-11-12,AWS,EC2,eu-west-1,Finance,42.36,98.11
2025-11-12,AWS,Lambda,us-west-2,DevOps,4.67,7.93
2025-11-12,AWS,Lambda,eu-west-1,QA,5.29,13.18
2025-11-12,AWS,Lambda,ap-south-1,Marketing,5.1,8.71
2025-11-12,AWS,RDS,us-east-1,Engineering,26.79,76.73
2025-11-12,AWS,RDS,us-west-2,Finance,38.49,132.44
2025-11-12,AWS,RDS,eu-west-1,QA,39.98,122.61
2025-11-12,AWS,RDS,ap-south-1,Engineering,54.36,84.36
2025-11-12,AWS,S3,us-east-1,DevOps,7.89,16.85
2025-11-12,AWS,S3,us-west-2,Marketing,7.11,24.77
2025-11-12,AWS,S3,eu-west-1,Engineering,6.94,25.48
2025-11-12,AWS,S3,ap-south-1,QA,14.45,31.13
2025-11-12,Azure,Blob Storage,East US,DevOps,13.3,49.27
2025-11-12,Azure,Blob Storage,West Europe,Engineering,10.38,26.12
2025-11-12,Azure,Blob Storage,Southeast Asia,Engineering,15.81,57.81
2025-11-12,Azure,CDN,East US,Data Science,11.95,28.5
2025-11-12,Azure,CDN,Southeast Asia,Engineering,9.39,26.27
2025-11-12,Azure,Functions,Central India,QA,8.09,18.96
2025-11-12,Azure,Functions,Southeast Asia,QA,11.09,25.93
2025-11-12,Azure,SQL Database,East US,QA,32.17,115.88
2025-11-12,Azure,SQL Database,Central India,DevOps,37.03,120.01
2025-11-12,Azure,Virtual Machines,East US,DevOps,65.5,108.47
2025-11-12,Azure,Virtual Machines,West Europe,QA,64.99,203.39
2025-11-12,Azure,Virtual Machines,Central India,Data Science,46.26,152.27
2025-11-12,Azure,Virtual Machines,Southeast Asia,Marketing,44.24,77.77
2025-11-12,GCP,BigQuery,us-central1,QA,25.42,75.45
2025-11-12,GCP,BigQuery,europe-west1,DevOps,16.83,22.92
2025-11-12,GCP,Cloud CDN,us-central1,Finance,17.42,47.05
2025-11-12,GCP,Cloud Functions,us-central1,DevOps,9.22,24.48
2025-11-12,GCP,Cloud Functions,asia-south1,Finance,5.53,13.8
2025-11-12,GCP,Cloud Storage,us-central1,DevOps,9.57,36.47
2025-11-12,GCP,Cloud Storage,europe-west1,DevOps,6.64,23.19
2025-11-12,GCP,Cloud Storage,asia-south1,DevOps,14.89,26.84
2025-11-12,GCP,Compute Engine,us-central1,Finance,38.76,82.92
2025-11-12,GCP,Compute Engine,europe-west1,Finance,85.52,174.45
2025-11-12,GCP,Compute Engine,asia-south1,Marketing,67.41,172.37
2025-11-13,AWS,CloudFront,eu-west-1,QA,12.07,41.82
2025-11-13,AWS,EBS,us-west-2,Engineering,12.58,23.86
2025-11-13,AWS,EBS,eu-west-1,Engineering,15.71,29.29
2025-11-13,AWS,EBS,ap-south-1,Finance,10.34,40.35
2025-11-13,AWS,EC2,us-east-1,DevOps,46.85,138.3
2025-11-13,AWS,EC2,us-west-2,Marketing,47.86,119.26
2025-11-13,AWS,EC2,eu-west-1,Finance,40.67,113.34
2025-11-13,AWS,Lambda,us-west-2,DevOps,4.97,8.68
2025-11-13,AWS,Lambda,eu-west-1,QA,5.03,12.39
2025-11-13,AWS,Lambda,ap-south-1,Marketing,4.71,7.29
2025-11-13,AWS,RDS,us-east-1,Engineering,27.63,92.52
2025-11-13,AWS,RDS,us-west-2,Finance,50.56,200.92
2025-11-13,AWS,RDS,eu-west-1,QA,42.49,130.35
2025-11-13,AWS,RDS,ap-south-1,Engineering,46.06,68.67
2025-11-13,AWS,S3,us-east-1,DevOps,6.96,13.54
2025-11-13,AWS,S3,us-west-2,Marketing,8.4,28.24
2025-11-13,AWS,S3,eu-west-1,Engineering,7.15,25.24
2025-11-13,AWS,S3,ap-south-1,QA,12.82,30.75
2025-11-13,Azure,Blob Storage,East US,DevOps,13.2,50.03
2025-11-13,Azure,Blob Storage,West Europe,Engineering,11.22,25.98
2025-11-13,Azure,Blob Storage,Southeast Asia,Engineering,15.36,58.74
2025-11-13,Azure,CDN,East US,Data Science,10.03,23.48
2025-11-13,Azure,CDN,Southeast Asia,Engineering,9.0,24.11
2025-11-13,Azure,Functions,Central India,QA,7.54,17.42
2025-11-13,Azure,Functions,Southeast Asia,QA,27.08,24.44
2025-11-13,Azure,SQL Database,East US,QA,36.77,121.14
2025-11-13,Azure,SQL Database,Central India,DevOps,43.55,156.75
2025-11-13,Azure,Virtual Machines,East US,DevOps,61.4,103.41
2025-11-13,Azure,Virtual Machines,West Europe,QA,72.33,224.54
2025-11-13,Azure,Virtual Machines,Central India,Data Science,39.84,117.73
2025-11-13,Azure,Virtual Machines,Southeast Asia,Marketing,45.05,86.56
2025-11-13,GCP,BigQuery,us-central1,QA,27.31,90.28
2025-11-13,GCP,BigQuery,europe-west1,DevOps,14.57,21.6
2025-11-13,GCP,Cloud CDN,us-central1,Finance,19.2,57.47
2025-11-13,GCP,Cloud Functions,us-central1,DevOps,8.76,19.79
2025-11-13,GCP,Cloud Functions,asia-south1,Finance,5.13,12.36
2025-11-13,GCP,Cloud Storage,us-central1,DevOps,10.23,35.07
2025-11-13,GCP,Cloud Storage,europe-west1,DevOps,6.59,26.8
2025-11-13,GCP,Cloud Storage,asia-south1,DevOps,13.97,29.46
2025-11-13,GCP,Compute Engine,us-central1,Finance,42.35,98.07
2025-11-13,GCP,Compute Engine,europe-west1,Finance,70.12,148.99
2025-11-13,GCP,Compute Engine,asia-south1,Marketing,63.9,154.11
2025-11-14,AWS,CloudFront,eu-west-1,QA,10.88,39.67
2025-11-14,AWS,EBS,us-west-2,Engineering,10.3,18.18
2025-11-14,AWS,EBS,eu-west-1,Engineering,13.55,24.72
2025-11-14,AWS,EBS,ap-south-1,Finance,10.39,36.97
2025-11-14,AWS,EC2,us-east-1,DevOps,45.89,134.04
2025-11-14,AWS,EC2,us-west-2,Marketing,41.52,107.18
2025-11-14,AWS,EC2,eu-west-1,Finance,40.21,102.12
2025-11-14,AWS,Lambda,us-west-2,DevOps,4.5,7.84
2025-11-14,AWS,Lambda,eu-west-1,QA,4.63,12.99
2025-11-14,AWS,Lambda,ap-south-1,Marketing,4.36,6.56
2025-11-14,AWS,RDS,us-east-1,Engineering,30.26,100.36
2025-11-14,AWS,RDS,us-west-2,Finance,39.85,146.87
2025-11-14,AWS,RDS,eu-west-1,QA,32.02,93.86
2025-11-14,AWS,RDS,ap-south-1,Engineering,49.28,76.36
2025-11-14,AWS,S3,us-east-1,DevOps,8.01,15.62
2025-11-14,AWS,S3,us-west-2,Marketing,6.63,22.49
2025-11-14,AWS,S3,eu-west-1,Engineering,7.2,27.62
2025-11-14,AWS,S3,ap-south-1,QA,10.88,26.53
2025-11-14,Azure,Blob Storage,East US,DevOps,12.17,47.62
2025-11-14,Azure,Blob Storage,West Europe,Engineering,10.81,29.75
2025-11-14,Azure,Blob Storage,Southeast Asia,Engineering,14.91,55.21
2025-11-14,Azure,CDN,East US,Data Science,12.79,29.99
2025-11-14,Azure,CDN,Southeast Asia,Engineering,7.87,20.34
2025-11-14,Azure,Functions,Central India,QA,6.65,15.06
2025-11-14,Azure,Functions,Southeast Asia,QA,9.77,26.24
2025-11-14,Azure,SQL Database,East US,QA,29.53,95.52
2025-11-14,Azure,SQL Database,Central India,DevOps,40.83,142.56
2025-11-14,Azure,Virtual Machines,East US,DevOps,57.04,81.33
2025-11-14,Azure,Virtual Machines,West Europe,QA,64.6,214.91
2025-11-14,Azure,Virtual Machines,Central India,Data Science,39.14,121.0
2025-11-14,Azure,Virtual Machines,Southeast Asia,Marketing,51.79,106.6
2025-11-14,GCP,BigQuery,us-central1,QA,23.63,76.25
2025-11-14,GCP,BigQuery,europe-west1,DevOps,15.61,23.07
2025-11-14,GCP,Cloud CDN,us-central1,Finance,18.96,57.13
2025-11-14,GCP,Cloud Functions,us-central1,DevOps,8.4,19.21
2025-11-14,GCP,Cloud Functions,asia-south1,Finance,5.57,13.42
2025-11-14,GCP,Cloud Storage,us-central1,DevOps,10.01,35.35
2025-11-14,GCP,Cloud Storage,europe-west1,DevOps,6.94,23.78
2025-11-14,GCP,Cloud Storage,asia-south1,DevOps,16.52,30.0
2025-11-14,GCP,Compute Engine,us-central1,Finance,36.62,80.22
2025-11-14,GCP,Compute Engine,europe-west1,Finance,85.99,157.28
2025-11-14,GCP,Compute Engine,asia-south1,Marketing,65.84,143.79
2025-11-15,AWS,CloudFront,eu-west-1,QA,11.89,43.98
2025-11-15,AWS,EBS,us-west-2,Engineering,11.85,20.62
2025-11-15,AWS,EBS,eu-west-1,Engineering,14.28,27.58
2025-11-15,AWS,EBS,ap-south-1,Finance,11.03,38.01
2025-11-15,AWS,EC2,us-east-1,DevOps,51.72,148.71
2025-11-15,AWS,EC2,us-west-2,Marketing,42.71,120.14
2025-11-15,AWS,EC2,eu-west-1,Finance,43.71,113.47
2025-11-15,AWS,Lambda,us-west-2,DevOps,3.99,7.17
2025-11-15,AWS,Lambda,eu-west-1,QA,4.44,11.4
2025-11-15,AWS,Lambda,ap-south-1,Marketing,4.27,6.19
2025-11-15,AWS,RDS,us-east-1,Engineering,26.31,77.38
2025-11-15,AWS,RDS,us-west-2,Finance,38.85,132.67
2025-11-15,AWS,RDS,eu-west-1,QA,33.28,96.76
2025-11-15,AWS,RDS,ap-south-1,Engineering,46.74,74.52
2025-11-15,AWS,S3,us-east-1,DevOps,8.03,17.38
2025-11-15,AWS,S3,us-west-2,Marketing,6.77,24.52
2025-11-15,AWS,S3,eu-west-1,Engineering,6.76,27.9
2025-11-15,AWS,S3,ap-south-1,QA,10.85,24.21
2025-11-15,Azure,Blob Storage,East US,DevOps,11.16,43.31
2025-11-15,Azure,Blob Storage,West Europe,Engineering,10.46,27.24
2025-11-15,Azure,Blob Storage,Southeast Asia,Engineering,13.95,47.71
2025-11-15,Azure,CDN,East US,Data Science,10.1,22.77
2025-11-15,Azure,CDN,Southeast Asia,Engineering,10.37,28.21
2025-11-15,Azure,Functions,Central India,QA,6.89,16.15
2025-11-15,Azure,Functions,Southeast Asia,QA,8.61,20.26
2025-11-15,Azure,SQL Database,East US,QA,31.35,100.2
2025-11-15,Azure,SQL Database,Central India,DevOps,34.72,130.53
2025-11-15,Azure,Virtual Machines,East US,DevOps,54.95,83.8
2025-11-15,Azure,Virtual Machines,West Europe,QA,68.11,230.09
2025-11-15,Azure,Virtual Machines,Central India,Data Science,42.69,139.87
2025-11-15,Azure,Virtual Machines,Southeast Asia,Marketing,40.09,81.01
2025-11-15,GCP,BigQuery,us-central1,QA,25.07,79.73
2025-11-15,GCP,BigQuery,europe-west1,DevOps,14.14,20.25
2025-11-15,GCP,Cloud CDN,us-central1,Finance,16.38,49.09
2025-11-15,GCP,Cloud Functions,us-central1,DevOps,9.16,24.43
2025-11-15,GCP,Cloud Functions,asia-south1,Finance,5.22,13.0
2025-11-15,GCP,Cloud Storage,us-central1,DevOps,8.86,29.45
2025-11-15,GCP,Cloud Storage,europe-west1,DevOps,6.41,24.85
2025-11-15,GCP,Cloud Storage,asia-south1,DevOps,15.9,29.82
2025-11-15,GCP,Compute Engine,us-central1,Finance,36.54,82.43
2025-11-15,GCP,Compute Engine,europe-west1,Finance,66.36,145.3
2025-11-15,GCP,Compute Engine,asia-south1,Marketing,76.8,170.38
2025-11-16,AWS,CloudFront,eu-west-1,QA,14.02,48.95
2025-11-16,AWS,EBS,us-west-2,Engineering,12.16,25.32
2025-11-16,AWS,EBS,eu-west-1,Engineering,12.53,25.76
2025-11-16,AWS,EBS,ap-south-1,Finance,9.46,38.1
2025-11-16,AWS,EC2,us-east-1,DevOps,48.36,149.32
2025-11-16,AWS,EC2,us-west-2,Marketing,42.93,120.09
2025-11-16,AWS,EC2,eu-west-1,Finance,44.23,108.04
2025-11-16,AWS,Lambda,us-west-2,DevOps,4.3,6.7
2025-11-16,AWS,Lambda,eu-west-1,QA,4.53,13.19
2025-11-16,AWS,Lambda,ap-south-1,Marketing,4.75,7.93
2025-11-16,AWS,RDS,us-east-1,Engineering,30.28,97.58
2025-11-16,AWS,RDS,us-west-2,Finance,41.64,164.38
2025-11-16,AWS,RDS,eu-west-1,QA,36.71,105.84
2025-11-16,AWS,RDS,ap-south-1,Engineering,56.63,86.59
2025-11-16,AWS,S3,us-east-1,DevOps,7.45,16.09
2025-11-16,AWS,S3,us-west-2,Marketing,7.43,22.38
2025-11-16,AWS,S3,eu-west-1,Engineering,6.5,22.2
2025-11-16,AWS,S3,ap-south-1,QA,13.44,29.56
2025-11-16,Azure,Blob Storage,East US,DevOps,14.08,48.13
2025-11-16,Azure,Blob Storage,West Europe,Engineering,9.54,22.12
2025-11-16,Azure,Blob Storage,Southeast Asia,Engineering,16.48,53.96
2025-11-16,Azure,CDN,East US,Data Science,9.67,19.97
2025-11-16,Azure,CDN,Southeast Asia,Engineering,10.35,24.56
2025-11-16,Azure,Functions,Central India,QA,8.81,21.92
2025-11-16,Azure,Functions,Southeast Asia,QA,10.16,27.01
2025-11-16,Azure,SQL Database,East US,QA,36.04,125.07
2025-11-16,Azure,SQL Database,Central India,DevOps,43.67,161.62
2025-11-16,Azure,Virtual Machines,East US,DevOps,56.62,88.06
2025-11-16,Azure,Virtual Machines,West Europe,QA,65.96,207.68
2025-11-16,Azure,Virtual Machines,Central India,Data Science,36.73,112.5
2025-11-16,Azure,Virtual Machines,Southeast Asia,Marketing,44.24,84.45
2025-11-16,GCP,BigQuery,us-central1,QA,25.85,86.34
2025-11-16,GCP,BigQuery,europe-west1,DevOps,15.23,25.06
2025-11-16,GCP,Cloud CDN,us-central1,Finance,16.84,47.68
2025-11-16,GCP,Cloud Functions,us-central1,DevOps,9.78,23.75
2025-11-16,GCP,Cloud Functions,asia-south1,Finance,4.68,13.1
2025-11-16,GCP,Cloud Storage,us-central1,DevOps,10.28,36.85
2025-11-16,GCP,Cloud Storage,europe-west1,DevOps,6.84,26.39
2025-11-16,GCP,Cloud Storage,asia-south1,DevOps,14.98,30.75
2025-11-16,GCP,Compute Engine,us-central1,Finance,41.96,84.73
2025-11-16,GCP,Compute Engine,europe-west1,Finance,73.89,161.75
2025-11-16,GCP,Compute Engine,asia-south1,Marketing,67.08,156.56
2025-11-17,AWS,CloudFront,eu-west-1,QA,13.38,50.09
2025-11-17,AWS,EBS,us-west-2,Engineering,13.64,26.62
2025-11-17,AWS,EBS,eu-west-1,Engineering,14.49,27.14
2025-11-17,AWS,EBS,ap-south-1,Finance,9.83,34.32
2025-11-17,AWS,EC2,us-east-1,DevOps,41.45,109.56
2025-11-17,AWS,EC2,us-west-2,Marketing,44.12,108.25
2025-11-17,AWS,EC2,eu-west-1,Finance,46.01,123.91
2025-11-17,AWS,Lambda,us-west-2,DevOps,4.54,7.87
2025-11-17,AWS,Lambda,eu-west-1,QA,5.32,14.81
2025-11-17,AWS,Lambda,ap-south-1,Marketing,4.43,7.43
2025-11-17,AWS,RDS,us-east-1,Engineering,26.52,88.54
2025-11-17,AWS,RDS,us-west-2,Finance,38.5,140.22
2025-11-17,AWS,RDS,eu-west-1,QA,31.35,91.68
2025-11-17,AWS,RDS,ap-south-1,Engineering,35.0,54.39
2025-11-17,AWS,S3,us-east-1,DevOps,7.41,17.0
2025-11-17,AWS,S3,us-west-2,Marketing,6.86,21.33
2025-11-17,AWS,S3,eu-west-1,Engineering,6.83,24.52
2025-11-17,AWS,S3,ap-south-1,QA,11.37,29.1
2025-11-17,Azure,Blob Storage,East US,DevOps,12.79,42.23
2025-11-17,Azure,Blob Storage,West Europe,Engineering,9.43,25.31
2025-11-17,Azure,Blob Storage,Southeast Asia,Engineering,16.65,53.84
2025-11-17,Azure,CDN,East US,Data Science,8.46,19.38
2025-11-17,Azure,CDN,Southeast Asia,Engineering,7.7,21.81
2025-11-17,Azure,Functions,Central India,QA,8.67,23.07
2025-11-17,Azure,Functions,Southeast Asia,QA,9.66,25.38
2025-11-17,Azure,SQL Database,East US,QA,33.98,102.0
2025-11-17,Azure,SQL Database,Central India,DevOps,42.98,155.94
2025-11-17,Azure,Virtual Machines,East US,DevOps,65.22,111.46
2025-11-17,Azure,Virtual Machines,West Europe,QA,52.13,176.17
2025-11-17,Azure,Virtual Machines,Central India,Data Science,42.66,120.95
2025-11-17,Azure,Virtual Machines,Southeast Asia,Marketing,42.7,80.65
2025-11-17,GCP,BigQuery,us-central1,QA,23.8,74.63
2025-11-17,GCP,BigQuery,europe-west1,DevOps,14.39,21.24
2025-11-17,GCP,Cloud CDN,us-central1,Finance,16.66,43.5
2025-11-17,GCP,Cloud Functions,us-central1,DevOps,9.13,20.67
2025-11-17,GCP,Cloud Functions,asia-south1,Finance,5.03,14.04
2025-11-17,GCP,Cloud Storage,us-central1,DevOps,10.49,40.33
2025-11-17,GCP,Cloud Storage,europe-west1,DevOps,6.27,22.24
2025-11-17,GCP,Cloud Storage,asia-south1,DevOps,13.41,27.34
2025-11-17,GCP,Compute Engine,us-central1,Finance,37.38,84.03
2025-11-17,GCP,Compute Engine,europe-west1,Finance,75.29,154.25
2025-11-17,GCP,Compute Engine,asia-south1,Marketing,72.68,155.96
2025-11-18,AWS,CloudFront,eu-west-1,QA,11.5,40.55
2025-11-18,AWS,EBS,us-west-2,Engineering,11.92,20.96
2025-11-18,AWS,EBS,eu-west-1,Engineering,12.12,25.27
2025-11-18,AWS,EBS,ap-south-1,Finance,11.26,39.84
2025-11-18,AWS,EC2,us-east-1,DevOps,48.4,144.55
2025-11-18,AWS,EC2,us-west-2,Marketing,41.91,116.36
2025-11-18,AWS,EC2,eu-west-1,Finance,66.95,89.37
2025-11-18,AWS,Lambda,us-west-2,DevOps,3.92,6.69
2025-11-18,AWS,Lambda,eu-west-1,QA,4.47,11.53
2025-11-18,AWS,Lambda,ap-south-1,Marketing,4.49,6.41
2025-11-18,AWS,RDS,us-east-1,Engineering,25.52,82.35
2025-11-18,AWS,RDS,us-west-2,Finance,41.48,142.5
2025-11-18,AWS,RDS,eu-west-1,QA,36.38,111.76
2025-11-18,AWS,RDS,ap-south-1,Engineering,122.41,71.29
2025-11-18,AWS,S3,us-east-1,DevOps,6.99,15.08
2025-11-18,AWS,S3,us-west-2,Marketing,5.52,17.84
2025-11-18,AWS,S3,eu-west-1,Engineering,5.84,24.07
2025-11-18,AWS,S3,ap-south-1,QA,10.59,27.43
2025-11-18,Azure,Blob Storage,East US,DevOps,11.11,43.7
2025-11-18,Azure,Blob Storage,West Europe,Engineering,10.32,25.08
2025-11-18,Azure,Blob Storage,Southeast Asia,Engineering,16.59,64.38
2025-11-18,Azure,CDN,East US,Data Science,11.62,27.86
2025-11-18,Azure,CDN,Southeast Asia,Engineering,9.33,24.48
2025-11-18,Azure,Functions,Central India,QA,8.16,20.09
2025-11-18,Azure,Functions,Southeast Asia,QA,9.78,25.37
2025-11-18,Azure,SQL Database,East US,QA,32.99,118.26
2025-11-18,Azure,SQL Database,Central India,DevOps,45.71,146.81
2025-11-18,Azure,Virtual Machines,East US,DevOps,52.9,83.55
2025-11-18,Azure,Virtual Machines,West Europe,QA,57.31,205.61
2025-11-18,Azure,Virtual Machines,Central India,Data Science,42.85,134.24
2025-11-18,Azure,Virtual Machines,Southeast Asia,Marketing,42.43,87.45
2025-11-18,GCP,BigQuery,us-central1,QA,25.96,77.65
2025-11-18,GCP,BigQuery,europe-west1,DevOps,14.13,22.95
2025-11-18,GCP,Cloud CDN,us-central1,Finance,16.61,46.69
2025-11-18,GCP,Cloud Functions,us-central1,DevOps,8.76,20.07
2025-11-18,GCP,Cloud Functions,asia-south1,Finance,5.01,13.59
2025-11-18,GCP,Cloud Storage,us-central1,DevOps,10.1,33.65
2025-11-18,GCP,Cloud Storage,europe-west1,DevOps,6.86,23.5
2025-11-18,GCP,Cloud Storage,asia-south1,DevOps,14.34,29.1
2025-11-18,GCP,Compute Engine,us-central1,Finance,41.78,85.96
2025-11-18,GCP,Compute Engine,europe-west1,Finance,68.7,129.06
2025-11-18,GCP,Compute Engine,asia-south1,Marketing,62.08,139.66
2025-11-19,AWS,CloudFront,eu-west-1,QA,11.63,39.94
2025-11-19,AWS,EBS,us-west-2,Engineering,11.57,23.68
2025-11-19,AWS,EBS,eu-west-1,Engineering,11.98,21.98
2025-11-19,AWS,EBS,ap-south-1,Finance,9.76,37.76
2025-11-19,AWS,EC2,us-east-1,DevOps,51.12,151.69
2025-11-19,AWS,EC2,us-west-2,Marketing,44.55,115.65
2025-11-19,AWS,EC2,eu-west-1,Finance,42.85,118.28
2025-11-19,AWS,Lambda,us-west-2,DevOps,3.81,5.81
2025-11-19,AWS,Lambda,eu-west-1,QA,4.73,12.09
2025-11-19,AWS,Lambda,ap-south-1,Marketing,4.97,7.62
2025-11-19,AWS,RDS,us-east-1,Engineering,26.32,79.48
2025-11-19,AWS,RDS,us-west-2,Finance,35.8,137.25
2025-11-19,AWS,RDS,eu-west-1,QA,37.06,119.72
2025-11-19,AWS,RDS,ap-south-1,Engineering,48.1,69.96
2025-11-19,AWS,S3,us-east-1,DevOps,6.64,15.46
2025-11-19,AWS,S3,us-west-2,Marketing,8.25,26.35
2025-11-19,AWS,S3,eu-west-1,Engineering,6.55,23.2
2025-11-19,AWS,S3,ap-south-1,QA,13.0,33.81
2025-11-19,Azure,Blob Storage,East US,DevOps,12.12,48.16
2025-11-19,Azure,Blob Storage,West Europe,Engineering,9.97,25.61
2025-11-19,Azure,Blob Storage,Southeast Asia,Engineering,17.16,67.08
2025-11-19,Azure,CDN,East US,Data Science,12.22,26.89
2025-11-19,Azure,CDN,Southeast Asia,Engineering,9.82,25.54
2025-11-19,Azure,Functions,Central India,QA,6.98,17.09
2025-11-19,Azure,Functions,Southeast Asia,QA,10.62,26.39
2025-11-19,Azure,SQL Database,East US,QA,30.69,99.11
2025-11-19,Azure,SQL Database,Central India,DevOps,39.88,143.03
2025-11-19,Azure,Virtual Machines,East US,DevOps,49.45,74.49
2025-11-19,Azure,Virtual Machines,West Europe,QA,66.46,219.54
2025-11-19,Azure,Virtual Machines,Central India,Data Science,40.3,132.05
2025-11-19,Azure,Virtual Machines,Southeast Asia,Marketing,44.65,84.49
2025-11-19,GCP,BigQuery,us-central1,QA,23.07,74.08
2025-11-19,GCP,BigQuery,europe-west1,DevOps,15.37,23.2
2025-11-19,GCP,Cloud CDN,us-central1,Finance,14.94,41.87
2025-11-19,GCP,Cloud Functions,us-central1,DevOps,9.88,26.28
2025-11-19,GCP,Cloud Functions,asia-south1,Finance,4.4,10.66
2025-11-19,GCP,Cloud Storage,us-central1,DevOps,8.57,29.67
2025-11-19,GCP,Cloud Storage,europe-west1,DevOps,6.68,23.37
2025-11-19,GCP,Cloud Storage,asia-south1,DevOps,15.61,32.04
2025-11-19,GCP,Compute Engine,us-central1,Finance,38.04,80.42
2025-11-19,GCP,Compute Engine,europe-west1,Finance,69.95,147.04
2025-11-19,GCP,Compute Engine,asia-south1,Marketing,68.17,167.2
2025-11-20,AWS,CloudFront,eu-west-1,QA,14.22,45.81
2025-11-20,AWS,EBS,us-west-2,Engineering,12.08,23.17
2025-11-20,AWS,EBS,eu-west-1,Engineering,14.16,27.7
2025-11-20,AWS,EBS,ap-south-1,Finance,8.87,34.53
2025-11-20,AWS,EC2,us-east-1,DevOps,49.85,152.32
2025-11-20,AWS,EC2,us-west-2,Marketing,42.05,109.72
2025-11-20,AWS,EC2,eu-west-1,Finance,40.56,111.03
2025-11-20,AWS,Lambda,us-west-2,DevOps,4.04,6.39
2025-11-20,AWS,Lambda,eu-west-1,QA,4.39,11.78
2025-11-20,AWS,Lambda,ap-south-1,Marketing,4.75,7.87
2025-11-20,AWS,RDS,us-east-1,Engineering,23.75,76.86
2025-11-20,AWS,RDS,us-west-2,Finance,39.11,157.13
2025-11-20,AWS,RDS,eu-west-1,QA,37.34,111.03
2025-11-20,AWS,RDS,ap-south-1,Engineering,42.78,63.0
2025-11-20,AWS,S3,us-east-1,DevOps,8.41,16.32
2025-11-20,AWS,S3,us-west-2,Marketing,6.5,19.37
2025-11-20,AWS,S3,eu-west-1,Engineering,5.33,18.62
2025-11-20,AWS,S3,ap-south-1,QA,11.53,28.89
2025-11-20,Azure,Blob Storage,East US,DevOps,10.89,39.97
2025-11-20,Azure,Blob Storage,West Europe,Engineering,9.81,23.62
2025-11-20,Azure,Blob Storage,Southeast Asia,Engineering,17.32,57.14
2025-11-20,Azure,CDN,East US,Data Science,10.35,21.58
2025-11-20,Azure,CDN,Southeast Asia,Engineering,9.43,23.5
2025-11-20,Azure,Functions,Central India,QA,8.55,18.87
2025-11-20,Azure,Functions,Southeast Asia,QA,10.24,25.09
2025-11-20,Azure,SQL Database,East US,QA,32.31,102.13
2025-11-20,Azure,SQL Database,Central India,DevOps,35.37,127.54
2025-11-20,Azure,Virtual Machines,East US,DevOps,59.39,91.71
2025-11-20,Azure,Virtual Machines,West Europe,QA,65.97,234.76
2025-11-20,Azure,Virtual Machines,Central India,Data Science,45.55,156.07
2025-11-20,Azure,Virtual Machines,Southeast Asia,Marketing,37.62,69.38
2025-11-20,GCP,BigQuery,us-central1,QA,25.82,88.38
2025-11-20,GCP,BigQuery,europe-west1,DevOps,14.97,23.98
2025-11-20,GCP,Cloud CDN,us-central1,Finance,17.57,52.31
2025-11-20,GCP,Cloud Functions,us-central1,DevOps,9.32,22.98
2025-11-20,GCP,Cloud Functions,asia-south1,Finance,5.74,15.43
2025-11-20,GCP,Cloud Storage,us-central1,DevOps,8.72,30.8
2025-11-20,GCP,Cloud Storage,europe-west1,DevOps,6.52,23.44
2025-11-20,GCP,Cloud Storage,asia-south1,DevOps,17.25,34.07
2025-11-20,GCP,Compute Engine,us-central1,Finance,37.12,73.8
2025-11-20,GCP,Compute Engine,europe-west1,Finance,78.01,147.03
2025-11-20,GCP,Compute Engine,asia-south1,Marketing,59.77,152.72
2025-11-21,AWS,CloudFront,eu-west-1,QA,11.11,38.01
2025-11-21,AWS,EBS,us-west-2,Engineering,11.09,22.33
2025-11-21,AWS,EBS,eu-west-1,Engineering,12.78,26.33
2025-11-21,AWS,EBS,ap-south-1,Finance,9.31,36.83
2025-11-21,AWS,EC2,us-east-1,DevOps,44.16,131.88
2025-11-21,AWS,EC2,us-west-2,Marketing,46.57,112.99
2025-11-21,AWS,EC2,eu-west-1,Finance,40.51,98.16
2025-11-21,AWS,Lambda,us-west-2,DevOps,4.36,6.99
2025-11-21,AWS,Lambda,eu-west-1,QA,4.97,12.15
2025-11-21,AWS,Lambda,ap-south-1,Marketing,5.16,8.86
2025-11-21,AWS,RDS,us-east-1,Engineering,22.44,66.35
2025-11-21,AWS,RDS,us-west-2,Finance,43.81,176.3
2025-11-21,AWS,RDS,eu-west-1,QA,36.65,125.25
2025-11-21,AWS,RDS,ap-south-1,Engineering,47.4,74.96
2025-11-21,AWS,S3,us-east-1,DevOps,6.87,13.47
2025-11-21,AWS,S3,us-west-2,Marketing,7.4,22.39
2025-11-21,AWS,S3,eu-west-1,Engineering,5.73,22.0
2025-11-21,AWS,S3,ap-south-1,QA,12.85,31.42
2025-11-21,Azure,Blob Storage,East US,DevOps,12.81,50.03
2025-11-21,Azure,Blob Storage,West Europe,Engineering,9.5,25.05
2025-11-21,Azure,Blob Storage,Southeast Asia,Engineering,13.26,47.49
2025-11-21,Azure,CDN,East US,Data Science,9.33,20.71
2025-11-21,Azure,CDN,Southeast Asia,Engineering,8.73,20.45
2025-11-21,Azure,Functions,Central India,QA,7.87,20.46
2025-11-21,Azure,Functions,Southeast Asia,QA,10.39,23.99
2025-11-21,Azure,SQL Database,East US,QA,30.72,110.43
2025-11-21,Azure,SQL Database,Central India,DevOps,38.27,139.84
2025-11-21,Azure,Virtual Machines,East US,DevOps,60.71,94.65
2025-11-21,Azure,Virtual Machines,West Europe,QA,63.66,229.49
2025-11-21,Azure,Virtual Machines,Central India,Data Science,44.46,126.2
2025-11-21,Azure,Virtual Machines,Southeast Asia,Marketing,37.22,75.47
2025-11-21,GCP,BigQuery,us-central1,QA,28.69,91.77
2025-11-21,GCP,BigQuery,europe-west1,DevOps,13.66,20.37
2025-11-21,GCP,Cloud CDN,us-central1,Finance,17.1,45.3
2025-11-21,GCP,Cloud Functions,us-central1,DevOps,8.83,20.35
2025-11-21,GCP,Cloud Functions,asia-south1,Finance,4.95,11.42
2025-11-21,GCP,Cloud Storage,us-central1,DevOps,9.11,30.39
2025-11-21,GCP,Cloud Storage,europe-west1,DevOps,6.43,26.08
2025-11-21,GCP,Cloud Storage,asia-south1,DevOps,14.47,26.38
2025-11-21,GCP,Compute Engine,us-central1,Finance,36.5,77.18
2025-11-21,GCP,Compute Engine,europe-west1,Finance,81.51,165.88
2025-11-21,GCP,Compute Engine,asia-south1,Marketing,59.21,151.53
2025-11-22,AWS,CloudFront,eu-west-1,QA,11.37,41.59
2025-11-22,AWS,EBS,us-west-2,Engineering,11.52,20.36
2025-11-22,AWS,EBS,eu-west-1,Engineering,12.86,23.6
2025-11-22,AWS,EBS,ap-south-1,Finance,9.07,33.85
2025-11-22,AWS,EC2,us-east-1,DevOps,41.37,129.07
2025-11-22,AWS,EC2,us-west-2,Marketing,47.58,114.12
2025-11-22,AWS,EC2,eu-west-1,Finance,41.99,114.54
2025-11-22,AWS,Lambda,us-west-2,DevOps,3.67,5.65
2025-11-22,AWS,Lambda,eu-west-1,QA,4.44,10.95
2025-11-22,AWS,Lambda,ap-south-1,Marketing,4.19,6.44
2025-11-22,AWS,RDS,us-east-1,Engineering,26.88,81.29
2025-11-22,AWS,RDS,us-west-2,Finance,39.42,160.69
2025-11-22,AWS,RDS,eu-west-1,QA,33.57,113.03
2025-11-22,AWS,RDS,ap-south-1,Engineering,44.98,69.67
2025-11-22,AWS,S3,us-east-1,DevOps,22.06,16.03
2025-11-22,AWS,S3,us-west-2,Marketing,6.35,21.67
2025-11-22,AWS,S3,eu-west-1,Engineering,5.63,22.87
2025-11-22,AWS,S3,ap-south-1,QA,11.03,25.32
2025-11-22,Azure,Blob Storage,East US,DevOps,13.9,47.66
2025-11-22,Azure,Blob Storage,West Europe,Engineering,9.2,24.21
2025-11-22,Azure,Blob Storage,Southeast Asia,Engineering,16.59,55.43
2025-11-22,Azure,CDN,East US,Data Science,11.58,26.31
2025-11-22,Azure,CDN,Southeast Asia,Engineering,8.33,19.77
2025-11-22,Azure,Functions,Central India,QA,7.97,17.62
2025-11-22,Azure,Functions,Southeast Asia,QA,7.68,18.78
2025-11-22,Azure,SQL Database,East US,QA,29.79,106.34
2025-11-22,Azure,SQL Database,Central India,DevOps,34.88,115.35
2025-11-22,Azure,Virtual Machines,East US,DevOps,62.51,102.07
2025-11-22,Azure,Virtual Machines,West Europe,QA,70.6,215.37
2025-11-22,Azure,Virtual Machines,Central India,Data Science,38.11,120.16
2025-11-22,Azure,Virtual Machines,Southeast Asia,Marketing,39.6,70.28
2025-11-22,GCP,BigQuery,us-central1,QA,22.56,72.59
2025-11-22,GCP,BigQuery,europe-west1,DevOps,16.47,27.23
2025-11-22,GCP,Cloud CDN,us-central1,Finance,16.49,42.69
2025-11-22,GCP,Cloud Functions,us-central1,DevOps,8.34,22.23
2025-11-22,GCP,Cloud Functions,asia-south1,Finance,5.0,11.63
2025-11-22,GCP,Cloud Storage,us-central1,DevOps,10.59,40.4
2025-11-22,GCP,Cloud Storage,europe-west1,DevOps,7.13,28.8
2025-11-22,GCP,Cloud Storage,asia-south1,DevOps,15.74,33.89
2025-11-22,GCP,Compute Engine,us-central1,Finance,36.49,77.62
2025-11-22,GCP,Compute Engine,europe-west1,Finance,60.53,113.0
2025-11-22,GCP,Compute Engine,asia-south1,Marketing,54.38,128.69
2025-11-23,AWS,CloudFront,eu-west-1,QA,11.61,43.99
2025-11-23,AWS,EBS,us-west-2,Engineering,11.72,24.2
2025-11-23,AWS,EBS,eu-west-1,Engineering,13.52,27.28
2025-11-23,AWS,EBS,ap-south-1,Finance,10.06,40.46
2025-11-23,AWS,EC2,us-east-1,DevOps,45.01,143.92
2025-11-23,AWS,EC2,us-west-2,Marketing,44.22,121.04
2025-11-23,AWS,EC2,eu-west-1,Finance,41.9,113.78
2025-11-23,AWS,Lambda,us-west-2,DevOps,3.89,6.34
2025-11-23,AWS,Lambda,eu-west-1,QA,4.59,11.46
2025-11-23,AWS,Lambda,ap-south-1,Marketing,4.28,7.26
2025-11-23,AWS,RDS,us-east-1,Engineering,26.82,79.79
2025-11-23,AWS,RDS,us-west-2,Finance,39.94,160.12
2025-11-23,AWS,RDS,eu-west-1,QA,34.45,109.68
2025-11-23,AWS,RDS,ap-south-1,Engineering,48.18,68.31
2025-11-23,AWS,S3,us-east-1,DevOps,6.82,13.63
2025-11-23,AWS,S3,us-west-2,Marketing,6.55,23.2
2025-11-23,AWS,S3,eu-west-1,Engineering,7.12,26.87
2025-11-23,AWS,S3,ap-south-1,QA,13.27,29.36
2025-11-23,Azure,Blob Storage,East US,DevOps,11.89,39.73
2025-11-23,Azure,Blob Storage,West Europe,Engineering,8.42,21.45
2025-11-23,Azure,Blob Storage,Southeast Asia,Engineering,15.99,62.55
2025-11-23,Azure,CDN,East US,Data Science,9.67,19.93
2025-11-23,Azure,CDN,Southeast Asia,Engineering,9.82,24.34
2025-11-23,Azure,Functions,Central India,QA,7.82,20.57
2025-11-23,Azure,Functions,Southeast Asia,QA,9.33,23.97
2025-11-23,Azure,SQL Database,East US,QA,29.13,98.37
2025-11-23,Azure,SQL Database,Central India,DevOps,46.0,164.16
2025-11-23,Azure,Virtual Machines,East US,DevOps,54.28,77.85
2025-11-23,Azure,Virtual Machines,West Europe,QA,66.23,202.21
2025-11-23,Azure,Virtual Machines,Central India,Data Science,42.64,132.05
2025-11-23,Azure,Virtual Machines,Southeast Asia,Marketing,37.92,65.35
2025-11-23,GCP,BigQuery,us-central1,QA,24.96,85.08
2025-11-23,GCP,BigQuery,europe-west1,DevOps,16.56,25.63
2025-11-23,GCP,Cloud CDN,us-central1,Finance,17.26,45.29
2025-11-23,GCP,Cloud Functions,us-central1,DevOps,8.68,22.93
2025-11-23,GCP,Cloud Functions,asia-south1,Finance,6.06,16.53
2025-11-23,GCP,Cloud Storage,us-central1,DevOps,9.66,37.01
2025-11-23,GCP,Cloud Storage,europe-west1,DevOps,6.52,22.44
2025-11-23,GCP,Cloud Storage,asia-south1,DevOps,14.5,30.61
2025-11-23,GCP,Compute Engine,us-central1,Finance,38.03,82.61
2025-11-23,GCP,Compute Engine,europe-west1,Finance,73.71,152.45
2025-11-23,GCP,Compute Engine,asia-south1,Marketing,57.82,131.16
2025-11-24,AWS,CloudFront,eu-west-1,QA,10.69,35.5
2025-11-24,AWS,EBS,us-west-2,Engineering,12.25,23.81
2025-11-24,AWS,EBS,eu-west-1,Engineering,12.73,26.7
2025-11-24,AWS,EBS,ap-south-1,Finance,9.06,37.82
2025-11-24,AWS,EC2,us-east-1,DevOps,58.11,164.82
2025-11-24,AWS,EC2,us-west-2,Marketing,45.35,118.65
2025-11-24,AWS,EC2,eu-west-1,Finance,42.19,111.24
2025-11-24,AWS,Lambda,us-west-2,DevOps,4.19,6.38
2025-11-24,AWS,Lambda,eu-west-1,QA,3.99,11.25
2025-11-24,AWS,Lambda,ap-south-1,Marketing,4.6,7.09
2025-11-24,AWS,RDS,us-east-1,Engineering,27.43,87.08
2025-11-24,AWS,RDS,us-west-2,Finance,40.9,137.53
2025-11-24,AWS,RDS,eu-west-1,QA,31.56,104.57
2025-11-24,AWS,RDS,ap-south-1,Engineering,40.88,60.4
2025-11-24,AWS,S3,us-east-1,DevOps,7.61,16.37
2025-11-24,AWS,S3,us-west-2,Marketing,6.1,20.15
2025-11-24,AWS,S3,eu-west-1,Engineering,6.56,27.33
2025-11-24,AWS,S3,ap-south-1,QA,12.67,27.47
2025-11-24,Azure,Blob Storage,East US,DevOps,11.95,43.29
2025-11-24,Azure,Blob Storage,West Europe,Engineering,9.94,23.75
2025-11-24,Azure,Blob Storage,Southeast Asia,Engineering,15.94,54.32
2025-11-24,Azure,CDN,East US,Data Science,11.3,25.8
2025-11-24,Azure,CDN,Southeast Asia,Engineering,9.51,24.94
2025-11-24,Azure,Functions,Central India,QA,6.62,16.23
2025-11-24,Azure,Functions,Southeast Asia,QA,8.26,22.45
2025-11-24,Azure,SQL Database,East US,QA,33.8,100.28
2025-11-24,Azure,SQL Database,Central India,DevOps,44.26,157.26
2025-11-24,Azure,Virtual Machines,East US,DevOps,54.21,83.71
2025-11-24,Azure,Virtual Machines,West Europe,QA,71.47,236.24
2025-11-24,Azure,Virtual Machines,Central India,Data Science,43.59,129.33
2025-11-24,Azure,Virtual Machines,Southeast Asia,Marketing,39.35,75.73
2025-11-24,GCP,BigQuery,us-central1,QA,21.71,68.28
2025-11-24,GCP,BigQuery,europe-west1,DevOps,31.65,20.37
2025-11-24,GCP,Cloud CDN,us-central1,Finance,17.29,45.16
2025-11-24,GCP,Cloud Functions,us-central1,DevOps,9.18,20.51
2025-11-24,GCP,Cloud Functions,asia-south1,Finance,4.73,12.23
2025-11-24,GCP,Cloud Storage,us-central1,DevOps,8.03,31.05
2025-11-24,GCP,Cloud Storage,europe-west1,DevOps,5.58,20.16
2025-11-24,GCP,Cloud Storage,asia-south1,DevOps,15.72,30.36
2025-11-24,GCP,Compute Engine,us-central1,Finance,36.77,83.71
2025-11-24,GCP,Compute Engine,europe-west1,Finance,71.84,140.67
2025-11-24,GCP,Compute Engine,asia-south1,Marketing,63.31,161.79
2025-11-25,AWS,CloudFront,eu-west-1,QA,11.45,38.86
2025-11-25,AWS,EBS,us-west-2,Engineering,11.01,22.02
2025-11-25,AWS,EBS,eu-west-1,Engineering,11.91,24.02
2025-11-25,AWS,EBS,ap-south-1,Finance,9.95,36.2
2025-11-25,AWS,EC2,us-east-1,DevOps,40.33,111.67
2025-11-25,AWS,EC2,us-west-2,Marketing,51.04,131.95
2025-11-25,AWS,EC2,eu-west-1,Finance,36.98,92.6
2025-11-25,AWS,Lambda,us-west-2,DevOps,4.45,7.56
2025-11-25,AWS,Lambda,eu-west-1,QA,4.01,10.75
2025-11-25,AWS,Lambda,ap-south-1,Marketing,5.17,7.64
2025-11-25,AWS,RDS,us-east-1,Engineering,26.62,77.01
2025-11-25,AWS,RDS,us-west-2,Finance,43.01,156.78
2025-11-25,AWS,RDS,eu-west-1,QA,36.05,111.26
2025-11-25,AWS,RDS,ap-south-1,Engineering,45.47,68.46
2025-11-25,AWS,S3,us-east-1,DevOps,6.63,14.54
2025-11-25,AWS,S3,us-west-2,Marketing,6.58,21.84
2025-11-25,AWS,S3,eu-west-1,Engineering,5.88,23.09
2025-11-25,AWS,S3,ap-south-1,QA,11.13,27.38
2025-11-25,Azure,Blob Storage,East US,DevOps,11.75,45.21
2025-11-25,Azure,Blob Storage,West Europe,Engineering,9.29,22.27
2025-11-25,Azure,Blob Storage,Southeast Asia,Engineering,15.54,55.8
2025-11-25,Azure,CDN,East US,Data Science,9.94,22.14
2025-11-25,Azure,CDN,Southeast Asia,Engineering,9.39,22.39
2025-11-25,Azure,Functions,Central India,QA,6.79,15.43
2025-11-25,Azure,Functions,Southeast Asia,QA,9.8,26.33
2025-11-25,Azure,SQL Database,East US,QA,31.58,108.82
2025-11-25,Azure,SQL Database,Central India,DevOps,45.05,152.8
2025-11-25,Azure,Virtual Machines,East US,DevOps,64.59,104.97
2025-11-25,Azure,Virtual Machines,West Europe,QA,50.91,172.06
2025-11-25,Azure,Virtual Machines,Central India,Data Science,40.59,130.45
2025-11-25,Azure,Virtual Machines,Southeast Asia,Marketing,43.06,74.18
2025-11-25,GCP,BigQuery,us-central1,QA,23.22,80.04
2025-11-25,GCP,BigQuery,europe-west1,DevOps,15.05,20.42
2025-11-25,GCP,Cloud CDN,us-central1,Finance,18.39,52.13
2025-11-25,GCP,Cloud Functions,us-central1,DevOps,8.28,20.77
2025-11-25,GCP,Cloud Functions,asia-south1,Finance,5.08,12.64
2025-11-25,GCP,Cloud Storage,us-central1,DevOps,11.12,40.96
2025-11-25,GCP,Cloud Storage,europe-west1,DevOps,6.09,24.76
2025-11-25,GCP,Cloud Storage,asia-south1,DevOps,11.86,23.36
2025-11-25,GCP,Compute Engine,us-central1,Finance,38.79,79.05
2025-11-25,GCP,Compute Engine,europe-west1,Finance,72.99,158.13
2025-11-25,GCP,Compute Engine,asia-south1,Marketing,70.65,176.08
2025-11-26,AWS,CloudFront,eu-west-1,QA,11.44,37.23
2025-11-26,AWS,EBS,us-west-2,Engineering,11.61,20.09
2025-11-26,AWS,EBS,eu-west-1,Engineering,12.38,24.56
2025-11-26,AWS,EBS,ap-south-1,Finance,9.15,36.31
2025-11-26,AWS,EC2,us-east-1,DevOps,42.85,123.58
2025-11-26,AWS,EC2,us-west-2,Marketing,39.5,108.15
2025-11-26,AWS,EC2,eu-west-1,Finance,37.92,92.96
2025-11-26,AWS,Lambda,us-west-2,DevOps,4.18,6.62
2025-11-26,AWS,Lambda,eu-west-1,QA,4.6,11.09
2025-11-26,AWS,Lambda,ap-south-1,Marketing,4.22,5.99
2025-11-26,AWS,RDS,us-east-1,Engineering,31.74,108.25
2025-11-26,AWS,RDS,us-west-2,Finance,34.07,135.34
2025-11-26,AWS,RDS,eu-west-1,QA,39.14,112.6
2025-11-26,AWS,RDS,ap-south-1,Engineering,46.44,69.24
2025-11-26,AWS,S3,us-east-1,DevOps,7.58,14.7
2025-11-26,AWS,S3,us-west-2,Marketing,6.62,20.73
2025-11-26,AWS,S3,eu-west-1,Engineering,6.79,23.53
2025-11-26,AWS,S3,ap-south-1,QA,10.23,25.61
2025-11-26,Azure,Blob Storage,East US,DevOps,11.77,43.98
2025-11-26,Azure,Blob Storage,West Europe,Engineering,9.23,22.71
2025-11-26,Azure,Blob Storage,Southeast Asia,Engineering,14.98,50.19
2025-11-26,Azure,CDN,East US,Data Science,10.34,23.14
2025-11-26,Azure,CDN,Southeast Asia,Engineering,9.76,27.76
2025-11-26,Azure,Functions,Central India,QA,7.19,17.32
2025-11-26,Azure,Functions,Southeast Asia,QA,8.01,18.29
2025-11-26,Azure,SQL Database,East US,QA,32.47,103.09
2025-11-26,Azure,SQL Database,Central India,DevOps,42.95,153.96
2025-11-26,Azure,Virtual Machines,East US,DevOps,58.2,87.92
2025-11-26,Azure,Virtual Machines,West Europe,QA,72.07,235.82
2025-11-26,Azure,Virtual Machines,Central India,Data Science,38.86,113.37
2025-11-26,Azure,Virtual Machines,Southeast Asia,Marketing,36.73,67.1
2025-11-26,GCP,BigQuery,us-central1,QA,26.22,76.63
2025-11-26,GCP,BigQuery,europe-west1,DevOps,17.0,27.79
2025-11-26,GCP,Cloud CDN,us-central1,Finance,18.0,52.65
2025-11-26,GCP,Cloud Functions,us-central1,DevOps,7.94,18.62
2025-11-26,GCP,Cloud Functions,asia-south1,Finance,4.46,11.94
2025-11-26,GCP,Cloud Storage,us-central1,DevOps,10.67,38.71
2025-11-26,GCP,Cloud Storage,europe-west1,DevOps,5.84,20.85
2025-11-26,GCP,Cloud Storage,asia-south1,DevOps,13.24,25.37
2025-11-26,GCP,Compute Engine,us-central1,Finance,33.3,77.43
2025-11-26,GCP,Compute Engine,europe-west1,Finance,70.43,151.71
2025-11-26,GCP,Compute Engine,asia-south1,Marketing,62.17,149.08
2025-11-27,AWS,CloudFront,eu-west-1,QA,11.07,40.15
2025-11-27,AWS,EBS,us-west-2,Engineering,9.94,18.28
2025-11-27,AWS,EBS,eu-west-1,Engineering,11.94,25.23
2025-11-27,AWS,EBS,ap-south-1,Finance,8.06,33.38
2025-11-27,AWS,EC2,us-east-1,DevOps,47.34,132.77
2025-11-27,AWS,EC2,us-west-2,Marketing,39.24,108.19
2025-11-27,AWS,EC2,eu-west-1,Finance,45.09,109.61
2025-11-27,AWS,Lambda,us-west-2,DevOps,4.2,6.77
2025-11-27,AWS,Lambda,eu-west-1,QA,4.11,11.35
2025-11-27,AWS,Lambda,ap-south-1,Marketing,4.51,6.87
2025-11-27,AWS,RDS,us-east-1,Engineering,27.07,82.13
2025-11-27,AWS,RDS,us-west-2,Finance,41.07,149.26
2025-11-27,AWS,RDS,eu-west-1,QA,35.91,123.07
2025-11-27,AWS,RDS,ap-south-1,Engineering,45.19,64.07
2025-11-27,AWS,S3,us-east-1,DevOps,7.08,16.43
2025-11-27,AWS,S3,us-west-2,Marketing,6.89,23.92
2025-11-27,AWS,S3,eu-west-1,Engineering,7.04,29.31
2025-11-27,AWS,S3,ap-south-1,QA,13.96,35.21
2025-11-27,Azure,Blob Storage,East US,DevOps,11.23,41.81
2025-11-27,Azure,Blob Storage,West Europe,Engineering,8.04,18.81
2025-11-27,Azure,Blob Storage,Southeast Asia,Engineering,16.32,56.62
2025-11-27,Azure,CDN,East US,Data Science,10.98,23.09
2025-11-27,Azure,CDN,Southeast Asia,Engineering,10.46,26.72
2025-11-27,Azure,Functions,Central India,QA,7.87,21.05
2025-11-27,Azure,Functions,Southeast Asia,QA,10.22,23.88
2025-11-27,Azure,SQL Database,East US,QA,32.01,102.75
2025-11-27,Azure,SQL Database,Central India,DevOps,36.15,115.1
2025-11-27,Azure,Virtual Machines,East US,DevOps,55.12,88.64
2025-11-27,Azure,Virtual Machines,West Europe,QA,60.16,192.87
2025-11-27,Azure,Virtual Machines,Central India,Data Science,36.63,109.63
2025-11-27,Azure,Virtual Machines,Southeast Asia,Marketing,37.2,68.66
2025-11-27,GCP,BigQuery,us-central1,QA,23.94,75.62
2025-11-27,GCP,BigQuery,europe-west1,DevOps,14.99,23.42
2025-11-27,GCP,Cloud CDN,us-central1,Finance,18.17,48.69
2025-11-27,GCP,Cloud Functions,us-central1,DevOps,8.47,21.06
2025-11-27,GCP,Cloud Functions,asia-south1,Finance,4.84,11.42
2025-11-27,GCP,Cloud Storage,us-central1,DevOps,8.69,29.98
2025-11-27,GCP,Cloud Storage,europe-west1,DevOps,6.94,28.76
2025-11-27,GCP,Cloud Storage,asia-south1,DevOps,14.56,29.3
2025-11-27,GCP,Compute Engine,us-central1,Finance,36.42,82.59
2025-11-27,GCP,Compute Engine,europe-west1,Finance,190.77,144.68
2025-11-27,GCP,Compute Engine,asia-south1,Marketing,63.82,160.49
2025-11-28,AWS,CloudFront,eu-west-1,QA,13.18,50.31
2025-11-28,AWS,EBS,us-west-2,Engineering,12.07,21.98
2025-11-28,AWS,EBS,eu-west-1,Engineering,14.14,30.7
2025-11-28,AWS,EBS,ap-south-1,Finance,9.95,39.34
2025-11-28,AWS,EC2,us-east-1,DevOps,123.99,136.08
2025-11-28,AWS,EC2,us-west-2,Marketing,45.93,112.05
2025-11-28,AWS,EC2,eu-west-1,Finance,39.57,97.95
2025-11-28,AWS,Lambda,us-west-2,DevOps,4.41,8.01
2025-11-28,AWS,Lambda,eu-west-1,QA,5.37,14.11
2025-11-28,AWS,Lambda,ap-south-1,Marketing,4.97,7.64
2025-11-28,AWS,RDS,us-east-1,Engineering,23.74,70.32
2025-11-28,AWS,RDS,us-west-2,Finance,38.37,146.2
2025-11-28,AWS,RDS,eu-west-1,QA,32.66,95.86
2025-11-28,AWS,RDS,ap-south-1,Engineering,45.22,74.33
2025-11-28,AWS,S3,us-east-1,DevOps,7.08,16.12
2025-11-28,AWS,S3,us-west-2,Marketing,6.75,23.35
2025-11-28,AWS,S3,eu-west-1,Engineering,6.79,25.23
2025-11-28,AWS,S3,ap-south-1,QA,11.58,29.69
2025-11-28,Azure,Blob Storage,East US,DevOps,13.29,43.5
2025-11-28,Azure,Blob Storage,West Europe,Engineering,9.46,23.07
2025-11-28,Azure,Blob Storage,Southeast Asia,Engineering,14.42,49.36
2025-11-28,Azure,CDN,East US,Data Science,10.97,22.36
2025-11-28,Azure,CDN,Southeast Asia,Engineering,8.66,21.7
2025-11-28,Azure,Functions,Central India,QA,6.65,15.55
2025-11-28,Azure,Functions,Southeast Asia,QA,10.61,28.57
2025-11-28,Azure,SQL Database,East US,QA,32.71,100.07
2025-11-28,Azure,SQL Database,Central India,DevOps,39.35,140.5
2025-11-28,Azure,Virtual Machines,East US,DevOps,57.71,88.52
2025-11-28,Azure,Virtual Machines,West Europe,QA,63.32,216.25
2025-11-28,Azure,Virtual Machines,Central India,Data Science,38.37,126.78
2025-11-28,Azure,Virtual Machines,Southeast Asia,Marketing,38.62,73.06
2025-11-28,GCP,BigQuery,us-central1,QA,26.24,77.55
2025-11-28,GCP,BigQuery,europe-west1,DevOps,12.74,17.66
2025-11-28,GCP,Cloud CDN,us-central1,Finance,15.57,40.08
2025-11-28,GCP,Cloud Functions,us-central1,DevOps,8.77,20.7
2025-11-28,GCP,Cloud Functions,asia-south1,Finance,4.89,11.96
2025-11-28,GCP,Cloud Storage,us-central1,DevOps,9.2,34.35
2025-11-28,GCP,Cloud Storage,europe-west1,DevOps,6.55,23.48
2025-11-28,GCP,Cloud Storage,asia-south1,DevOps,12.82,26.25
2025-11-28,GCP,Compute Engine,us-central1,Finance,42.93,89.27
2025-11-28,GCP,Compute Engine,europe-west1,Finance,81.07,156.74
2025-11-28,GCP,Compute Engine,asia-south1,Marketing,68.32,159.71
2025-11-29,AWS,CloudFront,eu-west-1,QA,10.8,38.81
2025-11-29,AWS,EBS,us-west-2,Engineering,11.38,23.67
2025-11-29,AWS,EBS,eu-west-1,Engineering,14.17,26.26
2025-11-29,AWS,EBS,ap-south-1,Finance,9.82,38.81
2025-11-29,AWS,EC2,us-east-1,DevOps,45.14,143.09
2025-11-29,AWS,EC2,us-west-2,Marketing,50.29,134.55
2025-11-29,AWS,EC2,eu-west-1,Finance,41.26,114.53
2025-11-29,AWS,Lambda,us-west-2,DevOps,4.6,7.73
2025-11-29,AWS,Lambda,eu-west-1,QA,3.83,10.26
2025-11-29,AWS,Lambda,ap-south-1,Marketing,4.51,7.74
2025-11-29,AWS,RDS,us-east-1,Engineering,24.27,76.12
2025-11-29,AWS,RDS,us-west-2,Finance,39.74,151.53
2025-11-29,AWS,RDS,eu-west-1,QA,37.31,128.9
2025-11-29,AWS,RDS,ap-south-1,Engineering,48.97,78.09
2025-11-29,AWS,S3,us-east-1,DevOps,7.61,15.56
2025-11-29,AWS,S3,us-west-2,Marketing,6.15,20.62
2025-11-29,AWS,S3,eu-west-1,Engineering,6.42,23.29
2025-11-29,AWS,S3,ap-south-1,QA,11.05,28.17
2025-11-29,Azure,Blob Storage,East US,DevOps,12.15,42.4
2025-11-29,Azure,Blob Storage,West Europe,Engineering,8.36,21.85
2025-11-29,Azure,Blob Storage,Southeast Asia,Engineering,17.03,60.84
2025-11-29,Azure,CDN,East US,Data Science,10.78,24.17
2025-11-29,Azure,CDN,Southeast Asia,Engineering,8.66,22.63
2025-11-29,Azure,Functions,Central India,QA,7.37,17.1
2025-11-29,Azure,Functions,Southeast Asia,QA,9.28,25.43
2025-11-29,Azure,SQL Database,East US,QA,30.94,102.05
2025-11-29,Azure,SQL Database,Central India,DevOps,43.21,153.17
2025-11-29,Azure,Virtual Machines,East US,DevOps,53.54,88.91
2025-11-29,Azure,Virtual Machines,West Europe,QA,69.2,206.94
2025-11-29,Azure,Virtual Machines,Central India,Data Science,36.66,113.75
2025-11-29,Azure,Virtual Machines,Southeast Asia,Marketing,37.36,76.91
2025-11-29,GCP,BigQuery,us-central1,QA,25.46,79.09
2025-11-29,GCP,BigQuery,europe-west1,DevOps,14.33,22.62
2025-11-29,GCP,Cloud CDN,us-central1,Finance,15.27,40.71
2025-11-29,GCP,Cloud Functions,us-central1,DevOps,9.76,23.23
2025-11-29,GCP,Cloud Functions,asia-south1,Finance,5.56,14.85
2025-11-29,GCP,Cloud Storage,us-central1,DevOps,9.29,33.27
2025-11-29,GCP,Cloud Storage,europe-west1,DevOps,6.92,27.31
2025-11-29,GCP,Cloud Storage,asia-south1,DevOps,14.68,27.2
2025-11-29,GCP,Compute Engine,us-central1,Finance,35.09,70.34
2025-11-29,GCP,Compute Engine,europe-west1,Finance,78.86,146.19
2025-11-29,GCP,Compute Engine,asia-south1,Marketing,60.93,132.47
2025-11-30,AWS,CloudFront,eu-west-1,QA,11.78,42.13
2025-11-30,AWS,EBS,us-west-2,Engineering,13.34,23.87
2025-11-30,AWS,EBS,eu-west-1,Engineering,12.05,24.77
2025-11-30,AWS,EBS,ap-south-1,Finance,10.11,36.43
2025-11-30,AWS,EC2,us-east-1,DevOps,53.32,144.9
2025-11-30,AWS,EC2,us-west-2,Marketing,42.62,103.44
2025-11-30,AWS,EC2,eu-west-1,Finance,43.69,102.74
2025-11-30,AWS,Lambda,us-west-2,DevOps,4.56,7.31
2025-11-30,AWS,Lambda,eu-west-1,QA,4.3,10.83
2025-11-30,AWS,Lambda,ap-south-1,Marketing,4.86,7.21
2025-11-30,AWS,RDS,us-east-1,Engineering,26.65,79.91
2025-11-30,AWS,RDS,us-west-2,Finance,42.56,154.62
2025-11-30,AWS,RDS,eu-west-1,QA,41.09,132.15
2025-11-30,AWS,RDS,ap-south-1,Engineering,38.67,58.38
2025-11-30,AWS,S3,us-east-1,DevOps,6.98,13.63
2025-11-30,AWS,S3,us-west-2,Marketing,6.66,20.67
2025-11-30,AWS,S3,eu-west-1,Engineering,6.64,25.45
2025-11-30,AWS,S3,ap-south-1,QA,13.08,34.08
2025-11-30,Azure,Blob Storage,East US,DevOps,12.02,47.38
2025-11-30,Azure,Blob Storage,West Europe,Engineering,9.06,24.34
2025-11-30,Azure,Blob Storage,Southeast Asia,Engineering,15.03,53.1
2025-11-30,Azure,CDN,East US,Data Science,11.95,26.6
2025-11-30,Azure,CDN,Southeast Asia,Engineering,8.6,20.42
2025-11-30,Azure,Functions,Central India,QA,7.37,16.56
2025-11-30,Azure,Functions,Southeast Asia,QA,9.69,22.22
2025-11-30,Azure,SQL Database,East US,QA,30.36,104.57
2025-11-30,Azure,SQL Database,Central India,DevOps,35.1,114.79
2025-11-30,Azure,Virtual Machines,East US,DevOps,56.84,81.86
2025-11-30,Azure,Virtual Machines,West Europe,QA,52.53,190.8
2025-11-30,Azure,Virtual Machines,Central India,Data Science,43.08,148.06
2025-11-30,Azure,Virtual Machines,Southeast Asia,Marketing,32.22,57.02
2025-11-30,GCP,BigQuery,us-central1,QA,24.62,72.13
2025-11-30,GCP,BigQuery,europe-west1,DevOps,13.88,19.76
2025-11-30,GCP,Cloud CDN,us-central1,Finance,18.06,50.17
2025-11-30,GCP,Cloud Functions,us-central1,DevOps,7.99,20.14
2025-11-30,GCP,Cloud Functions,asia-south1,Finance,4.77,11.46
2025-11-30,GCP,Cloud Storage,us-central1,DevOps,9.9,39.26
2025-11-30,GCP,Cloud Storage,europe-west1,DevOps,5.59,20.71
2025-11-30,GCP,Cloud Storage,asia-south1,DevOps,14.25,27.52
2025-11-30,GCP,Compute Engine,us-central1,Finance,36.95,71.63
2025-11-30,GCP,Compute Engine,europe-west1,Finance,71.6,143.83
2025-11-30,GCP,Compute Engine,asia-south1,Marketing,57.66,147.81
2025-12-01,AWS,CloudFront,eu-west-1,QA,11.08,39.15
2025-12-01,AWS,EBS,us-west-2,Engineering,11.93,23.71
2025-12-01,AWS,EBS,eu-west-1,Engineering,13.38,24.25
2025-12-01,AWS,EBS,ap-south-1,Finance,9.2,35.31
2025-12-01,AWS,EC2,us-east-1,DevOps,99.89,115.33
2025-12-01,AWS,EC2,us-west-2,Marketing,49.58,136.33
2025-12-01,AWS,EC2,eu-west-1,Finance,41.82,114.48
2025-12-01,AWS,Lambda,us-west-2,DevOps,3.41,5.85
2025-12-01,AWS,Lambda,eu-west-1,QA,4.6,12.42
2025-12-01,AWS,Lambda,ap-south-1,Marketing,5.19,8.0
2025-12-01,AWS,RDS,us-east-1,Engineering,25.73,81.3
2025-12-01,AWS,RDS,us-west-2,Finance,35.51,143.34
2025-12-01,AWS,RDS,eu-west-1,QA,35.23,107.36
2025-12-01,AWS,RDS,ap-south-1,Engineering,45.15,70.88
2025-12-01,AWS,S3,us-east-1,DevOps,6.43,12.8
2025-12-01,AWS,S3,us-west-2,Marketing,7.76,23.49
2025-12-01,AWS,S3,eu-west-1,Engineering,7.0,25.47
2025-12-01,AWS,S3,ap-south-1,QA,12.68,28.48
2025-12-01,Azure,Blob Storage,East US,DevOps,11.75,39.46
2025-12-01,Azure,Blob Storage,West Europe,Engineering,9.98,24.32
2025-12-01,Azure,Blob Storage,Southeast Asia,Engineering,13.11,45.48
2025-12-01,Azure,CDN,East US,Data Science,30.87,25.75
2025-12-01,Azure,CDN,Southeast Asia,Engineering,8.24,22.92
2025-12-01,Azure,Functions,Central India,QA,7.95,19.72
2025-12-01,Azure,Functions,Southeast Asia,QA,10.61,27.79
2025-12-01,Azure,SQL Database,East US,QA,29.53,92.57
2025-12-01,Azure,SQL Database,Central India,DevOps,42.07,155.31
2025-12-01,Azure,Virtual Machines,East US,DevOps,56.82,97.22
2025-12-01,Azure,Virtual Machines,West Europe,QA,62.0,194.89
2025-12-01,Azure,Virtual Machines,Central India,Data Science,39.35,120.29
2025-12-01,Azure,Virtual Machines,Southeast Asia,Marketing,36.29,66.32
2025-12-01,GCP,BigQuery,us-central1,QA,22.72,67.3
2025-12-01,GCP,BigQuery,europe-west1,DevOps,13.77,22.02
2025-12-01,GCP,Cloud CDN,us-central1,Finance,19.09,54.28
2025-12-01,GCP,Cloud Functions,us-central1,DevOps,8.97,22.34
2025-12-01,GCP,Cloud Functions,asia-south1,Finance,5.46,14.23
2025-12-01,GCP,Cloud Storage,us-central1,DevOps,9.66,38.29
2025-12-01,GCP,Cloud Storage,europe-west1,DevOps,6.48,22.64
2025-12-01,GCP,Cloud Storage,asia-south1,DevOps,12.39,24.94
2025-12-01,GCP,Compute Engine,us-central1,Finance,42.91,86.16
2025-12-01,GCP,Compute Engine,europe-west1,Finance,69.44,129.35
2025-12-01,GCP,Compute Engine,asia-south1,Marketing,58.25,138.22
2025-12-02,AWS,CloudFront,eu-west-1,QA,11.73,37.63
2025-12-02,AWS,EBS,us-west-2,Engineering,10.81,18.75
2025-12-02,AWS,EBS,eu-west-1,Engineering,12.65,22.75
2025-12-02,AWS,EBS,ap-south-1,Finance,9.13,35.23
2025-12-02,AWS,EC2,us-east-1,DevOps,45.94,127.97
2025-12-02,AWS,EC2,us-west-2,Marketing,43.96,118.69
2025-12-02,AWS,EC2,eu-west-1,Finance,42.14,104.97
2025-12-02,AWS,Lambda,us-west-2,DevOps,4.12,6.51
2025-12-02,AWS,Lambda,eu-west-1,QA,4.47,13.08
2025-12-02,AWS,Lambda,ap-south-1,Marketing,4.6,6.56
2025-12-02,AWS,RDS,us-east-1,Engineering,24.05,73.2
2025-12-02,AWS,RDS,us-west-2,Finance,36.13,135.01
2025-12-02,AWS,RDS,eu-west-1,QA,36.11,114.4
2025-12-02,AWS,RDS,ap-south-1,Engineering,81.9,66.12
2025-12-02,AWS,S3,us-east-1,DevOps,7.7,15.2
2025-12-02,AWS,S3,us-west-2,Marketing,7.7,23.14
2025-12-02,AWS,S3,eu-west-1,Engineering,6.29,21.85
2025-12-02,AWS,S3,ap-south-1,QA,12.91,32.19
2025-12-02,Azure,Blob Storage,East US,DevOps,10.76,40.75
2025-12-02,Azure,Blob Storage,West Europe,Engineering,9.44,22.54
2025-12-02,Azure,Blob Storage,Southeast Asia,Engineering,15.83,52.36
2025-12-02,Azure,CDN,East US,Data Science,12.24,25.69
2025-12-02,Azure,CDN,Southeast Asia,Engineering,9.75,25.15
2025-12-02,Azure,Functions,Central India,QA,7.89,17.62
2025-12-02,Azure,Functions,Southeast Asia,QA,11.03,27.03
2025-12-02,Azure,SQL Database,East US,QA,28.05,100.17
2025-12-02,Azure,SQL Database,Central India,DevOps,43.19,161.17
2025-12-02,Azure,Virtual Machines,East US,DevOps,59.34,87.55
2025-12-02,Azure,Virtual Machines,West Europe,QA,68.49,246.44
2025-12-02,Azure,Virtual Machines,Central India,Data Science,41.89,130.07
2025-12-02,Azure,Virtual Machines,Southeast Asia,Marketing,40.18,69.76
2025-12-02,GCP,BigQuery,us-central1,QA,26.14,77.23
2025-12-02,GCP,BigQuery,europe-west1,DevOps,14.8,22.77
2025-12-02,GCP,Cloud CDN,us-central1,Finance,17.96,49.93
2025-12-02,GCP,Cloud Functions,us-central1,DevOps,8.63,20.88
2025-12-02,GCP,Cloud Functions,asia-south1,Finance,6.22,15.73
2025-12-02,GCP,Cloud Storage,us-central1,DevOps,9.0,35.27
2025-12-02,GCP,Cloud Storage,europe-west1,DevOps,5.31,19.03
2025-12-02,GCP,Cloud Storage,asia-south1,DevOps,12.2,26.21
2025-12-02,GCP,Compute Engine,us-central1,Finance,38.95,88.95
2025-12-02,GCP,Compute Engine,europe-west1,Finance,68.84,130.89
2025-12-02,GCP,Compute Engine,asia-south1,Marketing,68.23,167.09
2025-12-03,AWS,CloudFront,eu-west-1,QA,11.07,40.46
2025-12-03,AWS,EBS,us-west-2,Engineering,10.61,19.04
2025-12-03,AWS,EBS,eu-west-1,Engineering,14.46,27.37
2025-12-03,AWS,EBS,ap-south-1,Finance,10.06,39.91
2025-12-03,AWS,EC2,us-east-1,DevOps,46.82,143.31
2025-12-03,AWS,EC2,us-west-2,Marketing,41.32,118.04
2025-12-03,AWS,EC2,eu-west-1,Finance,43.34,111.81
2025-12-03,AWS,Lambda,us-west-2,DevOps,4.39,6.75
2025-12-03,AWS,Lambda,eu-west-1,QA,4.2,10.27
2025-12-03,AWS,Lambda,ap-south-1,Marketing,4.66,7.74
2025-12-03,AWS,RDS,us-east-1,Engineering,26.58,77.27
2025-12-03,AWS,RDS,us-west-2,Finance,33.29,123.43
2025-12-03,AWS,RDS,eu-west-1,QA,36.49,115.75
2025-12-03,AWS,RDS,ap-south-1,Engineering,47.54,66.79
2025-12-03,AWS,S3,us-east-1,DevOps,6.61,13.02
2025-12-03,AWS,S3,us-west-2,Marketing,7.22,24.22
2025-12-03,AWS,S3,eu-west-1,Engineering,6.56,22.37
2025-12-03,AWS,S3,ap-south-1,QA,11.72,28.25
2025-12-03,Azure,Blob Storage,East US,DevOps,12.9,49.15
2025-12-03,Azure,Blob Storage,West Europe,Engineering,9.33,25.08
2025-12-03,Azure,Blob Storage,Southeast Asia,Engineering,14.24,50.97
2025-12-03,Azure,CDN,East US,Data Science,10.57,22.42
2025-12-03,Azure,CDN,Southeast Asia,Engineering,9.87,24.01
2025-12-03,Azure,Functions,Central India,QA,6.89,17.65
2025-12-03,Azure,Functions,Southeast Asia,QA,10.75,26.33
2025-12-03,Azure,SQL Database,East US,QA,28.83,88.87
2025-12-03,Azure,SQL Database,Central India,DevOps,48.08,157.24
2025-12-03,Azure,Virtual Machines,East US,DevOps,51.34,75.53
2025-12-03,Azure,Virtual Machines,West Europe,QA,60.35,184.78
2025-12-03,Azure,Virtual Machines,Central India,Data Science,44.33,133.13
2025-12-03,Azure,Virtual Machines,Southeast Asia,Marketing,42.51,81.39
2025-12-03,GCP,BigQuery,us-central1,QA,25.42,76.84
2025-12-03,GCP,BigQuery,europe-west1,DevOps,13.76,19.15
2025-12-03,GCP,Cloud CDN,us-central1,Finance,17.29,45.29
2025-12-03,GCP,Cloud Functions,us-central1,DevOps,8.68,19.77
2025-12-03,GCP,Cloud Functions,asia-south1,Finance,5.85,14.05
2025-12-03,GCP,Cloud Storage,us-central1,DevOps,10.54,37.12
2025-12-03,GCP,Cloud Storage,europe-west1,DevOps,5.21,20.31
2025-12-03,GCP,Cloud Storage,asia-south1,DevOps,14.64,27.67
2025-12-03,GCP,Compute Engine,us-central1,Finance,33.75,68.58
2025-12-03,GCP,Compute Engine,europe-west1,Finance,57.5,119.12
2025-12-03,GCP,Compute Engine,asia-south1,Marketing,63.41,146.25
2025-12-04,AWS,CloudFront,eu-west-1,QA,12.05,42.96
2025-12-04,AWS,EBS,us-west-2,Engineering,12.27,22.67
2025-12-04,AWS,EBS,eu-west-1,Engineering,15.43,33.41
2025-12-04,AWS,EBS,ap-south-1,Finance,10.96,45.94
2025-12-04,AWS,EC2,us-east-1,DevOps,43.2,128.88
2025-12-04,AWS,EC2,us-west-2,Marketing,40.32,96.47
2025-12-04,AWS,EC2,eu-west-1,Finance,33.67,91.59
2025-12-04,AWS,Lambda,us-west-2,DevOps,4.66,7.08
2025-12-04,AWS,Lambda,eu-west-1,QA,4.27,10.91
2025-12-04,AWS,Lambda,ap-south-1,Marketing,13.42,8.15
2025-12-04,AWS,RDS,us-east-1,Engineering,26.65,79.73
2025-12-04,AWS,RDS,us-west-2,Finance,37.74,154.97
2025-12-04,AWS,RDS,eu-west-1,QA,30.22,86.69
2025-12-04,AWS,RDS,ap-south-1,Engineering,41.9,60.32
2025-12-04,AWS,S3,us-east-1,DevOps,7.59,16.24
2025-12-04,AWS,S3,us-west-2,Marketing,7.35,25.77
2025-12-04,AWS,S3,eu-west-1,Engineering,6.42,24.09
2025-12-04,AWS,S3,ap-south-1,QA,13.62,30.73
2025-12-04,Azure,Blob Storage,East US,DevOps,13.39,50.77
2025-12-04,Azure,Blob Storage,West Europe,Engineering,8.88,24.13
2025-12-04,Azure,Blob Storage,Southeast Asia,Engineering,14.25,54.74
2025-12-04,Azure,CDN,East US,Data Science,10.83,23.66
2025-12-04,Azure,CDN,Southeast Asia,Engineering,9.69,23.48
2025-12-04,Azure,Functions,Central India,QA,8.38,22.09
2025-12-04,Azure,Functions,Southeast Asia,QA,9.9,25.64
2025-12-04,Azure,SQL Database,East US,QA,30.8,92.35
2025-12-04,Azure,SQL Database,Central India,DevOps,43.9,139.45
2025-12-04,Azure,Virtual Machines,East US,DevOps,57.45,96.9
2025-12-04,Azure,Virtual Machines,West Europe,QA,68.29,214.93
2025-12-04,Azure,Virtual Machines,Central India,Data Science,41.04,121.59
2025-12-04,Azure,Virtual Machines,Southeast Asia,Marketing,34.66,67.92
2025-12-04,GCP,BigQuery,us-central1,QA,21.82,63.43
2025-12-04,GCP,BigQuery,europe-west1,DevOps,15.29,21.04
2025-12-04,GCP,Cloud CDN,us-central1,Finance,16.9,50.41
2025-12-04,GCP,Cloud Functions,us-central1,DevOps,9.96,26.91
2025-12-04,GCP,Cloud Functions,asia-south1,Finance,3.97,10.92
2025-12-04,GCP,Cloud Storage,us-central1,DevOps,10.89,38.42
2025-12-04,GCP,Cloud Storage,europe-west1,DevOps,5.79,21.11
2025-12-04,GCP,Cloud Storage,asia-south1,DevOps,12.98,26.67
2025-12-04,GCP,Compute Engine,us-central1,Finance,41.09,80.81
2025-12-04,GCP,Compute Engine,europe-west1,Finance,74.73,154.65
2025-12-04,GCP,Compute Engine,asia-south1,Marketing,63.53,138.82
2025-12-05,AWS,CloudFront,eu-west-1,QA,12.31,44.42
2025-12-05,AWS,EBS,us-west-2,Engineering,13.36,27.01
2025-12-05,AWS,EBS,eu-west-1,Engineering,13.76,27.52
2025-12-05,AWS,EBS,ap-south-1,Finance,9.81,33.91
2025-12-05,AWS,EC2,us-east-1,DevOps,40.97,110.43
2025-12-05,AWS,EC2,us-west-2,Marketing,46.12,110.06
2025-12-05,AWS,EC2,eu-west-1,Finance,39.05,108.03
2025-12-05,AWS,Lambda,us-west-2,DevOps,4.32,7.92
2025-12-05,AWS,Lambda,eu-west-1,QA,4.27,10.81
2025-12-05,AWS,Lambda,ap-south-1,Marketing,4.19,6.26
2025-12-05,AWS,RDS,us-east-1,Engineering,30.22,93.68
2025-12-05,AWS,RDS,us-west-2,Finance,43.8,163.34
2025-12-05,AWS,RDS,eu-west-1,QA,33.6,103.46
2025-12-05,AWS,RDS,ap-south-1,Engineering,36.12,55.2
2025-12-05,AWS,S3,us-east-1,DevOps,16.57,15.93
2025-12-05,AWS,S3,us-west-2,Marketing,8.14,28.74
2025-12-05,AWS,S3,eu-west-1,Engineering,5.73,23.15
2025-12-05,AWS,S3,ap-south-1,QA,10.63,27.6
2025-12-05,Azure,Blob Storage,East US,DevOps,10.25,40.79
2025-12-05,Azure,Blob Storage,West Europe,Engineering,9.04,22.36
2025-12-05,Azure,Blob Storage,Southeast Asia,Engineering,16.67,62.59
2025-12-05,Azure,CDN,East US,Data Science,11.95,28.64
2025-12-05,Azure,CDN,Southeast Asia,Engineering,10.14,25.63
2025-12-05,Azure,Functions,Central India,QA,6.83,18.04
2025-12-05,Azure,Functions,Southeast Asia,QA,10.75,28.74
2025-12-05,Azure,SQL Database,East US,QA,27.72,93.65
2025-12-05,Azure,SQL Database,Central India,DevOps,42.42,150.29
2025-12-05,Azure,Virtual Machines,East US,DevOps,50.79,86.12
2025-12-05,Azure,Virtual Machines,West Europe,QA,67.27,211.57
2025-12-05,Azure,Virtual Machines,Central India,Data Science,44.26,150.13
2025-12-05,Azure,Virtual Machines,Southeast Asia,Marketing,34.72,64.84
2025-12-05,GCP,BigQuery,us-central1,QA,22.99,76.57
2025-12-05,GCP,BigQuery,europe-west1,DevOps,13.64,20.4
2025-12-05,GCP,Cloud CDN,us-central1,Finance,20.81,56.58
2025-12-05,GCP,Cloud Functions,us-central1,DevOps,8.95,20.67
2025-12-05,GCP,Cloud Functions,asia-south1,Finance,5.36,13.51
2025-12-05,GCP,Cloud Storage,us-central1,DevOps,9.54,37.02
2025-12-05,GCP,Cloud Storage,europe-west1,DevOps,6.72,25.85
2025-12-05,GCP,Cloud Storage,asia-south1,DevOps,13.81,26.21
2025-12-05,GCP,Compute Engine,us-central1,Finance,43.04,82.55
2025-12-05,GCP,Compute Engine,europe-west1,Finance,77.42,142.96
2025-12-05,GCP,Compute Engine,asia-south1,Marketing,58.45,131.48
2025-12-06,AWS,CloudFront,eu-west-1,QA,13.39,50.52
2025-12-06,AWS,EBS,us-west-2,Engineering,13.11,26.49
2025-12-06,AWS,EBS,eu-west-1,Engineering,25.13,23.59
2025-12-06,AWS,EBS,ap-south-1,Finance,10.16,35.38
2025-12-06,AWS,EC2,us-east-1,DevOps,47.45,150.61
2025-12-06,AWS,EC2,us-west-2,Marketing,40.83,102.23
2025-12-06,AWS,EC2,eu-west-1,Finance,42.3,105.29
2025-12-06,AWS,Lambda,us-west-2,DevOps,3.84,6.74
2025-12-06,AWS,Lambda,eu-west-1,QA,4.54,11.52
2025-12-06,AWS,Lambda,ap-south-1,Marketing,3.99,6.2
2025-12-06,AWS,RDS,us-east-1,Engineering,24.9,70.8
2025-12-06,AWS,RDS,us-west-2,Finance,39.33,137.42
2025-12-06,AWS,RDS,eu-west-1,QA,33.4,110.98
2025-12-06,AWS,RDS,ap-south-1,Engineering,47.98,77.05
2025-12-06,AWS,S3,us-east-1,DevOps,7.1,14.72
2025-12-06,AWS,S3,us-west-2,Marketing,7.33,23.96
2025-12-06,AWS,S3,eu-west-1,Engineering,7.08,27.2
2025-12-06,AWS,S3,ap-south-1,QA,11.38,29.1
2025-12-06,Azure,Blob Storage,East US,DevOps,12.77,45.43
2025-12-06,Azure,Blob Storage,West Europe,Engineering,10.68,24.37
2025-12-06,Azure,Blob Storage,Southeast Asia,Engineering,17.04,63.87
2025-12-06,Azure,CDN,East US,Data Science,10.23,23.58
2025-12-06,Azure,CDN,Southeast Asia,Engineering,9.04,23.85
2025-12-06,Azure,Functions,Central India,QA,24.07,18.4
2025-12-06,Azure,Functions,Southeast Asia,QA,8.81,21.19
2025-12-06,Azure,SQL Database,East US,QA,28.37,99.63
2025-12-06,Azure,SQL Database,Central India,DevOps,41.06,141.97
2025-12-06,Azure,Virtual Machines,East US,DevOps,64.63,93.75
2025-12-06,Azure,Virtual Machines,West Europe,QA,64.89,236.9
2025-12-06,Azure,Virtual Machines,Central India,Data Science,39.43,129.47
2025-12-06,Azure,Virtual Machines,Southeast Asia,Marketing,38.46,68.41
2025-12-06,GCP,BigQuery,us-central1,QA,19.45,57.58
2025-12-06,GCP,BigQuery,europe-west1,DevOps,13.13,21.5
2025-12-06,GCP,Cloud CDN,us-central1,Finance,18.12,49.48
2025-12-06,GCP,Cloud Functions,us-central1,DevOps,8.27,20.97
2025-12-06,GCP,Cloud Functions,asia-south1,Finance,5.82,15.17
2025-12-06,GCP,Cloud Storage,us-central1,DevOps,9.17,34.75
2025-12-06,GCP,Cloud Storage,europe-west1,DevOps,5.53,19.62
2025-12-06,GCP,Cloud Storage,asia-south1,DevOps,15.11,27.17
2025-12-06,GCP,Compute Engine,us-central1,Finance,39.35,80.06
2025-12-06,GCP,Compute Engine,europe-west1,Finance,73.92,148.49
2025-12-06,GCP,Compute Engine,asia-south1,Marketing,69.89,149.69
2025-12-07,AWS,CloudFront,eu-west-1,QA,11.51,42.51
2025-12-07,AWS,EBS,us-west-2,Engineering,10.62,22.1
2025-12-07,AWS,EBS,eu-west-1,Engineering,11.86,21.75
2025-12-07,AWS,EBS,ap-south-1,Finance,9.61,33.55
2025-12-07,AWS,EC2,us-east-1,DevOps,53.38,165.41
2025-12-07,AWS,EC2,us-west-2,Marketing,44.5,110.95
2025-12-07,AWS,EC2,eu-west-1,Finance,45.47,115.9
2025-12-07,AWS,Lambda,us-west-2,DevOps,3.89,6.94
2025-12-07,AWS,Lambda,eu-west-1,QA,5.4,14.06
2025-12-07,AWS,Lambda,ap-south-1,Marketing,4.6,6.7
2025-12-07,AWS,RDS,us-east-1,Engineering,26.05,86.17
2025-12-07,AWS,RDS,us-west-2,Finance,35.59,133.23
2025-12-07,AWS,RDS,eu-west-1,QA,37.26,118.4
2025-12-07,AWS,RDS,ap-south-1,Engineering,44.34,60.96
2025-12-07,AWS,S3,us-east-1,DevOps,8.04,18.82
2025-12-07,AWS,S3,us-west-2,Marketing,7.39,25.73
2025-12-07,AWS,S3,eu-west-1,Engineering,7.71,32.11
2025-12-07,AWS,S3,ap-south-1,QA,12.32,27.02
2025-12-07,Azure,Blob Storage,East US,DevOps,12.96,48.67
2025-12-07,Azure,Blob Storage,West Europe,Engineering,10.1,26.45
2025-12-07,Azure,Blob Storage,Southeast Asia,Engineering,15.77,55.12
2025-12-07,Azure,CDN,East US,Data Science,10.46,24.5
2025-12-07,Azure,CDN,Southeast Asia,Engineering,9.27,23.69
2025-12-07,Azure,Functions,Central India,QA,7.24,17.82
2025-12-07,Azure,Functions,Southeast Asia,QA,9.06,23.75
2025-12-07,Azure,SQL Database,East US,QA,34.66,124.12
2025-12-07,Azure,SQL Database,Central India,DevOps,42.88,146.69
2025-12-07,Azure,Virtual Machines,East US,DevOps,54.52,93.12
2025-12-07,Azure,Virtual Machines,West Europe,QA,67.34,201.49
2025-12-07,Azure,Virtual Machines,Central India,Data Science,41.96,126.87
2025-12-07,Azure,Virtual Machines,Southeast Asia,Marketing,32.09,61.6
2025-12-07,GCP,BigQuery,us-central1,QA,22.33,68.84
2025-12-07,GCP,BigQuery,europe-west1,DevOps,15.91,24.26
2025-12-07,GCP,Cloud CDN,us-central1,Finance,16.78,50.51
2025-12-07,GCP,Cloud Functions,us-central1,DevOps,9.59,21.71
2025-12-07,GCP,Cloud Functions,asia-south1,Finance,4.85,11.77
2025-12-07,GCP,Cloud Storage,us-central1,DevOps,10.87,41.01
2025-12-07,GCP,Cloud Storage,europe-west1,DevOps,6.02,22.46
2025-12-07,GCP,Cloud Storage,asia-south1,DevOps,14.34,29.6
2025-12-07,GCP,Compute Engine,us-central1,Finance,37.79,75.58
2025-12-07,GCP,Compute Engine,europe-west1,Finance,72.88,148.99
2025-12-07,GCP,Compute Engine,asia-south1,Marketing,72.66,157.12
2025-12-08,AWS,CloudFront,eu-west-1,QA,13.69,50.54
2025-12-08,AWS,EBS,us-west-2,Engineering,11.99,24.81
2025-12-08,AWS,EBS,eu-west-1,Engineering,13.37,28.69
2025-12-08,AWS,EBS,ap-south-1,Finance,8.68,34.71
2025-12-08,AWS,EC2,us-east-1,DevOps,48.32,128.02
2025-12-08,AWS,EC2,us-west-2,Marketing,50.01,124.31
2025-12-08,AWS,EC2,eu-west-1,Finance,41.31,104.29
2025-12-08,AWS,Lambda,us-west-2,DevOps,3.92,7.22
2025-12-08,AWS,Lambda,eu-west-1,QA,4.72,13.4
2025-12-08,AWS,Lambda,ap-south-1,Marketing,4.33,6.76
2025-12-08,AWS,RDS,us-east-1,Engineering,30.48,98.0
2025-12-08,AWS,RDS,us-west-2,Finance,38.47,152.66
2025-12-08,AWS,RDS,eu-west-1,QA,37.06,111.51
2025-12-08,AWS,RDS,ap-south-1,Engineering,46.79,77.75
2025-12-08,AWS,S3,us-east-1,DevOps,7.66,16.93
2025-12-08,AWS,S3,us-west-2,Marketing,6.17,22.14
2025-12-08,AWS,S3,eu-west-1,Engineering,6.18,22.41
2025-12-08,AWS,S3,ap-south-1,QA,13.12,28.12
2025-12-08,Azure,Blob Storage,East US,DevOps,13.42,45.64
2025-12-08,Azure,Blob Storage,West Europe,Engineering,9.19,24.47
2025-12-08,Azure,Blob Storage,Southeast Asia,Engineering,13.4,50.14
2025-12-08,Azure,CDN,East US,Data Science,10.89,23.86
2025-12-08,Azure,CDN,Southeast Asia,Engineering,9.5,25.18
2025-12-08,Azure,Functions,Central India,QA,7.7,17.22
2025-12-08,Azure,Functions,Southeast Asia,QA,10.35,26.76
2025-12-08,Azure,SQL Database,East US,QA,32.69,113.06
2025-12-08,Azure,SQL Database,Central India,DevOps,43.25,157.97
2025-12-08,Azure,Virtual Machines,East US,DevOps,49.14,74.08
2025-12-08,Azure,Virtual Machines,West Europe,QA,71.21,243.11
2025-12-08,Azure,Virtual Machines,Central India,Data Science,41.53,135.09
2025-12-08,Azure,Virtual Machines,Southeast Asia,Marketing,37.24,70.34
2025-12-08,GCP,BigQuery,us-central1,QA,24.52,69.46
2025-12-08,GCP,BigQuery,europe-west1,DevOps,14.18,22.45
2025-12-08,GCP,Cloud CDN,us-central1,Finance,19.84,58.64
2025-12-08,GCP,Cloud Functions,us-central1,DevOps,9.58,24.55
2025-12-08,GCP,Cloud Functions,asia-south1,Finance,5.18,12.82
2025-12-08,GCP,Cloud Storage,us-central1,DevOps,7.98,27.64
2025-12-08,GCP,Cloud Storage,europe-west1,DevOps,6.63,25.04
2025-12-08,GCP,Cloud Storage,asia-south1,DevOps,14.01,28.24
2025-12-08,GCP,Compute Engine,us-central1,Finance,34.17,66.69
2025-12-08,GCP,Compute Engine,europe-west1,Finance,74.47,144.32
2025-12-08,GCP,Compute Engine,asia-south1,Marketing,64.4,142.84
2025-12-09,AWS,CloudFront,eu-west-1,QA,11.39,43.2
2025-12-09,AWS,EBS,us-west-2,Engineering,12.92,22.61
2025-12-09,AWS,EBS,eu-west-1,Engineering,13.0,25.03
2025-12-09,AWS,EBS,ap-south-1,Finance,10.72,37.9
2025-12-09,AWS,EC2,us-east-1,DevOps,47.36,142.89
2025-12-09,AWS,EC2,us-west-2,Marketing,43.49,123.12
2025-12-09,AWS,EC2,eu-west-1,Finance,38.48,89.23
2025-12-09,AWS,Lambda,us-west-2,DevOps,4.27,7.8
2025-12-09,AWS,Lambda,eu-west-1,QA,5.15,14.9
2025-12-09,AWS,Lambda,ap-south-1,Marketing,4.96,7.24
2025-12-09,AWS,RDS,us-east-1,Engineering,27.86,89.2
2025-12-09,AWS,RDS,us-west-2,Finance,35.42,139.58
2025-12-09,AWS,RDS,eu-west-1,QA,34.84,106.84
2025-12-09,AWS,RDS,ap-south-1,Engineering,50.9,76.43
2025-12-09,AWS,S3,us-east-1,DevOps,6.99,16.24
2025-12-09,AWS,S3,us-west-2,Marketing,6.45,20.29
2025-12-09,AWS,S3,eu-west-1,Engineering,7.19,26.03
2025-12-09,AWS,S3,ap-south-1,QA,12.69,31.18
2025-12-09,Azure,Blob Storage,East US,DevOps,13.4,47.57
2025-12-09,Azure,Blob Storage,West Europe,Engineering,9.5,21.63
2025-12-09,Azure,Blob Storage,Southeast Asia,Engineering,16.73,59.66
2025-12-09,Azure,CDN,East US,Data Science,10.9,23.98
2025-12-09,Azure,CDN,Southeast Asia,Engineering,8.76,23.71
2025-12-09,Azure,Functions,Central India,QA,7.77,19.17
2025-12-09,Azure,Functions,Southeast Asia,QA,9.69,24.49
2025-12-09,Azure,SQL Database,East US,QA,31.08,95.91
2025-12-09,Azure,SQL Database,Central India,DevOps,34.54,131.15
2025-12-09,Azure,Virtual Machines,East US,DevOps,69.54,112.42
2025-12-09,Azure,Virtual Machines,West Europe,QA,67.94,242.34
2025-12-09,Azure,Virtual Machines,Central India,Data Science,38.72,132.41
2025-12-09,Azure,Virtual Machines,Southeast Asia,Marketing,33.38,58.44
2025-12-09,GCP,BigQuery,us-central1,QA,23.12,66.78
2025-12-09,GCP,BigQuery,europe-west1,DevOps,15.48,23.16
2025-12-09,GCP,Cloud CDN,us-central1,Finance,19.57,57.18
2025-12-09,GCP,Cloud Functions,us-central1,DevOps,8.31,18.86
2025-12-09,GCP,Cloud Functions,asia-south1,Finance,5.11,11.87
2025-12-09,GCP,Cloud Storage,us-central1,DevOps,9.03,34.89
2025-12-09,GCP,Cloud Storage,europe-west1,DevOps,6.49,24.03
2025-12-09,GCP,Cloud Storage,asia-south1,DevOps,12.8,25.12
2025-12-09,GCP,Compute Engine,us-central1,Finance,38.32,88.59
2025-12-09,GCP,Compute Engine,europe-west1,Finance,68.97,150.58
2025-12-09,GCP,Compute Engine,asia-south1,Marketing,68.46,163.33
2025-12-10,AWS,CloudFront,eu-west-1,QA,12.0,46.04
2025-12-10,AWS,EBS,us-west-2,Engineering,10.63,21.64
2025-12-10,AWS,EBS,eu-west-1,Engineering,11.7,22.26
2025-12-10,AWS,EBS,ap-south-1,Finance,10.72,41.89
2025-12-10,AWS,EC2,us-east-1,DevOps,129.75,146.85
2025-12-10,AWS,EC2,us-west-2,Marketing,49.52,123.14
2025-12-10,AWS,EC2,eu-west-1,Finance,38.76,95.5
2025-12-10,AWS,Lambda,us-west-2,DevOps,4.03,7.09
2025-12-10,AWS,Lambda,eu-west-1,QA,4.92,12.36
2025-12-10,AWS,Lambda,ap-south-1,Marketing,4.71,7.46
2025-12-10,AWS,RDS,us-east-1,Engineering,25.25,79.97
2025-12-10,AWS,RDS,us-west-2,Finance,36.76,145.21
2025-12-10,AWS,RDS,eu-west-1,QA,33.71,114.65
2025-12-10,AWS,RDS,ap-south-1,Engineering,47.26,69.59
2025-12-10,AWS,S3,us-east-1,DevOps,16.22,16.37
2025-12-10,AWS,S3,us-west-2,Marketing,7.09,22.88
2025-12-10,AWS,S3,eu-west-1,Engineering,6.25,22.07
2025-12-10,AWS,S3,ap-south-1,QA,12.03,29.08
2025-12-10,Azure,Blob Storage,East US,DevOps,14.86,53.77
2025-12-10,Azure,Blob Storage,West Europe,Engineering,9.81,25.2
2025-12-10,Azure,Blob Storage,Southeast Asia,Engineering,15.72,52.49
2025-12-10,Azure,CDN,East US,Data Science,10.71,22.06
2025-12-10,Azure,CDN,Southeast Asia,Engineering,8.32,22.72
2025-12-10,Azure,Functions,Central India,QA,7.79,20.14
2025-12-10,Azure,Functions,Southeast Asia,QA,10.24,26.32
2025-12-10,Azure,SQL Database,East US,QA,38.28,137.67
2025-12-10,Azure,SQL Database,Central India,DevOps,42.29,146.13
2025-12-10,Azure,Virtual Machines,East US,DevOps,54.8,79.07
2025-12-10,Azure,Virtual Machines,West Europe,QA,69.98,240.44
2025-12-10,Azure,Virtual Machines,Central India,Data Science,40.19,115.02
2025-12-10,Azure,Virtual Machines,Southeast Asia,Marketing,43.19,79.42
2025-12-10,GCP,BigQuery,us-central1,QA,23.68,80.14
2025-12-10,GCP,BigQuery,europe-west1,DevOps,13.51,19.87
2025-12-10,GCP,Cloud CDN,us-central1,Finance,15.3,39.46
2025-12-10,GCP,Cloud Functions,us-central1,DevOps,8.21,19.19
2025-12-10,GCP,Cloud Functions,asia-south1,Finance,5.67,14.43
2025-12-10,GCP,Cloud Storage,us-central1,DevOps,10.53,38.77
2025-12-10,GCP,Cloud Storage,europe-west1,DevOps,7.19,25.45
2025-12-10,GCP,Cloud Storage,asia-south1,DevOps,16.39,33.21
2025-12-10,GCP,Compute Engine,us-central1,Finance,36.06,72.91
2025-12-10,GCP,Compute Engine,europe-west1,Finance,71.42,135.29
2025-12-10,GCP,Compute Engine,asia-south1,Marketing,60.75,157.3
2025-12-11,AWS,CloudFront,eu-west-1,QA,14.03,49.82
2025-12-11,AWS,EBS,us-west-2,Engineering,12.96,24.51
2025-12-11,AWS,EBS,eu-west-1,Engineering,13.37,28.35
2025-12-11,AWS,EBS,ap-south-1,Finance,10.62,39.08
2025-12-11,AWS,EC2,us-east-1,DevOps,46.52,132.81
2025-12-11,AWS,EC2,us-west-2,Marketing,40.67,101.61
2025-12-11,AWS,EC2,eu-west-1,Finance,44.64,113.73
2025-12-11,AWS,Lambda,us-west-2,DevOps,3.18,5.56
2025-12-11,AWS,Lambda,eu-west-1,QA,5.18,13.95
2025-12-11,AWS,Lambda,ap-south-1,Marketing,5.0,8.24
2025-12-11,AWS,RDS,us-east-1,Engineering,25.82,82.49
2025-12-11,AWS,RDS,us-west-2,Finance,41.88,162.89
2025-12-11,AWS,RDS,eu-west-1,QA,30.71,97.86
2025-12-11,AWS,RDS,ap-south-1,Engineering,46.75,67.91
2025-12-11,AWS,S3,us-east-1,DevOps,6.79,14.13
2025-12-11,AWS,S3,us-west-2,Marketing,6.68,23.91
2025-12-11,AWS,S3,eu-west-1,Engineering,6.81,24.06
2025-12-11,AWS,S3,ap-south-1,QA,11.71,30.14
2025-12-11,Azure,Blob Storage,East US,DevOps,12.73,43.5
2025-12-11,Azure,Blob Storage,West Europe,Engineering,10.01,25.67
2025-12-11,Azure,Blob Storage,Southeast Asia,Engineering,18.0,63.6
2025-12-11,Azure,CDN,East US,Data Science,10.2,23.3
2025-12-11,Azure,CDN,Southeast Asia,Engineering,9.25,23.58
2025-12-11,Azure,Functions,Central India,QA,8.12,19.9
2025-12-11,Azure,Functions,Southeast Asia,QA,10.49,23.86
2025-12-11,Azure,SQL Database,East US,QA,28.26,100.56
2025-12-11,Azure,SQL Database,Central India,DevOps,32.93,103.03
2025-12-11,Azure,Virtual Machines,East US,DevOps,57.93,89.29
2025-12-11,Azure,Virtual Machines,West Europe,QA,60.87,196.62
2025-12-11,Azure,Virtual Machines,Central India,Data Science,46.11,137.44
2025-12-11,Azure,Virtual Machines,Southeast Asia,Marketing,36.7,67.89
2025-12-11,GCP,BigQuery,us-central1,QA,28.33,94.82
2025-12-11,GCP,BigQuery,europe-west1,DevOps,14.47,23.19
2025-12-11,GCP,Cloud CDN,us-central1,Finance,15.67,46.06
2025-12-11,GCP,Cloud Functions,us-central1,DevOps,9.43,23.97
2025-12-11,GCP,Cloud Functions,asia-south1,Finance,5.09,12.6
2025-12-11,GCP,Cloud Storage,us-central1,DevOps,10.91,39.11
2025-12-11,GCP,Cloud Storage,europe-west1,DevOps,6.14,22.95
2025-12-11,GCP,Cloud Storage,asia-south1,DevOps,15.66,32.99
2025-12-11,GCP,Compute Engine,us-central1,Finance,40.23,76.88
2025-12-11,GCP,Compute Engine,europe-west1,Finance,73.8,142.58
2025-12-11,GCP,Compute Engine,asia-south1,Marketing,70.92,178.66
2025-12-12,AWS,CloudFront,eu-west-1,QA,15.23,49.06
2025-12-12,AWS,EBS,us-west-2,Engineering,11.36,23.27
2025-12-12,AWS,EBS,eu-west-1,Engineering,15.61,31.54
2025-12-12,AWS,EBS,ap-south-1,Finance,9.96,37.65
2025-12-12,AWS,EC2,us-east-1,DevOps,52.29,139.94
2025-12-12,AWS,EC2,us-west-2,Marketing,43.36,119.42
2025-12-12,AWS,EC2,eu-west-1,Finance,41.2,103.95
2025-12-12,AWS,Lambda,us-west-2,DevOps,3.83,6.23
2025-12-12,AWS,Lambda,eu-west-1,QA,3.71,10.18
2025-12-12,AWS,Lambda,ap-south-1,Marketing,4.19,6.68
2025-12-12,AWS,RDS,us-east-1,Engineering,24.85,84.76
2025-12-12,AWS,RDS,us-west-2,Finance,37.01,131.41
2025-12-12,AWS,RDS,eu-west-1,QA,35.63,113.62
2025-12-12,AWS,RDS,ap-south-1,Engineering,46.2,65.45
2025-12-12,AWS,S3,us-east-1,DevOps,7.28,15.7
2025-12-12,AWS,S3,us-west-2,Marketing,6.61,21.05
2025-12-12,AWS,S3,eu-west-1,Engineering,7.59,27.53
2025-12-12,AWS,S3,ap-south-1,QA,13.39,30.01
2025-12-12,Azure,Blob Storage,East US,DevOps,13.39,52.46
2025-12-12,Azure,Blob Storage,West Europe,Engineering,9.7,23.86
2025-12-12,Azure,Blob Storage,Southeast Asia,Engineering,18.88,62.8
2025-12-12,Azure,CDN,East US,Data Science,11.84,25.5
2025-12-12,Azure,CDN,Southeast Asia,Engineering,8.85,24.01
2025-12-12,Azure,Functions,Central India,QA,7.99,20.88
2025-12-12,Azure,Functions,Southeast Asia,QA,10.56,23.95
2025-12-12,Azure,SQL Database,East US,QA,35.27,108.01
2025-12-12,Azure,SQL Database,Central India,DevOps,34.41,121.75
2025-12-12,Azure,Virtual Machines,East US,DevOps,49.98,78.14
2025-12-12,Azure,Virtual Machines,West Europe,QA,68.93,249.93
2025-12-12,Azure,Virtual Machines,Central India,Data Science,40.49,119.08
2025-12-12,Azure,Virtual Machines,Southeast Asia,Marketing,44.5,91.46
2025-12-12,GCP,BigQuery,us-central1,QA,27.73,92.89
2025-12-12,GCP,BigQuery,europe-west1,DevOps,15.53,23.21
2025-12-12,GCP,Cloud CDN,us-central1,Finance,17.19,46.9
2025-12-12,GCP,Cloud Functions,us-central1,DevOps,9.15,21.63
2025-12-12,GCP,Cloud Functions,asia-south1,Finance,6.14,15.14
2025-12-12,GCP,Cloud Storage,us-central1,DevOps,9.62,37.4
2025-12-12,GCP,Cloud Storage,europe-west1,DevOps,5.95,23.29
2025-12-12,GCP,Cloud Storage,asia-south1,DevOps,14.03,28.89
2025-12-12,GCP,Compute Engine,us-central1,Finance,43.15,99.63
2025-12-12,GCP,Compute Engine,europe-west1,Finance,79.42,150.31
2025-12-12,GCP,Compute Engine,asia-south1,Marketing,67.67,146.29
2025-12-13,AWS,CloudFront,eu-west-1,QA,14.1,48.89
2025-12-13,AWS,EBS,us-west-2,Engineering,11.89,20.84
2025-12-13,AWS,EBS,eu-west-1,Engineering,14.29,26.41
2025-12-13,AWS,EBS,ap-south-1,Finance,10.65,38.31
2025-12-13,AWS,EC2,us-east-1,DevOps,46.11,123.63
2025-12-13,AWS,EC2,us-west-2,Marketing,40.44,104.81
2025-12-13,AWS,EC2,eu-west-1,Finance,42.16,113.1
2025-12-13,AWS,Lambda,us-west-2,DevOps,4.1,6.35
2025-12-13,AWS,Lambda,eu-west-1,QA,4.69,12.59
2025-12-13,AWS,Lambda,ap-south-1,Marketing,5.03,7.53
2025-12-13,AWS,RDS,us-east-1,Engineering,27.84,78.79
2025-12-13,AWS,RDS,us-west-2,Finance,44.75,179.21
2025-12-13,AWS,RDS,eu-west-1,QA,33.13,114.73
2025-12-13,AWS,RDS,ap-south-1,Engineering,42.37,67.94
2025-12-13,AWS,S3,us-east-1,DevOps,7.43,14.5
2025-12-13,AWS,S3,us-west-2,Marketing,6.71,23.92
2025-12-13,AWS,S3,eu-west-1,Engineering,6.53,26.19
2025-12-13,AWS,S3,ap-south-1,QA,13.06,28.36
2025-12-13,Azure,Blob Storage,East US,DevOps,12.49,47.2
2025-12-13,Azure,Blob Storage,West Europe,Engineering,8.39,22.21
2025-12-13,Azure,Blob Storage,Southeast Asia,Engineering,14.43,47.83
2025-12-13,Azure,CDN,East US,Data Science,10.8,24.77
2025-12-13,Azure,CDN,Southeast Asia,Engineering,10.85,26.18
2025-12-13,Azure,Functions,Central India,QA,8.28,21.35
2025-12-13,Azure,Functions,Southeast Asia,QA,8.42,21.42
2025-12-13,Azure,SQL Database,East US,QA,32.61,108.33
2025-12-13,Azure,SQL Database,Central India,DevOps,42.35,151.54
2025-12-13,Azure,Virtual Machines,East US,DevOps,57.93,93.3
2025-12-13,Azure,Virtual Machines,West Europe,QA,68.86,246.71
2025-12-13,Azure,Virtual Machines,Central India,Data Science,36.31,121.98
2025-12-13,Azure,Virtual Machines,Southeast Asia,Marketing,43.04,86.29
2025-12-13,GCP,BigQuery,us-central1,QA,24.33,74.96
2025-12-13,GCP,BigQuery,europe-west1,DevOps,13.92,19.45
2025-12-13,GCP,Cloud CDN,us-central1,Finance,19.38,50.25
2025-12-13,GCP,Cloud Functions,us-central1,DevOps,8.89,22.1
2025-12-13,GCP,Cloud Functions,asia-south1,Finance,5.88,16.2
2025-12-13,GCP,Cloud Storage,us-central1,DevOps,11.74,41.64
2025-12-13,GCP,Cloud Storage,europe-west1,DevOps,5.66,23.31
2025-12-13,GCP,Cloud Storage,asia-south1,DevOps,13.81,28.98
2025-12-13,GCP,Compute Engine,us-central1,Finance,37.49,80.73
2025-12-13,GCP,Compute Engine,europe-west1,Finance,84.03,157.66
2025-12-13,GCP,Compute Engine,asia-south1,Marketing,58.65,147.69
2025-12-14,AWS,CloudFront,eu-west-1,QA,12.28,45.39
2025-12-14,AWS,EBS,us-west-2,Engineering,12.45,25.3
2025-12-14,AWS,EBS,eu-west-1,Engineering,12.25,23.86
2025-12-14,AWS,EBS,ap-south-1,Finance,10.97,44.87
2025-12-14,AWS,EC2,us-east-1,DevOps,43.11,116.27
2025-12-14,AWS,EC2,us-west-2,Marketing,46.13,127.45
2025-12-14,AWS,EC2,eu-west-1,Finance,44.54,111.77
2025-12-14,AWS,Lambda,us-west-2,DevOps,3.81,6.51
2025-12-14,AWS,Lambda,eu-west-1,QA,5.35,14.1
2025-12-14,AWS,Lambda,ap-south-1,Marketing,3.83,5.85
2025-12-14,AWS,RDS,us-east-1,Engineering,30.12,85.99
2025-12-14,AWS,RDS,us-west-2,Finance,41.12,165.64
2025-12-14,AWS,RDS,eu-west-1,QA,32.96,100.76
2025-12-14,AWS,RDS,ap-south-1,Engineering,46.13,76.26
2025-12-14,AWS,S3,us-east-1,DevOps,7.96,15.3
2025-12-14,AWS,S3,us-west-2,Marketing,6.43,23.22
2025-12-14,AWS,S3,eu-west-1,Engineering,6.85,28.05
2025-12-14,AWS,S3,ap-south-1,QA,11.52,25.97
2025-12-14,Azure,Blob Storage,East US,DevOps,11.74,40.71
2025-12-14,Azure,Blob Storage,West Europe,Engineering,9.81,24.37
2025-12-14,Azure,Blob Storage,Southeast Asia,Engineering,19.78,64.25
2025-12-14,Azure,CDN,East US,Data Science,11.35,24.38
2025-12-14,Azure,CDN,Southeast Asia,Engineering,8.19,21.35
2025-12-14,Azure,Functions,Central India,QA,8.13,18.88
2025-12-14,Azure,Functions,Southeast Asia,QA,10.49,26.55
2025-12-14,Azure,SQL Database,East US,QA,35.18,116.79
2025-12-14,Azure,SQL Database,Central India,DevOps,44.08,163.05
2025-12-14,Azure,Virtual Machines,East US,DevOps,66.38,105.35
2025-12-14,Azure,Virtual Machines,West Europe,QA,72.69,238.23
2025-12-14,Azure,Virtual Machines,Central India,Data Science,40.97,119.93
2025-12-14,Azure,Virtual Machines,Southeast Asia,Marketing,37.69,73.95
2025-12-14,GCP,BigQuery,us-central1,QA,27.56,80.24
2025-12-14,GCP,BigQuery,europe-west1,DevOps,15.47,22.25
2025-12-14,GCP,Cloud CDN,us-central1,Finance,16.88,51.02
2025-12-14,GCP,Cloud Functions,us-central1,DevOps,10.08,23.03
2025-12-14,GCP,Cloud Functions,asia-south1,Finance,4.71,12.53
2025-12-14,GCP,Cloud Storage,us-central1,DevOps,8.04,30.02
2025-12-14,GCP,Cloud Storage,europe-west1,DevOps,6.06,24.15
2025-12-14,GCP,Cloud Storage,asia-south1,DevOps,14.31,26.84
2025-12-14,GCP,Compute Engine,us-central1,Finance,43.2,83.95
2025-12-14,GCP,Compute Engine,europe-west1,Finance,74.78,163.46
2025-12-14,GCP,Compute Engine,asia-south1,Marketing,67.8,160.95
2025-12-15,AWS,CloudFront,eu-west-1,QA,13.1,41.47
2025-12-15,AWS,EBS,us-west-2,Engineering,13.3,23.67
2025-12-15,AWS,EBS,eu-west-1,Engineering,13.56,29.14
2025-12-15,AWS,EBS,ap-south-1,Finance,11.64,45.13
2025-12-15,AWS,EC2,us-east-1,DevOps,42.53,133.02
2025-12-15,AWS,EC2,us-west-2,Marketing,49.05,117.24
2025-12-15,AWS,EC2,eu-west-1,Finance,32.81,84.11
2025-12-15,AWS,Lambda,us-west-2,DevOps,3.89,6.64
2025-12-15,AWS,Lambda,eu-west-1,QA,4.65,11.66
2025-12-15,AWS,Lambda,ap-south-1,Marketing,4.29,6.96
2025-12-15,AWS,RDS,us-east-1,Engineering,31.65,93.19
2025-12-15,AWS,RDS,us-west-2,Finance,41.92,146.96
2025-12-15,AWS,RDS,eu-west-1,QA,38.97,123.08
2025-12-15,AWS,RDS,ap-south-1,Engineering,54.7,81.45
2025-12-15,AWS,S3,us-east-1,DevOps,8.33,18.36
2025-12-15,AWS,S3,us-west-2,Marketing,6.84,23.26
2025-12-15,AWS,S3,eu-west-1,Engineering,5.91,24.51
2025-12-15,AWS,S3,ap-south-1,QA,11.57,24.75
2025-12-15,Azure,Blob Storage,East US,DevOps,13.35,44.83
2025-12-15,Azure,Blob Storage,West Europe,Engineering,9.82,25.63
2025-12-15,Azure,Blob Storage,Southeast Asia,Engineering,14.55,49.99
2025-12-15,Azure,CDN,East US,Data Science,11.27,22.74
2025-12-15,Azure,CDN,Southeast Asia,Engineering,9.31,22.14
2025-12-15,Azure,Functions,Central India,QA,7.09,17.69
2025-12-15,Azure,Functions,Southeast Asia,QA,9.51,21.9
2025-12-15,Azure,SQL Database,East US,QA,33.6,109.05
2025-12-15,Azure,SQL Database,Central India,DevOps,38.18,124.57
2025-12-15,Azure,Virtual Machines,East US,DevOps,62.27,97.57
2025-12-15,Azure,Virtual Machines,West Europe,QA,60.92,205.31
2025-12-15,Azure,Virtual Machines,Central India,Data Science,39.85,119.87
2025-12-15,Azure,Virtual Machines,Southeast Asia,Marketing,36.56,73.84
2025-12-15,GCP,BigQuery,us-central1,QA,28.62,82.69
2025-12-15,GCP,BigQuery,europe-west1,DevOps,16.45,25.07
2025-12-15,GCP,Cloud CDN,us-central1,Finance,16.36,42.09
2025-12-15,GCP,Cloud Functions,us-central1,DevOps,8.91,20.71
2025-12-15,GCP,Cloud Functions,asia-south1,Finance,4.75,12.04
2025-12-15,GCP,Cloud Storage,us-central1,DevOps,10.94,39.36
2025-12-15,GCP,Cloud Storage,europe-west1,DevOps,5.72,20.12
2025-12-15,GCP,Cloud Storage,asia-south1,DevOps,13.9,28.86
2025-12-15,GCP,Compute Engine,us-central1,Finance,35.43,68.09
2025-12-15,GCP,Compute Engine,europe-west1,Finance,70.28,136.46
2025-12-15,GCP,Compute Engine,asia-south1,Marketing,68.19,165.87
2025-12-16,AWS,CloudFront,eu-west-1,QA,13.36,42.56
2025-12-16,AWS,EBS,us-west-2,Engineering,13.85,25.57
2025-12-16,AWS,EBS,eu-west-1,Engineering,14.08,30.1
2025-12-16,AWS,EBS,ap-south-1,Finance,11.19,46.47
2025-12-16,AWS,EC2,us-east-1,DevOps,49.34,156.36
2025-12-16,AWS,EC2,us-west-2,Marketing,46.77,122.13
2025-12-16,AWS,EC2,eu-west-1,Finance,49.92,126.42
2025-12-16,AWS,Lambda,us-west-2,DevOps,5.05,9.26
2025-12-16,AWS,Lambda,eu-west-1,QA,5.6,14.92
2025-12-16,AWS,Lambda,ap-south-1,Marketing,4.99,8.0
2025-12-16,AWS,RDS,us-east-1,Engineering,24.82,72.72
2025-12-16,AWS,RDS,us-west-2,Finance,40.99,141.76
2025-12-16,AWS,RDS,eu-west-1,QA,38.92,131.09
2025-12-16,AWS,RDS,ap-south-1,Engineering,46.13,76.22
2025-12-16,AWS,S3,us-east-1,DevOps,8.34,18.29
2025-12-16,AWS,S3,us-west-2,Marketing,7.55,26.44
2025-12-16,AWS,S3,eu-west-1,Engineering,6.58,23.59
2025-12-16,AWS,S3,ap-south-1,QA,12.01,25.79
2025-12-16,Azure,Blob Storage,East US,DevOps,13.73,47.62
2025-12-16,Azure,Blob Storage,West Europe,Engineering,11.6,29.34
2025-12-16,Azure,Blob Storage,Southeast Asia,Engineering,16.02,55.59
2025-12-16,Azure,CDN,East US,Data Science,11.97,24.48
2025-12-16,Azure,CDN,Southeast Asia,Engineering,9.63,23.77
2025-12-16,Azure,Functions,Central India,QA,8.11,17.78
2025-12-16,Azure,Functions,Southeast Asia,QA,10.3,25.89
2025-12-16,Azure,SQL Database,East US,QA,28.51,102.67
2025-12-16,Azure,SQL Database,Central India,DevOps,46.75,163.06
2025-12-16,Azure,Virtual Machines,East US,DevOps,51.28,88.42
2025-12-16,Azure,Virtual Machines,West Europe,QA,73.42,266.67
2025-12-16,Azure,Virtual Machines,Central India,Data Science,44.25,139.61
2025-12-16,Azure,Virtual Machines,Southeast Asia,Marketing,39.62,77.74
2025-12-16,GCP,BigQuery,us-central1,QA,27.55,88.22
2025-12-16,GCP,BigQuery,europe-west1,DevOps,15.54,22.95
2025-12-16,GCP,Cloud CDN,us-central1,Finance,19.11,57.05
2025-12-16,GCP,Cloud Functions,us-central1,DevOps,9.74,25.19
2025-12-16,GCP,Cloud Functions,asia-south1,Finance,5.56,13.33
2025-12-16,GCP,Cloud Storage,us-central1,DevOps,10.19,37.62
2025-12-16,GCP,Cloud Storage,europe-west1,DevOps,5.41,19.47
2025-12-16,GCP,Cloud Storage,asia-south1,DevOps,14.83,28.22
2025-12-16,GCP,Compute Engine,us-central1,Finance,40.67,79.47
2025-12-16,GCP,Compute Engine,europe-west1,Finance,77.45,164.39
2025-12-16,GCP,Compute Engine,asia-south1,Marketing,67.22,146.71
2025-12-17,AWS,CloudFront,eu-west-1,QA,13.11,41.85
2025-12-17,AWS,EBS,us-west-2,Engineering,12.11,20.93
2025-12-17,AWS,EBS,eu-west-1,Engineering,14.3,25.87
2025-12-17,AWS,EBS,ap-south-1,Finance,10.5,40.64
2025-12-17,AWS,EC2,us-east-1,DevOps,53.57,145.06
2025-12-17,AWS,EC2,us-west-2,Marketing,51.42,122.07
2025-12-17,AWS,EC2,eu-west-1,Finance,40.81,109.87
2025-12-17,AWS,Lambda,us-west-2,DevOps,4.37,7.25
2025-12-17,AWS,Lambda,eu-west-1,QA,5.53,14.48
2025-12-17,AWS,Lambda,ap-south-1,Marketing,4.58,6.7
2025-12-17,AWS,RDS,us-east-1,Engineering,30.33,89.12
2025-12-17,AWS,RDS,us-west-2,Finance,44.85,183.39
2025-12-17,AWS,RDS,eu-west-1,QA,35.32,117.79
2025-12-17,AWS,RDS,ap-south-1,Engineering,47.3,76.3
2025-12-17,AWS,S3,us-east-1,DevOps,7.88,16.51
2025-12-17,AWS,S3,us-west-2,Marketing,8.46,29.26
2025-12-17,AWS,S3,eu-west-1,Engineering,5.93,24.19
2025-12-17,AWS,S3,ap-south-1,QA,11.96,30.68
2025-12-17,Azure,Blob Storage,East US,DevOps,13.15,48.83
2025-12-17,Azure,Blob Storage,West Europe,Engineering,12.19,29.18
2025-12-17,Azure,Blob Storage,Southeast Asia,Engineering,18.25,68.15
2025-12-17,Azure,CDN,East US,Data Science,11.85,27.55
2025-12-17,Azure,CDN,Southeast Asia,Engineering,8.85,23.39
2025-12-17,Azure,Functions,Central India,QA,7.63,18.18
2025-12-17,Azure,Functions,Southeast Asia,QA,9.8,25.96
2025-12-17,Azure,SQL Database,East US,QA,34.02,101.86
2025-12-17,Azure,SQL Database,Central India,DevOps,48.53,166.69
2025-12-17,Azure,Virtual Machines,East US,DevOps,56.15,83.07
2025-12-17,Azure,Virtual Machines,West Europe,QA,63.32,230.61
2025-12-17,Azure,Virtual Machines,Central India,Data Science,45.1,144.49
2025-12-17,Azure,Virtual Machines,Southeast Asia,Marketing,40.17,81.35
2025-12-17,GCP,BigQuery,us-central1,QA,27.06,90.43
2025-12-17,GCP,BigQuery,europe-west1,DevOps,14.56,21.33
2025-12-17,GCP,Cloud CDN,us-central1,Finance,15.28,37.87
2025-12-17,GCP,Cloud Functions,us-central1,DevOps,10.38,23.27
2025-12-17,GCP,Cloud Functions,asia-south1,Finance,5.41,15.13
2025-12-17,GCP,Cloud Storage,us-central1,DevOps,9.8,32.24
2025-12-17,GCP,Cloud Storage,europe-west1,DevOps,7.36,25.42
2025-12-17,GCP,Cloud Storage,asia-south1,DevOps,16.67,29.51
2025-12-17,GCP,Compute Engine,us-central1,Finance,35.07,75.71
2025-12-17,GCP,Compute Engine,europe-west1,Finance,90.32,180.88
2025-12-17,GCP,Compute Engine,asia-south1,Marketing,69.42,160.2
2025-12-18,AWS,CloudFront,eu-west-1,QA,11.81,43.19
2025-12-18,AWS,EBS,us-west-2,Engineering,12.04,21.25
2025-12-18,AWS,EBS,eu-west-1,Engineering,12.04,22.73
2025-12-18,AWS,EBS,ap-south-1,Finance,9.43,33.23
2025-12-18,AWS,EC2,us-east-1,DevOps,50.7,140.64
2025-12-18,AWS,EC2,us-west-2,Marketing,44.35,105.95
2025-12-18,AWS,EC2,eu-west-1,Finance,44.51,122.64
2025-12-18,AWS,Lambda,us-west-2,DevOps,4.26,7.44
2025-12-18,AWS,Lambda,eu-west-1,QA,4.79,13.56
2025-12-18,AWS,Lambda,ap-south-1,Marketing,4.65,7.84
2025-12-18,AWS,RDS,us-east-1,Engineering,28.93,93.91
2025-12-18,AWS,RDS,us-west-2,Finance,45.22,181.29
2025-12-18,AWS,RDS,eu-west-1,QA,32.36,97.81
2025-12-18,AWS,RDS,ap-south-1,Engineering,53.09,80.15
2025-12-18,AWS,S3,us-east-1,DevOps,7.63,16.23
2025-12-18,AWS,S3,us-west-2,Marketing,7.92,27.14
2025-12-18,AWS,S3,eu-west-1,Engineering,7.29,26.68
2025-12-18,AWS,S3,ap-south-1,QA,13.79,31.68
2025-12-18,Azure,Blob Storage,East US,DevOps,11.18,43.17
2025-12-18,Azure,Blob Storage,West Europe,Engineering,10.62,27.34
2025-12-18,Azure,Blob Storage,Southeast Asia,Engineering,16.01,57.94
2025-12-18,Azure,CDN,East US,Data Science,11.28,23.49
2025-12-18,Azure,CDN,Southeast Asia,Engineering,9.19,25.06
2025-12-18,Azure,Functions,Central India,QA,7.33,16.9
2025-12-18,Azure,Functions,Southeast Asia,QA,9.9,25.13
2025-12-18,Azure,SQL Database,East US,QA,34.92,117.55
2025-12-18,Azure,SQL Database,Central India,DevOps,46.38,166.3
2025-12-18,Azure,Virtual Machines,East US,DevOps,64.68,95.14
2025-12-18,Azure,Virtual Machines,West Europe,QA,81.48,267.91
2025-12-18,Azure,Virtual Machines,Central India,Data Science,44.54,147.9
2025-12-18,Azure,Virtual Machines,Southeast Asia,Marketing,41.91,71.56
2025-12-18,GCP,BigQuery,us-central1,QA,28.96,98.06
2025-12-18,GCP,BigQuery,europe-west1,DevOps,14.56,22.66
2025-12-18,GCP,Cloud CDN,us-central1,Finance,17.7,48.12
2025-12-18,GCP,Cloud Functions,us-central1,DevOps,9.31,21.2
2025-12-18,GCP,Cloud Functions,asia-south1,Finance,5.51,12.89
2025-12-18,GCP,Cloud Storage,us-central1,DevOps,10.99,39.52
2025-12-18,GCP,Cloud Storage,europe-west1,DevOps,6.44,22.49
2025-12-18,GCP,Cloud Storage,asia-south1,DevOps,16.67,29.65
2025-12-18,GCP,Compute Engine,us-central1,Finance,42.7,82.6
2025-12-18,GCP,Compute Engine,europe-west1,Finance,72.38,151.08
2025-12-18,GCP,Compute Engine,asia-south1,Marketing,66.92,169.85
2025-12-19,AWS,CloudFront,eu-west-1,QA,13.19,46.1
2025-12-19,AWS,EBS,us-west-2,Engineering,12.06,22.78
2025-12-19,AWS,EBS,eu-west-1,Engineering,40.24,25.47
2025-12-19,AWS,EBS,ap-south-1,Finance,10.74,38.26
2025-12-19,AWS,EC2,us-east-1,DevOps,48.87,133.54
2025-12-19,AWS,EC2,us-west-2,Marketing,48.4,137.01
2025-12-19,AWS,EC2,eu-west-1,Finance,38.01,98.25
2025-12-19,AWS,Lambda,us-west-2,DevOps,4.67,7.97
2025-12-19,AWS,Lambda,eu-west-1,QA,4.82,13.55
2025-12-19,AWS,Lambda,ap-south-1,Marketing,4.89,7.66
2025-12-19,AWS,RDS,us-east-1,Engineering,28.15,87.64
2025-12-19,AWS,RDS,us-west-2,Finance,44.03,177.36
2025-12-19,AWS,RDS,eu-west-1,QA,34.81,102.67
2025-12-19,AWS,RDS,ap-south-1,Engineering,42.61,66.82
2025-12-19,AWS,S3,us-east-1,DevOps,6.71,14.07
2025-12-19,AWS,S3,us-west-2,Marketing,7.88,24.96
2025-12-19,AWS,S3,eu-west-1,Engineering,7.58,26.48
2025-12-19,AWS,S3,ap-south-1,QA,13.28,30.89
2025-12-19,Azure,Blob Storage,East US,DevOps,11.49,41.64
2025-12-19,Azure,Blob Storage,West Europe,Engineering,9.62,25.41
2025-12-19,Azure,Blob Storage,Southeast Asia,Engineering,16.01,61.62
2025-12-19,Azure,CDN,East US,Data Science,11.21,23.39
2025-12-19,Azure,CDN,Southeast Asia,Engineering,9.66,23.09
2025-12-19,Azure,Functions,Central India,QA,7.92,20.95
2025-12-19,Azure,Functions,Southeast Asia,QA,9.81,24.79
2025-12-19,Azure,SQL Database,East US,QA,28.25,87.28
2025-12-19,Azure,SQL Database,Central India,DevOps,43.79,138.75
2025-12-19,Azure,Virtual Machines,East US,DevOps,63.81,105.07
2025-12-19,Azure,Virtual Machines,West Europe,QA,64.25,228.22
2025-12-19,Azure,Virtual Machines,Central India,Data Science,42.19,129.53
2025-12-19,Azure,Virtual Machines,Southeast Asia,Marketing,38.52,71.57
2025-12-19,GCP,BigQuery,us-central1,QA,28.46,85.48
2025-12-19,GCP,BigQuery,europe-west1,DevOps,14.5,22.42
2025-12-19,GCP,Cloud CDN,us-central1,Finance,16.78,41.84
2025-12-19,GCP,Cloud Functions,us-central1,DevOps,8.23,19.17
2025-12-19,GCP,Cloud Functions,asia-south1,Finance,5.34,12.64
2025-12-19,GCP,Cloud Storage,us-central1,DevOps,10.03,36.73
2025-12-19,GCP,Cloud Storage,europe-west1,DevOps,7.8,27.92
2025-12-19,GCP,Cloud Storage,asia-south1,DevOps,16.79,34.39
2025-12-19,GCP,Compute Engine,us-central1,Finance,46.22,99.34
2025-12-19,GCP,Compute Engine,europe-west1,Finance,84.6,186.64
2025-12-19,GCP,Compute Engine,asia-south1,Marketing,66.67,154.79
2025-12-20,AWS,CloudFront,eu-west-1,QA,12.52,42.6
2025-12-20,AWS,EBS,us-west-2,Engineering,13.5,27.42
2025-12-20,AWS,EBS,eu-west-1,Engineering,14.35,28.6
2025-12-20,AWS,EBS,ap-south-1,Finance,10.91,45.68
2025-12-20,AWS,EC2,us-east-1,DevOps,52.39,143.81
2025-12-20,AWS,EC2,us-west-2,Marketing,45.9,111.49
2025-12-20,AWS,EC2,eu-west-1,Finance,42.86,116.46
2025-12-20,AWS,Lambda,us-west-2,DevOps,4.88,7.67
2025-12-20,AWS,Lambda,eu-west-1,QA,4.65,11.51
2025-12-20,AWS,Lambda,ap-south-1,Marketing,5.43,7.99
2025-12-20,AWS,RDS,us-east-1,Engineering,28.0,96.51
2025-12-20,AWS,RDS,us-west-2,Finance,45.18,181.74
2025-12-20,AWS,RDS,eu-west-1,QA,40.53,133.66
2025-12-20,AWS,RDS,ap-south-1,Engineering,51.41,76.89
2025-12-20,AWS,S3,us-east-1,DevOps,7.08,13.67
2025-12-20,AWS,S3,us-west-2,Marketing,6.58,19.74
2025-12-20,AWS,S3,eu-west-1,Engineering,7.03,28.62
2025-12-20,AWS,S3,ap-south-1,QA,13.51,28.91
2025-12-20,Azure,Blob Storage,East US,DevOps,13.89,46.34
2025-12-20,Azure,Blob Storage,West Europe,Engineering,10.81,29.83
2025-12-20,Azure,Blob Storage,Southeast Asia,Engineering,14.91,50.07
2025-12-20,Azure,CDN,East US,Data Science,11.58,27.53
2025-12-20,Azure,CDN,Southeast Asia,Engineering,8.79,21.51
2025-12-20,Azure,Functions,Central India,QA,8.29,19.78
2025-12-20,Azure,Functions,Southeast Asia,QA,11.04,29.01
2025-12-20,Azure,SQL Database,East US,QA,39.88,131.66
2025-12-20,Azure,SQL Database,Central India,DevOps,45.29,169.29
2025-12-20,Azure,Virtual Machines,East US,DevOps,58.83,84.99
2025-12-20,Azure,Virtual Machines,West Europe,QA,63.21,201.64
2025-12-20,Azure,Virtual Machines,Central India,Data Science,44.16,139.09
2025-12-20,Azure,Virtual Machines,Southeast Asia,Marketing,43.85,86.24
2025-12-20,GCP,BigQuery,us-central1,QA,24.39,73.75
2025-12-20,GCP,BigQuery,europe-west1,DevOps,14.45,20.95
2025-12-20,GCP,Cloud CDN,us-central1,Finance,18.49,55.1
2025-12-20,GCP,Cloud Functions,us-central1,DevOps,9.4,21.0
2025-12-20,GCP,Cloud Functions,asia-south1,Finance,5.16,12.57
2025-12-20,GCP,Cloud Storage,us-central1,DevOps,9.52,34.45
2025-12-20,GCP,Cloud Storage,europe-west1,DevOps,6.07,21.5
2025-12-20,GCP,Cloud Storage,asia-south1,DevOps,14.04,26.23
2025-12-20,GCP,Compute Engine,us-central1,Finance,41.24,90.1
2025-12-20,GCP,Compute Engine,europe-west1,Finance,88.15,191.47
2025-12-20,GCP,Compute Engine,asia-south1,Marketing,69.53,151.65
2025-12-21,AWS,CloudFront,eu-west-1,QA,12.13,39.05
2025-12-21,AWS,EBS,us-west-2,Engineering,13.83,27.85
2025-12-21,AWS,EBS,eu-west-1,Engineering,13.95,28.99
2025-12-21,AWS,EBS,ap-south-1,Finance,11.39,45.39
2025-12-21,AWS,EC2,us-east-1,DevOps,51.71,161.66
2025-12-21,AWS,EC2,us-west-2,Marketing,49.71,130.98
2025-12-21,AWS,EC2,eu-west-1,Finance,49.17,121.17
2025-12-21,AWS,Lambda,us-west-2,DevOps,5.31,9.09
2025-12-21,AWS,Lambda,eu-west-1,QA,4.84,11.87
2025-12-21,AWS,Lambda,ap-south-1,Marketing,4.16,6.06
2025-12-21,AWS,RDS,us-east-1,Engineering,24.7,73.28
2025-12-21,AWS,RDS,us-west-2,Finance,42.84,161.31
2025-12-21,AWS,RDS,eu-west-1,QA,39.24,118.39
2025-12-21,AWS,RDS,ap-south-1,Engineering,43.1,66.07
2025-12-21,AWS,S3,us-east-1,DevOps,9.11,18.78
2025-12-21,AWS,S3,us-west-2,Marketing,7.69,24.52
2025-12-21,AWS,S3,eu-west-1,Engineering,7.38,28.73
2025-12-21,AWS,S3,ap-south-1,QA,13.24,29.91
2025-12-21,Azure,Blob Storage,East US,DevOps,12.81,44.08
2025-12-21,Azure,Blob Storage,West Europe,Engineering,8.93,21.96
2025-12-21,Azure,Blob Storage,Southeast Asia,Engineering,15.55,53.21
2025-12-21,Azure,CDN,East US,Data Science,10.73,24.23
2025-12-21,Azure,CDN,Southeast Asia,Engineering,10.08,28.78
2025-12-21,Azure,Functions,Central India,QA,8.4,21.05
2025-12-21,Azure,Functions,Southeast Asia,QA,10.35,24.36
2025-12-21,Azure,SQL Database,East US,QA,35.65,123.59
2025-12-21,Azure,SQL Database,Central India,DevOps,44.94,156.36
2025-12-21,Azure,Virtual Machines,East US,DevOps,63.67,100.2
2025-12-21,Azure,Virtual Machines,West Europe,QA,68.66,222.2
2025-12-21,Azure,Virtual Machines,Central India,Data Science,43.18,147.65
2025-12-21,Azure,Virtual Machines,Southeast Asia,Marketing,42.57,81.12
2025-12-21,GCP,BigQuery,us-central1,QA,26.81,77.36
2025-12-21,GCP,BigQuery,europe-west1,DevOps,16.7,24.44
2025-12-21,GCP,Cloud CDN,us-central1,Finance,17.24,43.91
2025-12-21,GCP,Cloud Functions,us-central1,DevOps,9.95,22.58
2025-12-21,GCP,Cloud Functions,asia-south1,Finance,5.7,15.87
2025-12-21,GCP,Cloud Storage,us-central1,DevOps,10.61,41.11
2025-12-21,GCP,Cloud Storage,europe-west1,DevOps,6.33,22.5
2025-12-21,GCP,Cloud Storage,asia-south1,DevOps,14.48,27.27
2025-12-21,GCP,Compute Engine,us-central1,Finance,43.61,85.96
2025-12-21,GCP,Compute Engine,europe-west1,Finance,77.98,144.8
2025-12-21,GCP,Compute Engine,asia-south1,Marketing,66.76,151.41
2025-12-22,AWS,CloudFront,eu-west-1,QA,12.92,47.26
2025-12-22,AWS,EBS,us-west-2,Engineering,13.84,25.02
2025-12-22,AWS,EBS,eu-west-1,Engineering,12.07,22.91
2025-12-22,AWS,EBS,ap-south-1,Finance,12.05,41.79
2025-12-22,AWS,EC2,us-east-1,DevOps,54.77,155.02
2025-12-22,AWS,EC2,us-west-2,Marketing,50.67,130.31
2025-12-22,AWS,EC2,eu-west-1,Finance,38.18,98.88
2025-12-22,AWS,Lambda,us-west-2,DevOps,5.16,8.74
2025-12-22,AWS,Lambda,eu-west-1,QA,4.64,13.39
2025-12-22,AWS,Lambda,ap-south-1,Marketing,5.45,9.39
2025-12-22,AWS,RDS,us-east-1,Engineering,30.91,93.33
2025-12-22,AWS,RDS,us-west-2,Finance,45.85,176.22
2025-12-22,AWS,RDS,eu-west-1,QA,36.67,126.12
2025-12-22,AWS,RDS,ap-south-1,Engineering,51.36,70.94
2025-12-22,AWS,S3,us-east-1,DevOps,6.86,13.68
2025-12-22,AWS,S3,us-west-2,Marketing,7.63,25.97
2025-12-22,AWS,S3,eu-west-1,Engineering,7.09,25.05
2025-12-22,AWS,S3,ap-south-1,QA,13.39,33.66
2025-12-22,Azure,Blob Storage,East US,DevOps,13.68,48.03
2025-12-22,Azure,Blob Storage,West Europe,Engineering,9.97,22.94
2025-12-22,Azure,Blob Storage,Southeast Asia,Engineering,16.41,64.12
2025-12-22,Azure,CDN,East US,Data Science,11.11,22.44
2025-12-22,Azure,CDN,Southeast Asia,Engineering,11.08,27.87
2025-12-22,Azure,Functions,Central India,QA,9.0,22.9
2025-12-22,Azure,Functions,Southeast Asia,QA,10.37,25.89
2025-12-22,Azure,SQL Database,East US,QA,36.94,115.15
2025-12-22,Azure,SQL Database,Central India,DevOps,45.65,170.43
2025-12-22,Azure,Virtual Machines,East US,DevOps,56.27,88.57
2025-12-22,Azure,Virtual Machines,West Europe,QA,76.83,238.07
2025-12-22,Azure,Virtual Machines,Central India,Data Science,39.49,118.51
2025-12-22,Azure,Virtual Machines,Southeast Asia,Marketing,40.86,71.61
2025-12-22,GCP,BigQuery,us-central1,QA,26.22,86.74
2025-12-22,GCP,BigQuery,europe-west1,DevOps,14.61,23.1
2025-12-22,GCP,Cloud CDN,us-central1,Finance,18.58,52.92
2025-12-22,GCP,Cloud Functions,us-central1,DevOps,10.67,25.22
2025-12-22,GCP,Cloud Functions,asia-south1,Finance,5.95,14.52
2025-12-22,GCP,Cloud Storage,us-central1,DevOps,10.55,36.79
2025-12-22,GCP,Cloud Storage,europe-west1,DevOps,6.2,22.11
2025-12-22,GCP,Cloud Storage,asia-south1,DevOps,17.15,34.4
2025-12-22,GCP,Compute Engine,us-central1,Finance,41.65,88.12
2025-12-22,GCP,Compute Engine,europe-west1,Finance,76.43,166.03
2025-12-22,GCP,Compute Engine,asia-south1,Marketing,65.63,146.08
2025-12-23,AWS,CloudFront,eu-west-1,QA,13.7,46.16
2025-12-23,AWS,EBS,us-west-2,Engineering,13.3,23.63
2025-12-23,AWS,EBS,eu-west-1,Engineering,14.21,29.58
2025-12-23,AWS,EBS,ap-south-1,Finance,10.88,43.17
2025-12-23,AWS,EC2,us-east-1,DevOps,57.31,161.5
2025-12-23,AWS,EC2,us-west-2,Marketing,51.41,130.48
2025-12-23,AWS,EC2,eu-west-1,Finance,49.57,123.38
2025-12-23,AWS,Lambda,us-west-2,DevOps,4.74,7.95
2025-12-23,AWS,Lambda,eu-west-1,QA,5.37,14.43
2025-12-23,AWS,Lambda,ap-south-1,Marketing,5.51,8.31
2025-12-23,AWS,RDS,us-east-1,Engineering,26.51,91.25
2025-12-23,AWS,RDS,us-west-2,Finance,43.12,162.47
2025-12-23,AWS,RDS,eu-west-1,QA,38.59,113.29
2025-12-23,AWS,RDS,ap-south-1,Engineering,50.09,78.88
2025-12-23,AWS,S3,us-east-1,DevOps,7.6,14.9
2025-12-23,AWS,S3,us-west-2,Marketing,7.91,23.99
2025-12-23,AWS,S3,eu-west-1,Engineering,7.77,29.03
2025-12-23,AWS,S3,ap-south-1,QA,11.58,28.05
2025-12-23,Azure,Blob Storage,East US,DevOps,13.93,51.83
2025-12-23,Azure,Blob Storage,West Europe,Engineering,9.13,25.26
2025-12-23,Azure,Blob Storage,Southeast Asia,Engineering,18.8,66.75
2025-12-23,Azure,CDN,East US,Data Science,12.48,25.36
2025-12-23,Azure,CDN,Southeast Asia,Engineering,9.61,23.91
2025-12-23,Azure,Functions,Central India,QA,9.24,23.7
2025-12-23,Azure,Functions,Southeast Asia,QA,10.39,24.32
2025-12-23,Azure,SQL Database,East US,QA,32.05,102.97
2025-12-23,Azure,SQL Database,Central India,DevOps,41.53,139.56
2025-12-23,Azure,Virtual Machines,East US,DevOps,56.2,85.37
2025-12-23,Azure,Virtual Machines,West Europe,QA,73.52,229.97
2025-12-23,Azure,Virtual Machines,Central India,Data Science,44.62,132.53
2025-12-23,Azure,Virtual Machines,Southeast Asia,Marketing,39.93,72.44
2025-12-23,GCP,BigQuery,us-central1,QA,30.2,90.46
2025-12-23,GCP,BigQuery,europe-west1,DevOps,15.54,25.36
2025-12-23,GCP,Cloud CDN,us-central1,Finance,19.61,55.4
2025-12-23,GCP,Cloud Functions,us-central1,DevOps,9.55,21.67
2025-12-23,GCP,Cloud Functions,asia-south1,Finance,6.26,15.97
2025-12-23,GCP,Cloud Storage,us-central1,DevOps,10.02,39.08
2025-12-23,GCP,Cloud Storage,europe-west1,DevOps,6.32,22.88
2025-12-23,GCP,Cloud Storage,asia-south1,DevOps,16.64,34.15
2025-12-23,GCP,Compute Engine,us-central1,Finance,45.0,104.26
2025-12-23,GCP,Compute Engine,europe-west1,Finance,85.42,171.9
2025-12-23,GCP,Compute Engine,asia-south1,Marketing,75.97,185.75
2025-12-24,AWS,CloudFront,eu-west-1,QA,14.55,48.47
2025-12-24,AWS,EBS,us-west-2,Engineering,13.52,25.23
2025-12-24,AWS,EBS,eu-west-1,Engineering,15.41,31.53
2025-12-24,AWS,EBS,ap-south-1,Finance,12.91,48.37
2025-12-24,AWS,EC2,us-east-1,DevOps,48.26,133.64
2025-12-24,AWS,EC2,us-west-2,Marketing,45.3,128.08
2025-12-24,AWS,EC2,eu-west-1,Finance,44.85,113.24
2025-12-24,AWS,Lambda,us-west-2,DevOps,4.05,6.82
2025-12-24,AWS,Lambda,eu-west-1,QA,4.62,13.23
2025-12-24,AWS,Lambda,ap-south-1,Marketing,4.83,8.23
2025-12-24,AWS,RDS,us-east-1,Engineering,28.08,93.98
2025-12-24,AWS,RDS,us-west-2,Finance,44.71,151.95
2025-12-24,AWS,RDS,eu-west-1,QA,32.29,98.66
2025-12-24,AWS,RDS,ap-south-1,Engineering,53.08,73.23
2025-12-24,AWS,S3,us-east-1,DevOps,8.92,20.76
2025-12-24,AWS,S3,us-west-2,Marketing,7.57,22.49
2025-12-24,AWS,S3,eu-west-1,Engineering,7.47,27.11
2025-12-24,AWS,S3,ap-south-1,QA,14.21,35.37
2025-12-24,Azure,Blob Storage,East US,DevOps,13.4,46.08
2025-12-24,Azure,Blob Storage,West Europe,Engineering,11.05,28.54
2025-12-24,Azure,Blob Storage,Southeast Asia,Engineering,20.26,76.93
2025-12-24,Azure,CDN,East US,Data Science,12.36,25.81
2025-12-24,Azure,CDN,Southeast Asia,Engineering,10.61,25.29
2025-12-24,Azure,Functions,Central India,QA,8.66,22.06
2025-12-24,Azure,Functions,Southeast Asia,QA,11.27,28.52
2025-12-24,Azure,SQL Database,East US,QA,37.6,134.58
2025-12-24,Azure,SQL Database,Central India,DevOps,44.24,158.28
2025-12-24,Azure,Virtual Machines,East US,DevOps,50.68,86.91
2025-12-24,Azure,Virtual Machines,West Europe,QA,81.79,280.18
2025-12-24,Azure,Virtual Machines,Central India,Data Science,54.97,179.18
2025-12-24,Azure,Virtual Machines,Southeast Asia,Marketing,42.04,75.93
2025-12-24,GCP,BigQuery,us-central1,QA,26.58,83.04
2025-12-24,GCP,BigQuery,europe-west1,DevOps,16.26,23.62
2025-12-24,GCP,Cloud CDN,us-central1,Finance,19.33,56.19
2025-12-24,GCP,Cloud Functions,us-central1,DevOps,11.44,30.32
2025-12-24,GCP,Cloud Functions,asia-south1,Finance,6.39,17.18
2025-12-24,GCP,Cloud Storage,us-central1,DevOps,10.28,36.53
2025-12-24,GCP,Cloud Storage,europe-west1,DevOps,7.19,25.06
2025-12-24,GCP,Cloud Storage,asia-south1,DevOps,15.64,30.97
2025-12-24,GCP,Compute Engine,us-central1,Finance,46.98,106.32
2025-12-24,GCP,Compute Engine,europe-west1,Finance,84.69,166.94
2025-12-24,GCP,Compute Engine,asia-south1,Marketing,67.11,171.17
2025-12-25,AWS,CloudFront,eu-west-1,QA,13.31,47.93
2025-12-25,AWS,EBS,us-west-2,Engineering,13.0,26.71
2025-12-25,AWS,EBS,eu-west-1,Engineering,13.95,28.86
2025-12-25,AWS,EBS,ap-south-1,Finance,9.58,35.12
2025-12-25,AWS,EC2,us-east-1,DevOps,42.84,128.17
2025-12-25,AWS,EC2,us-west-2,Marketing,46.41,109.89
2025-12-25,AWS,EC2,eu-west-1,Finance,48.06,129.19
2025-12-25,AWS,Lambda,us-west-2,DevOps,4.28,6.71
2025-12-25,AWS,Lambda,eu-west-1,QA,5.53,13.47
2025-12-25,AWS,Lambda,ap-south-1,Marketing,4.79,7.42
2025-12-25,AWS,RDS,us-east-1,Engineering,31.11,97.07
2025-12-25,AWS,RDS,us-west-2,Finance,44.09,172.74
2025-12-25,AWS,RDS,eu-west-1,QA,32.31,93.33
2025-12-25,AWS,RDS,ap-south-1,Engineering,46.89,75.56
2025-12-25,AWS,S3,us-east-1,DevOps,8.38,18.22
2025-12-25,AWS,S3,us-west-2,Marketing,8.9,27.2
2025-12-25,AWS,S3,eu-west-1,Engineering,6.28,24.9
2025-12-25,AWS,S3,ap-south-1,QA,12.87,30.16
2025-12-25,Azure,Blob Storage,East US,DevOps,13.35,45.81
2025-12-25,Azure,Blob Storage,West Europe,Engineering,9.64,26.46
2025-12-25,Azure,Blob Storage,Southeast Asia,Engineering,16.92,60.66
2025-12-25,Azure,CDN,East US,Data Science,11.23,25.03
2025-12-25,Azure,CDN,Southeast Asia,Engineering,11.45,30.93
2025-12-25,Azure,Functions,Central India,QA,8.85,20.63
2025-12-25,Azure,Functions,Southeast Asia,QA,10.12,25.95
2025-12-25,Azure,SQL Database,East US,QA,39.06,134.94
2025-12-25,Azure,SQL Database,Central India,DevOps,46.19,174.97
2025-12-25,Azure,Virtual Machines,East US,DevOps,68.58,103.59
2025-12-25,Azure,Virtual Machines,West Europe,QA,70.98,236.27
2025-12-25,Azure,Virtual Machines,Central India,Data Science,42.0,138.51
2025-12-25,Azure,Virtual Machines,Southeast Asia,Marketing,40.21,71.76
2025-12-25,GCP,BigQuery,us-central1,QA,26.42,89.94
2025-12-25,GCP,BigQuery,europe-west1,DevOps,15.68,22.63
2025-12-25,GCP,Cloud CDN,us-central1,Finance,18.47,53.36
2025-12-25,GCP,Cloud Functions,us-central1,DevOps,9.09,20.5
2025-12-25,GCP,Cloud Functions,asia-south1,Finance,5.9,16.37
2025-12-25,GCP,Cloud Storage,us-central1,DevOps,10.51,39.55
2025-12-25,GCP,Cloud Storage,europe-west1,DevOps,7.08,25.5
2025-12-25,GCP,Cloud Storage,asia-south1,DevOps,17.27,35.21
2025-12-25,GCP,Compute Engine,us-central1,Finance,44.44,98.44
2025-12-25,GCP,Compute Engine,europe-west1,Finance,87.7,184.36
2025-12-25,GCP,Compute Engine,asia-south1,Marketing,69.99,172.68
2025-12-26,AWS,CloudFront,eu-west-1,QA,13.61,48.14
2025-12-26,AWS,EBS,us-west-2,Engineering,13.21,23.15
2025-12-26,AWS,EBS,eu-west-1,Engineering,14.18,30.58
2025-12-26,AWS,EBS,ap-south-1,Finance,11.63,41.26
2025-12-26,AWS,EC2,us-east-1,DevOps,51.67,147.67
2025-12-26,AWS,EC2,us-west-2,Marketing,47.57,128.61
2025-12-26,AWS,EC2,eu-west-1,Finance,49.11,135.79
2025-12-26,AWS,Lambda,us-west-2,DevOps,4.54,7.58
2025-12-26,AWS,Lambda,eu-west-1,QA,5.59,15.01
2025-12-26,AWS,Lambda,ap-south-1,Marketing,5.06,7.8
2025-12-26,AWS,RDS,us-east-1,Engineering,25.94,82.3
2025-12-26,AWS,RDS,us-west-2,Finance,43.82,163.79
2025-12-26,AWS,RDS,eu-west-1,QA,45.56,150.34
2025-12-26,AWS,RDS,ap-south-1,Engineering,49.26,79.49
2025-12-26,AWS,S3,us-east-1,DevOps,8.92,19.9
2025-12-26,AWS,S3,us-west-2,Marketing,7.95,27.32
2025-12-26,AWS,S3,eu-west-1,Engineering,8.09,30.37
2025-12-26,AWS,S3,ap-south-1,QA,13.56,30.89
2025-12-26,Azure,Blob Storage,East US,DevOps,13.6,47.18
2025-12-26,Azure,Blob Storage,West Europe,Engineering,10.51,24.4
2025-12-26,Azure,Blob Storage,Southeast Asia,Engineering,17.59,62.79
2025-12-26,Azure,CDN,East US,Data Science,12.15,27.94
2025-12-26,Azure,CDN,Southeast Asia,Engineering,10.97,28.58
2025-12-26,Azure,Functions,Central India,QA,8.64,21.8
2025-12-26,Azure,Functions,Southeast Asia,QA,12.35,28.74
2025-12-26,Azure,SQL Database,East US,QA,36.96,123.11
2025-12-26,Azure,SQL Database,Central India,DevOps,47.59,179.85
2025-12-26,Azure,Virtual Machines,East US,DevOps,63.88,96.6
2025-12-26,Azure,Virtual Machines,West Europe,QA,70.5,221.55
2025-12-26,Azure,Virtual Machines,Central India,Data Science,39.31,120.86
2025-12-26,Azure,Virtual Machines,Southeast Asia,Marketing,43.57,79.09
2025-12-26,GCP,BigQuery,us-central1,QA,30.67,101.02
2025-12-26,GCP,BigQuery,europe-west1,DevOps,15.4,22.1
2025-12-26,GCP,Cloud CDN,us-central1,Finance,18.94,47.26
2025-12-26,GCP,Cloud Functions,us-central1,DevOps,29.57,27.45
2025-12-26,GCP,Cloud Functions,asia-south1,Finance,6.1,15.92
2025-12-26,GCP,Cloud Storage,us-central1,DevOps,9.53,31.68
2025-12-26,GCP,Cloud Storage,europe-west1,DevOps,7.31,28.59
2025-12-26,GCP,Cloud Storage,asia-south1,DevOps,17.15,36.54
2025-12-26,GCP,Compute Engine,us-central1,Finance,42.96,91.41
2025-12-26,GCP,Compute Engine,europe-west1,Finance,97.72,216.46
2025-12-26,GCP,Compute Engine,asia-south1,Marketing,68.74,173.16
2025-12-27,AWS,CloudFront,eu-west-1,QA,14.7,49.98
2025-12-27,AWS,EBS,us-west-2,Engineering,14.39,27.7
2025-12-27,AWS,EBS,eu-west-1,Engineering,16.52,32.19
2025-12-27,AWS,EBS,ap-south-1,Finance,10.62,43.25
2025-12-27,AWS,EC2,us-east-1,DevOps,49.26,151.31
2025-12-27,AWS,EC2,us-west-2,Marketing,49.88,142.68
2025-12-27,AWS,EC2,eu-west-1,Finance,48.73,115.7
2025-12-27,AWS,Lambda,us-west-2,DevOps,4.92,8.45
2025-12-27,AWS,Lambda,eu-west-1,QA,4.66,12.53
2025-12-27,AWS,Lambda,ap-south-1,Marketing,4.86,7.97
2025-12-27,AWS,RDS,us-east-1,Engineering,27.36,91.78
2025-12-27,AWS,RDS,us-west-2,Finance,43.35,166.66
2025-12-27,AWS,RDS,eu-west-1,QA,41.26,141.08
2025-12-27,AWS,RDS,ap-south-1,Engineering,54.66,78.46
2025-12-27,AWS,S3,us-east-1,DevOps,8.74,17.95
2025-12-27,AWS,S3,us-west-2,Marketing,8.08,29.13
2025-12-27,AWS,S3,eu-west-1,Engineering,7.35,30.59
2025-12-27,AWS,S3,ap-south-1,QA,13.19,31.14
2025-12-27,Azure,Blob Storage,East US,DevOps,14.52,53.58
2025-12-27,Azure,Blob Storage,West Europe,Engineering,10.81,26.39
2025-12-27,Azure,Blob Storage,Southeast Asia,Engineering,16.88,56.33
2025-12-27,Azure,CDN,East US,Data Science,10.83,22.62
2025-12-27,Azure,CDN,Southeast Asia,Engineering,9.64,23.36
2025-12-27,Azure,Functions,Central India,QA,9.18,22.54
2025-12-27,Azure,Functions,Southeast Asia,QA,10.47,24.14
2025-12-27,Azure,SQL Database,East US,QA,36.5,113.18
2025-12-27,Azure,SQL Database,Central India,DevOps,48.93,184.91
2025-12-27,Azure,Virtual Machines,East US,DevOps,65.01,97.2
2025-12-27,Azure,Virtual Machines,West Europe,QA,69.67,226.91
2025-12-27,Azure,Virtual Machines,Central India,Data Science,51.85,152.88
2025-12-27,Azure,Virtual Machines,Southeast Asia,Marketing,44.02,82.74
2025-12-27,GCP,BigQuery,us-central1,QA,29.17,83.29
2025-12-27,GCP,BigQuery,europe-west1,DevOps,18.0,25.16
2025-12-27,GCP,Cloud CDN,us-central1,Finance,23.18,62.4
2025-12-27,GCP,Cloud Functions,us-central1,DevOps,10.12,26.62
2025-12-27,GCP,Cloud Functions,asia-south1,Finance,5.18,12.94
2025-12-27,GCP,Cloud Storage,us-central1,DevOps,9.56,32.55
2025-12-27,GCP,Cloud Storage,europe-west1,DevOps,7.63,27.24
2025-12-27,GCP,Cloud Storage,asia-south1,DevOps,14.59,30.59
2025-12-27,GCP,Compute Engine,us-central1,Finance,46.28,96.06
2025-12-27,GCP,Compute Engine,europe-west1,Finance,85.69,159.99
2025-12-27,GCP,Compute Engine,asia-south1,Marketing,67.06,167.73
2025-12-28,AWS,CloudFront,eu-west-1,QA,14.01,50.36
2025-12-28,AWS,EBS,us-west-2,Engineering,13.87,24.3
2025-12-28,AWS,EBS,eu-west-1,Engineering,14.74,28.25
2025-12-28,AWS,EBS,ap-south-1,Finance,9.7,33.76
2025-12-28,AWS,EC2,us-east-1,DevOps,57.7,159.04
2025-12-28,AWS,EC2,us-west-2,Marketing,51.65,136.85
2025-12-28,AWS,EC2,eu-west-1,Finance,44.19,116.58
2025-12-28,AWS,Lambda,us-west-2,DevOps,4.81,8.06
2025-12-28,AWS,Lambda,eu-west-1,QA,6.09,17.43
2025-12-28,AWS,Lambda,ap-south-1,Marketing,5.34,7.59
2025-12-28,AWS,RDS,us-east-1,Engineering,33.85,105.85
2025-12-28,AWS,RDS,us-west-2,Finance,48.02,179.4
2025-12-28,AWS,RDS,eu-west-1,QA,39.99,130.23
2025-12-28,AWS,RDS,ap-south-1,Engineering,50.21,73.4
2025-12-28,AWS,S3,us-east-1,DevOps,9.44,19.7
2025-12-28,AWS,S3,us-west-2,Marketing,6.79,24.51
2025-12-28,AWS,S3,eu-west-1,Engineering,6.88,23.74
2025-12-28,AWS,S3,ap-south-1,QA,13.99,31.96
2025-12-28,Azure,Blob Storage,East US,DevOps,14.52,52.53
2025-12-28,Azure,Blob Storage,West Europe,Engineering,10.92,25.5
2025-12-28,Azure,Blob Storage,Southeast Asia,Engineering,16.23,62.39
2025-12-28,Azure,CDN,East US,Data Science,12.61,29.65
2025-12-28,Azure,CDN,Southeast Asia,Engineering,9.05,24.17
2025-12-28,Azure,Functions,Central India,QA,9.06,22.46
2025-12-28,Azure,Functions,Southeast Asia,QA,10.76,25.29
2025-12-28,Azure,SQL Database,East US,QA,34.2,110.62
2025-12-28,Azure,SQL Database,Central India,DevOps,43.34,136.7
2025-12-28,Azure,Virtual Machines,East US,DevOps,49.46,72.57
2025-12-28,Azure,Virtual Machines,West Europe,QA,71.53,231.56
2025-12-28,Azure,Virtual Machines,Central India,Data Science,48.63,160.6
2025-12-28,Azure,Virtual Machines,Southeast Asia,Marketing,45.0,90.32
2025-12-28,GCP,BigQuery,us-central1,QA,33.68,95.23
2025-12-28,GCP,BigQuery,europe-west1,DevOps,15.76,23.14
2025-12-28,GCP,Cloud CDN,us-central1,Finance,21.21,56.33
2025-12-28,GCP,Cloud Functions,us-central1,DevOps,11.53,26.22
2025-12-28,GCP,Cloud Functions,asia-south1,Finance,6.39,17.9
2025-12-28,GCP,Cloud Storage,us-central1,DevOps,11.98,45.67
2025-12-28,GCP,Cloud Storage,europe-west1,DevOps,7.56,26.63
2025-12-28,GCP,Cloud Storage,asia-south1,DevOps,13.75,25.52
2025-12-28,GCP,Compute Engine,us-central1,Finance,52.26,109.73
2025-12-28,GCP,Compute Engine,europe-west1,Finance,77.17,165.23
2025-12-28,GCP,Compute Engine,asia-south1,Marketing,81.64,173.74
2025-12-29,AWS,CloudFront,eu-west-1,QA,14.48,48.29
2025-12-29,AWS,EBS,us-west-2,Engineering,13.18,25.01
2025-12-29,AWS,EBS,eu-west-1,Engineering,15.23,31.26
2025-12-29,AWS,EBS,ap-south-1,Finance,11.36,41.49
2025-12-29,AWS,EC2,us-east-1,DevOps,51.42,159.25
2025-12-29,AWS,EC2,us-west-2,Marketing,54.68,155.65
2025-12-29,AWS,EC2,eu-west-1,Finance,46.5,121.41
2025-12-29,AWS,Lambda,us-west-2,DevOps,4.25,7.12
2025-12-29,AWS,Lambda,eu-west-1,QA,5.69,13.97
2025-12-29,AWS,Lambda,ap-south-1,Marketing,5.44,8.29
2025-12-29,AWS,RDS,us-east-1,Engineering,31.4,92.76
2025-12-29,AWS,RDS,us-west-2,Finance,51.59,192.33
2025-12-29,AWS,RDS,eu-west-1,QA,39.03,134.58
2025-12-29,AWS,RDS,ap-south-1,Engineering,55.99,84.51
2025-12-29,AWS,S3,us-east-1,DevOps,8.72,17.61
2025-12-29,AWS,S3,us-west-2,Marketing,8.05,26.46
2025-12-29,AWS,S3,eu-west-1,Engineering,7.45,27.41
2025-12-29,AWS,S3,ap-south-1,QA,14.59,36.9
2025-12-29,Azure,Blob Storage,East US,DevOps,13.2,51.09
2025-12-29,Azure,Blob Storage,West Europe,Engineering,10.62,28.55
2025-12-29,Azure,Blob Storage,Southeast Asia,Engineering,16.38,53.86
2025-12-29,Azure,CDN,East US,Data Science,12.24,24.7
2025-12-29,Azure,CDN,Southeast Asia,Engineering,10.15,26.53
2025-12-29,Azure,Functions,Central India,QA,8.75,19.17
2025-12-29,Azure,Functions,Southeast Asia,QA,11.27,28.87
2025-12-29,Azure,SQL Database,East US,QA,36.51,126.42
2025-12-29,Azure,SQL Database,Central India,DevOps,46.84,159.42
2025-12-29,Azure,Virtual Machines,East US,DevOps,65.88,101.21
2025-12-29,Azure,Virtual Machines,West Europe,QA,66.92,243.92
2025-12-29,Azure,Virtual Machines,Central India,Data Science,48.48,156.8
2025-12-29,Azure,Virtual Machines,Southeast Asia,Marketing,50.72,99.65
2025-12-29,GCP,BigQuery,us-central1,QA,27.05,89.7
2025-12-29,GCP,BigQuery,europe-west1,DevOps,16.94,25.59
2025-12-29,GCP,Cloud CDN,us-central1,Finance,19.62,59.12
2025-12-29,GCP,Cloud Functions,us-central1,DevOps,9.27,20.72
2025-12-29,GCP,Cloud Functions,asia-south1,Finance,6.75,15.6
2025-12-29,GCP,Cloud Storage,us-central1,DevOps,9.96,32.58
2025-12-29,GCP,Cloud Storage,europe-west1,DevOps,6.44,22.18
2025-12-29,GCP,Cloud Storage,asia-south1,DevOps,16.91,35.8
2025-12-29,GCP,Compute Engine,us-central1,Finance,47.18,105.33
2025-12-29,GCP,Compute Engine,europe-west1,Finance,86.53,165.4
2025-12-29,GCP,Compute Engine,asia-south1,Marketing,64.83,141.32
2025-12-30,AWS,CloudFront,eu-west-1,QA,14.26,52.78
2025-12-30,AWS,EBS,us-west-2,Engineering,15.03,26.56
2025-12-30,AWS,EBS,eu-west-1,Engineering,12.95,27.21
2025-12-30,AWS,EBS,ap-south-1,Finance,10.29,37.71
2025-12-30,AWS,EC2,us-east-1,DevOps,46.8,139.89
2025-12-30,AWS,EC2,us-west-2,Marketing,48.66,115.98
2025-12-30,AWS,EC2,eu-west-1,Finance,42.67,101.24
2025-12-30,AWS,Lambda,us-west-2,DevOps,4.21,6.48
2025-12-30,AWS,Lambda,eu-west-1,QA,5.84,14.8
2025-12-30,AWS,Lambda,ap-south-1,Marketing,4.62,7.0
2025-12-30,AWS,RDS,us-east-1,Engineering,29.69,99.31
2025-12-30,AWS,RDS,us-west-2,Finance,51.52,179.75
2025-12-30,AWS,RDS,eu-west-1,QA,34.91,102.46
2025-12-30,AWS,RDS,ap-south-1,Engineering,54.14,83.62
2025-12-30,AWS,S3,us-east-1,DevOps,9.04,17.73
2025-12-30,AWS,S3,us-west-2,Marketing,8.93,31.59
2025-12-30,AWS,S3,eu-west-1,Engineering,6.6,24.93
2025-12-30,AWS,S3,ap-south-1,QA,12.94,29.4
2025-12-30,Azure,Blob Storage,East US,DevOps,14.2,53.5
2025-12-30,Azure,Blob Storage,West Europe,Engineering,11.43,30.99
2025-12-30,Azure,Blob Storage,Southeast Asia,Engineering,16.9,58.39
2025-12-30,Azure,CDN,East US,Data Science,14.82,30.53
2025-12-30,Azure,CDN,Southeast Asia,Engineering,10.55,27.78
2025-12-30,Azure,Functions,Central India,QA,10.39,24.06
2025-12-30,Azure,Functions,Southeast Asia,QA,11.78,27.83
2025-12-30,Azure,SQL Database,East US,QA,35.93,125.51
2025-12-30,Azure,SQL Database,Central India,DevOps,46.85,148.35
2025-12-30,Azure,Virtual Machines,East US,DevOps,69.67,114.0
2025-12-30,Azure,Virtual Machines,West Europe,QA,72.06,256.26
2025-12-30,Azure,Virtual Machines,Central India,Data Science,46.38,155.99
2025-12-30,Azure,Virtual Machines,Southeast Asia,Marketing,44.33,88.64
2025-12-30,GCP,BigQuery,us-central1,QA,28.08,88.98
2025-12-30,GCP,BigQuery,europe-west1,DevOps,16.14,24.49
2025-12-30,GCP,Cloud CDN,us-central1,Finance,20.45,59.41
2025-12-30,GCP,Cloud Functions,us-central1,DevOps,10.96,24.64
2025-12-30,GCP,Cloud Functions,asia-south1,Finance,6.47,17.63
2025-12-30,GCP,Cloud Storage,us-central1,DevOps,11.32,44.87
2025-12-30,GCP,Cloud Storage,europe-west1,DevOps,6.77,25.51
2025-12-30,GCP,Cloud Storage,asia-south1,DevOps,14.12,26.53
2025-12-30,GCP,Compute Engine,us-central1,Finance,41.68,89.34
2025-12-30,GCP,Compute Engine,europe-west1,Finance,88.51,175.54
2025-12-30,GCP,Compute Engine,asia-south1,Marketing,76.23,176.92
2025-12-31,AWS,CloudFront,eu-west-1,QA,14.52,48.01
2025-12-31,AWS,EBS,us-west-2,Engineering,13.26,23.18
2025-12-31,AWS,EBS,eu-west-1,Engineering,14.05,26.1
2025-12-31,AWS,EBS,ap-south-1,Finance,11.6,41.22
2025-12-31,AWS,EC2,us-east-1,DevOps,52.99,143.21
2025-12-31,AWS,EC2,us-west-2,Marketing,45.91,118.24
2025-12-31,AWS,EC2,eu-west-1,Finance,50.66,122.63
2025-12-31,AWS,Lambda,us-west-2,DevOps,5.0,7.88
2025-12-31,AWS,Lambda,eu-west-1,QA,5.22,13.69
2025-12-31,AWS,Lambda,ap-south-1,Marketing,4.93,8.35
2025-12-31,AWS,RDS,us-east-1,Engineering,31.92,100.95
2025-12-31,AWS,RDS,us-west-2,Finance,42.74,152.54
2025-12-31,AWS,RDS,eu-west-1,QA,44.22,128.64
2025-12-31,AWS,RDS,ap-south-1,Engineering,51.79,75.13
2025-12-31,AWS,S3,us-east-1,DevOps,8.16,16.28
2025-12-31,AWS,S3,us-west-2,Marketing,8.61,29.71
2025-12-31,AWS,S3,eu-west-1,Engineering,7.07,26.8
2025-12-31,AWS,S3,ap-south-1,QA,14.48,35.39
2025-12-31,Azure,Blob Storage,East US,DevOps,13.12,49.14
2025-12-31,Azure,Blob Storage,West Europe,Engineering,10.09,25.45
2025-12-31,Azure,Blob Storage,Southeast Asia,Engineering,18.92,70.27
2025-12-31,Azure,CDN,East US,Data Science,13.4,32.08
2025-12-31,Azure,CDN,Southeast Asia,Engineering,8.83,25.23
2025-12-31,Azure,Functions,Central India,QA,8.55,22.59
2025-12-31,Azure,Functions,Southeast Asia,QA,11.28,27.14
2025-12-31,Azure,SQL Database,East US,QA,39.5,123.07
2025-12-31,Azure,SQL Database,Central India,DevOps,55.84,186.44
2025-12-31,Azure,Virtual Machines,East US,DevOps,56.07,92.82
2025-12-31,Azure,Virtual Machines,West Europe,QA,69.25,224.85
2025-12-31,Azure,Virtual Machines,Central India,Data Science,49.02,163.9
2025-12-31,Azure,Virtual Machines,Southeast Asia,Marketing,48.79,98.46
2025-12-31,GCP,BigQuery,us-central1,QA,32.19,105.4
2025-12-31,GCP,BigQuery,europe-west1,DevOps,16.2,25.32
2025-12-31,GCP,Cloud CDN,us-central1,Finance,21.08,60.44
2025-12-31,GCP,Cloud Functions,us-central1,DevOps,10.48,26.36
2025-12-31,GCP,Cloud Functions,asia-south1,Finance,6.18,15.08
2025-12-31,GCP,Cloud Storage,us-central1,DevOps,9.73,33.06
2025-12-31,GCP,Cloud Storage,europe-west1,DevOps,7.19,28.97
2025-12-31,GCP,Cloud Storage,asia-south1,DevOps,18.73,37.86
2025-12-31,GCP,Compute Engine,us-central1,Finance,53.89,120.31
2025-12-31,GCP,Compute Engine,europe-west1,Finance,96.48,210.7
2025-12-31,GCP,Compute Engine,asia-south1,Marketing,73.71,160.26
